Timing Analyzer report for top
Sat Mar 15 15:01:20 2025
Quartus Prime Version 18.1.0 Build 625 09/12/2018 SJ Lite Edition


---------------------
; Table of Contents ;
---------------------
  1. Legal Notice
  2. Timing Analyzer Summary
  3. Parallel Compilation
  4. SDC File List
  5. Clocks
  6. Slow 1200mV 85C Model Fmax Summary
  7. Slow 1200mV 85C Model Setup Summary
  8. Slow 1200mV 85C Model Hold Summary
  9. Slow 1200mV 85C Model Recovery Summary
 10. Slow 1200mV 85C Model Removal Summary
 11. Slow 1200mV 85C Model Minimum Pulse Width Summary
 12. Slow 1200mV 85C Model Metastability Summary
 13. Slow 1200mV 0C Model Fmax Summary
 14. Slow 1200mV 0C Model Setup Summary
 15. Slow 1200mV 0C Model Hold Summary
 16. Slow 1200mV 0C Model Recovery Summary
 17. Slow 1200mV 0C Model Removal Summary
 18. Slow 1200mV 0C Model Minimum Pulse Width Summary
 19. Slow 1200mV 0C Model Metastability Summary
 20. Fast 1200mV 0C Model Setup Summary
 21. Fast 1200mV 0C Model Hold Summary
 22. Fast 1200mV 0C Model Recovery Summary
 23. Fast 1200mV 0C Model Removal Summary
 24. Fast 1200mV 0C Model Minimum Pulse Width Summary
 25. Fast 1200mV 0C Model Metastability Summary
 26. Multicorner Timing Analysis Summary
 27. Board Trace Model Assignments
 28. Input Transition Times
 29. Signal Integrity Metrics (Slow 1200mv 0c Model)
 30. Signal Integrity Metrics (Slow 1200mv 85c Model)
 31. Signal Integrity Metrics (Fast 1200mv 0c Model)
 32. Setup Transfers
 33. Hold Transfers
 34. Report TCCS
 35. Report RSKM
 36. Unconstrained Paths Summary
 37. Clock Status Summary
 38. Unconstrained Input Ports
 39. Unconstrained Output Ports
 40. Unconstrained Input Ports
 41. Unconstrained Output Ports
 42. Timing Analyzer Messages



----------------
; Legal Notice ;
----------------
Copyright (C) 2018  Intel Corporation. All rights reserved.
Your use of Intel Corporation's design tools, logic functions 
and other software and tools, and its AMPP partner logic 
functions, and any output files from any of the foregoing 
(including device programming or simulation files), and any 
associated documentation or information are expressly subject 
to the terms and conditions of the Intel Program License 
Subscription Agreement, the Intel Quartus Prime License Agreement,
the Intel FPGA IP License Agreement, or other applicable license
agreement, including, without limitation, that your use is for
the sole purpose of programming logic devices manufactured by
Intel and sold by Intel or its authorized distributors.  Please
refer to the applicable agreement for further details.



+-----------------------------------------------------------------------------+
; Timing Analyzer Summary                                                     ;
+-----------------------+-----------------------------------------------------+
; Quartus Prime Version ; Version 18.1.0 Build 625 09/12/2018 SJ Lite Edition ;
; Timing Analyzer       ; Legacy Timing Analyzer                              ;
; Revision Name         ; top                                                 ;
; Device Family         ; MAX 10                                              ;
; Device Name           ; 10M50DAF484C7G                                      ;
; Timing Models         ; Final                                               ;
; Delay Model           ; Combined                                            ;
; Rise/Fall Delays      ; Enabled                                             ;
+-----------------------+-----------------------------------------------------+


+------------------------------------------+
; Parallel Compilation                     ;
+----------------------------+-------------+
; Processors                 ; Number      ;
+----------------------------+-------------+
; Number detected on machine ; 12          ;
; Maximum allowed            ; 10          ;
;                            ;             ;
; Average used               ; 3.81        ;
; Maximum used               ; 10          ;
;                            ;             ;
; Usage by Processor         ; % Time Used ;
;     Processor 1            ; 100.0%      ;
;     Processor 2            ;  48.6%      ;
;     Processor 3            ;  47.9%      ;
;     Processor 4            ;  47.6%      ;
;     Processors 5-10        ;  22.9%      ;
+----------------------------+-------------+


+------------------------------------------------------------+
; SDC File List                                              ;
+------------------------+--------+--------------------------+
; SDC File Path          ; Status ; Read at                  ;
+------------------------+--------+--------------------------+
; ../../src/top_fpga.sdc ; OK     ; Sat Mar 15 15:01:16 2025 ;
+------------------------+--------+--------------------------+


+------------------------------------------------------------------------------------------------------------------------------------------------------------------------------------+
; Clocks                                                                                                                                                                             ;
+------------+------+--------+------------+-------+-------+------------+-----------+-------------+-------+--------+-----------+------------+----------+--------+--------+------------+
; Clock Name ; Type ; Period ; Frequency  ; Rise  ; Fall  ; Duty Cycle ; Divide by ; Multiply by ; Phase ; Offset ; Edge List ; Edge Shift ; Inverted ; Master ; Source ; Targets    ;
+------------+------+--------+------------+-------+-------+------------+-----------+-------------+-------+--------+-----------+------------+----------+--------+--------+------------+
; KEY[1]     ; Base ; 1.000  ; 1000.0 MHz ; 0.000 ; 0.500 ;            ;           ;             ;       ;        ;           ;            ;          ;        ;        ; { KEY[1] } ;
+------------+------+--------+------------+-------+-------+------------+-----------+-------------+-------+--------+-----------+------------+----------+--------+--------+------------+


+-------------------------------------------------+
; Slow 1200mV 85C Model Fmax Summary              ;
+-----------+-----------------+------------+------+
; Fmax      ; Restricted Fmax ; Clock Name ; Note ;
+-----------+-----------------+------------+------+
; 58.56 MHz ; 58.56 MHz       ; KEY[1]     ;      ;
+-----------+-----------------+------------+------+
This panel reports FMAX for every clock in the design, regardless of the user-specified clock periods.  FMAX is only computed for paths where the source and destination registers or ports are driven by the same clock.  Paths of different clocks, including generated clocks, are ignored.  For paths between a clock and its inversion, FMAX is computed as if the rising and falling edges are scaled along with FMAX, such that the duty cycle (in terms of a percentage) is maintained. Altera recommends that you always use clock constraints and other slack reports for sign-off analysis.


+-------------------------------------+
; Slow 1200mV 85C Model Setup Summary ;
+--------+---------+------------------+
; Clock  ; Slack   ; End Point TNS    ;
+--------+---------+------------------+
; KEY[1] ; -16.076 ; -53647.416       ;
+--------+---------+------------------+


+------------------------------------+
; Slow 1200mV 85C Model Hold Summary ;
+--------+-------+-------------------+
; Clock  ; Slack ; End Point TNS     ;
+--------+-------+-------------------+
; KEY[1] ; 0.930 ; 0.000             ;
+--------+-------+-------------------+


------------------------------------------
; Slow 1200mV 85C Model Recovery Summary ;
------------------------------------------
No paths to report.


-----------------------------------------
; Slow 1200mV 85C Model Removal Summary ;
-----------------------------------------
No paths to report.


+---------------------------------------------------+
; Slow 1200mV 85C Model Minimum Pulse Width Summary ;
+--------+--------+---------------------------------+
; Clock  ; Slack  ; End Point TNS                   ;
+--------+--------+---------------------------------+
; KEY[1] ; -3.000 ; -5985.392                       ;
+--------+--------+---------------------------------+


-----------------------------------------------
; Slow 1200mV 85C Model Metastability Summary ;
-----------------------------------------------
No synchronizer chains to report.


+-------------------------------------------------+
; Slow 1200mV 0C Model Fmax Summary               ;
+-----------+-----------------+------------+------+
; Fmax      ; Restricted Fmax ; Clock Name ; Note ;
+-----------+-----------------+------------+------+
; 63.37 MHz ; 63.37 MHz       ; KEY[1]     ;      ;
+-----------+-----------------+------------+------+
This panel reports FMAX for every clock in the design, regardless of the user-specified clock periods.  FMAX is only computed for paths where the source and destination registers or ports are driven by the same clock.  Paths of different clocks, including generated clocks, are ignored.  For paths between a clock and its inversion, FMAX is computed as if the rising and falling edges are scaled along with FMAX, such that the duty cycle (in terms of a percentage) is maintained. Altera recommends that you always use clock constraints and other slack reports for sign-off analysis.


+------------------------------------+
; Slow 1200mV 0C Model Setup Summary ;
+--------+---------+-----------------+
; Clock  ; Slack   ; End Point TNS   ;
+--------+---------+-----------------+
; KEY[1] ; -14.781 ; -48978.131      ;
+--------+---------+-----------------+


+-----------------------------------+
; Slow 1200mV 0C Model Hold Summary ;
+--------+-------+------------------+
; Clock  ; Slack ; End Point TNS    ;
+--------+-------+------------------+
; KEY[1] ; 0.855 ; 0.000            ;
+--------+-------+------------------+


-----------------------------------------
; Slow 1200mV 0C Model Recovery Summary ;
-----------------------------------------
No paths to report.


----------------------------------------
; Slow 1200mV 0C Model Removal Summary ;
----------------------------------------
No paths to report.


+--------------------------------------------------+
; Slow 1200mV 0C Model Minimum Pulse Width Summary ;
+--------+--------+--------------------------------+
; Clock  ; Slack  ; End Point TNS                  ;
+--------+--------+--------------------------------+
; KEY[1] ; -3.000 ; -5985.392                      ;
+--------+--------+--------------------------------+


----------------------------------------------
; Slow 1200mV 0C Model Metastability Summary ;
----------------------------------------------
No synchronizer chains to report.


+------------------------------------+
; Fast 1200mV 0C Model Setup Summary ;
+--------+--------+------------------+
; Clock  ; Slack  ; End Point TNS    ;
+--------+--------+------------------+
; KEY[1] ; -6.610 ; -21034.160       ;
+--------+--------+------------------+


+-----------------------------------+
; Fast 1200mV 0C Model Hold Summary ;
+--------+-------+------------------+
; Clock  ; Slack ; End Point TNS    ;
+--------+-------+------------------+
; KEY[1] ; 0.377 ; 0.000            ;
+--------+-------+------------------+


-----------------------------------------
; Fast 1200mV 0C Model Recovery Summary ;
-----------------------------------------
No paths to report.


----------------------------------------
; Fast 1200mV 0C Model Removal Summary ;
----------------------------------------
No paths to report.


+--------------------------------------------------+
; Fast 1200mV 0C Model Minimum Pulse Width Summary ;
+--------+--------+--------------------------------+
; Clock  ; Slack  ; End Point TNS                  ;
+--------+--------+--------------------------------+
; KEY[1] ; -3.000 ; -4878.994                      ;
+--------+--------+--------------------------------+


----------------------------------------------
; Fast 1200mV 0C Model Metastability Summary ;
----------------------------------------------
No synchronizer chains to report.


+----------------------------------------------------------------------------------+
; Multicorner Timing Analysis Summary                                              ;
+------------------+------------+-------+----------+---------+---------------------+
; Clock            ; Setup      ; Hold  ; Recovery ; Removal ; Minimum Pulse Width ;
+------------------+------------+-------+----------+---------+---------------------+
; Worst-case Slack ; -16.076    ; 0.377 ; N/A      ; N/A     ; -3.000              ;
;  KEY[1]          ; -16.076    ; 0.377 ; N/A      ; N/A     ; -3.000              ;
; Design-wide TNS  ; -53647.416 ; 0.0   ; 0.0      ; 0.0     ; -5985.392           ;
;  KEY[1]          ; -53647.416 ; 0.000 ; N/A      ; N/A     ; -5985.392           ;
+------------------+------------+-------+----------+---------+---------------------+


+-----------------------------------------------------------------------------------------------------------------------------------------------------------------------------------------------------------------------------------------------------------------------------------------------------------------------------------------------------------------------------------------------------------------+
; Board Trace Model Assignments                                                                                                                                                                                                                                                                                                                                                                                   ;
+--------------+--------------+-------------------+-------------------------+-------------------------+---------------+---------------------+----------------+------------------+--------+------------------+------------------------+------------------------+--------------+---------------+-----------------+-------+---------------------+--------------------+---------------+-----------------+-------------+
; Pin          ; I/O Standard ; Near Tline Length ; Near Tline L per Length ; Near Tline C per Length ; Near Series R ; Near Differential R ; Near Pull-up R ; Near Pull-down R ; Near C ; Far Tline Length ; Far Tline L per Length ; Far Tline C per Length ; Far Series R ; Far Pull-up R ; Far Pull-down R ; Far C ; Termination Voltage ; Far Differential R ; EBD File Name ; EBD Signal Name ; EBD Far-end ;
+--------------+--------------+-------------------+-------------------------+-------------------------+---------------+---------------------+----------------+------------------+--------+------------------+------------------------+------------------------+--------------+---------------+-----------------+-------+---------------------+--------------------+---------------+-----------------+-------------+
; HEX0[6]      ; 2.5 V        ; 0 in              ; 0 H/in                  ; 0 F/in                  ; short         ; -                   ; open           ; open             ; open   ; 0 in             ; 0 H/in                 ; 0 F/in                 ; short        ; open          ; open            ; open  ; 0 V                 ; -                  ; n/a           ; n/a             ; n/a         ;
; HEX0[5]      ; 2.5 V        ; 0 in              ; 0 H/in                  ; 0 F/in                  ; short         ; -                   ; open           ; open             ; open   ; 0 in             ; 0 H/in                 ; 0 F/in                 ; short        ; open          ; open            ; open  ; 0 V                 ; -                  ; n/a           ; n/a             ; n/a         ;
; HEX0[4]      ; 2.5 V        ; 0 in              ; 0 H/in                  ; 0 F/in                  ; short         ; -                   ; open           ; open             ; open   ; 0 in             ; 0 H/in                 ; 0 F/in                 ; short        ; open          ; open            ; open  ; 0 V                 ; -                  ; n/a           ; n/a             ; n/a         ;
; HEX0[3]      ; 2.5 V        ; 0 in              ; 0 H/in                  ; 0 F/in                  ; short         ; -                   ; open           ; open             ; open   ; 0 in             ; 0 H/in                 ; 0 F/in                 ; short        ; open          ; open            ; open  ; 0 V                 ; -                  ; n/a           ; n/a             ; n/a         ;
; HEX0[2]      ; 2.5 V        ; 0 in              ; 0 H/in                  ; 0 F/in                  ; short         ; -                   ; open           ; open             ; open   ; 0 in             ; 0 H/in                 ; 0 F/in                 ; short        ; open          ; open            ; open  ; 0 V                 ; -                  ; n/a           ; n/a             ; n/a         ;
; HEX0[1]      ; 2.5 V        ; 0 in              ; 0 H/in                  ; 0 F/in                  ; short         ; -                   ; open           ; open             ; open   ; 0 in             ; 0 H/in                 ; 0 F/in                 ; short        ; open          ; open            ; open  ; 0 V                 ; -                  ; n/a           ; n/a             ; n/a         ;
; HEX0[0]      ; 2.5 V        ; 0 in              ; 0 H/in                  ; 0 F/in                  ; short         ; -                   ; open           ; open             ; open   ; 0 in             ; 0 H/in                 ; 0 F/in                 ; short        ; open          ; open            ; open  ; 0 V                 ; -                  ; n/a           ; n/a             ; n/a         ;
; HEX1[6]      ; 2.5 V        ; 0 in              ; 0 H/in                  ; 0 F/in                  ; short         ; -                   ; open           ; open             ; open   ; 0 in             ; 0 H/in                 ; 0 F/in                 ; short        ; open          ; open            ; open  ; 0 V                 ; -                  ; n/a           ; n/a             ; n/a         ;
; HEX1[5]      ; 2.5 V        ; 0 in              ; 0 H/in                  ; 0 F/in                  ; short         ; -                   ; open           ; open             ; open   ; 0 in             ; 0 H/in                 ; 0 F/in                 ; short        ; open          ; open            ; open  ; 0 V                 ; -                  ; n/a           ; n/a             ; n/a         ;
; HEX1[4]      ; 2.5 V        ; 0 in              ; 0 H/in                  ; 0 F/in                  ; short         ; -                   ; open           ; open             ; open   ; 0 in             ; 0 H/in                 ; 0 F/in                 ; short        ; open          ; open            ; open  ; 0 V                 ; -                  ; n/a           ; n/a             ; n/a         ;
; HEX1[3]      ; 2.5 V        ; 0 in              ; 0 H/in                  ; 0 F/in                  ; short         ; -                   ; open           ; open             ; open   ; 0 in             ; 0 H/in                 ; 0 F/in                 ; short        ; open          ; open            ; open  ; 0 V                 ; -                  ; n/a           ; n/a             ; n/a         ;
; HEX1[2]      ; 2.5 V        ; 0 in              ; 0 H/in                  ; 0 F/in                  ; short         ; -                   ; open           ; open             ; open   ; 0 in             ; 0 H/in                 ; 0 F/in                 ; short        ; open          ; open            ; open  ; 0 V                 ; -                  ; n/a           ; n/a             ; n/a         ;
; HEX1[1]      ; 2.5 V        ; 0 in              ; 0 H/in                  ; 0 F/in                  ; short         ; -                   ; open           ; open             ; open   ; 0 in             ; 0 H/in                 ; 0 F/in                 ; short        ; open          ; open            ; open  ; 0 V                 ; -                  ; n/a           ; n/a             ; n/a         ;
; HEX1[0]      ; 2.5 V        ; 0 in              ; 0 H/in                  ; 0 F/in                  ; short         ; -                   ; open           ; open             ; open   ; 0 in             ; 0 H/in                 ; 0 F/in                 ; short        ; open          ; open            ; open  ; 0 V                 ; -                  ; n/a           ; n/a             ; n/a         ;
; HEX2[6]      ; 2.5 V        ; 0 in              ; 0 H/in                  ; 0 F/in                  ; short         ; -                   ; open           ; open             ; open   ; 0 in             ; 0 H/in                 ; 0 F/in                 ; short        ; open          ; open            ; open  ; 0 V                 ; -                  ; n/a           ; n/a             ; n/a         ;
; HEX2[5]      ; 2.5 V        ; 0 in              ; 0 H/in                  ; 0 F/in                  ; short         ; -                   ; open           ; open             ; open   ; 0 in             ; 0 H/in                 ; 0 F/in                 ; short        ; open          ; open            ; open  ; 0 V                 ; -                  ; n/a           ; n/a             ; n/a         ;
; HEX2[4]      ; 2.5 V        ; 0 in              ; 0 H/in                  ; 0 F/in                  ; short         ; -                   ; open           ; open             ; open   ; 0 in             ; 0 H/in                 ; 0 F/in                 ; short        ; open          ; open            ; open  ; 0 V                 ; -                  ; n/a           ; n/a             ; n/a         ;
; HEX2[3]      ; 2.5 V        ; 0 in              ; 0 H/in                  ; 0 F/in                  ; short         ; -                   ; open           ; open             ; open   ; 0 in             ; 0 H/in                 ; 0 F/in                 ; short        ; open          ; open            ; open  ; 0 V                 ; -                  ; n/a           ; n/a             ; n/a         ;
; HEX2[2]      ; 2.5 V        ; 0 in              ; 0 H/in                  ; 0 F/in                  ; short         ; -                   ; open           ; open             ; open   ; 0 in             ; 0 H/in                 ; 0 F/in                 ; short        ; open          ; open            ; open  ; 0 V                 ; -                  ; n/a           ; n/a             ; n/a         ;
; HEX2[1]      ; 2.5 V        ; 0 in              ; 0 H/in                  ; 0 F/in                  ; short         ; -                   ; open           ; open             ; open   ; 0 in             ; 0 H/in                 ; 0 F/in                 ; short        ; open          ; open            ; open  ; 0 V                 ; -                  ; n/a           ; n/a             ; n/a         ;
; HEX2[0]      ; 2.5 V        ; 0 in              ; 0 H/in                  ; 0 F/in                  ; short         ; -                   ; open           ; open             ; open   ; 0 in             ; 0 H/in                 ; 0 F/in                 ; short        ; open          ; open            ; open  ; 0 V                 ; -                  ; n/a           ; n/a             ; n/a         ;
; HEX3[6]      ; 2.5 V        ; 0 in              ; 0 H/in                  ; 0 F/in                  ; short         ; -                   ; open           ; open             ; open   ; 0 in             ; 0 H/in                 ; 0 F/in                 ; short        ; open          ; open            ; open  ; 0 V                 ; -                  ; n/a           ; n/a             ; n/a         ;
; HEX3[5]      ; 2.5 V        ; 0 in              ; 0 H/in                  ; 0 F/in                  ; short         ; -                   ; open           ; open             ; open   ; 0 in             ; 0 H/in                 ; 0 F/in                 ; short        ; open          ; open            ; open  ; 0 V                 ; -                  ; n/a           ; n/a             ; n/a         ;
; HEX3[4]      ; 2.5 V        ; 0 in              ; 0 H/in                  ; 0 F/in                  ; short         ; -                   ; open           ; open             ; open   ; 0 in             ; 0 H/in                 ; 0 F/in                 ; short        ; open          ; open            ; open  ; 0 V                 ; -                  ; n/a           ; n/a             ; n/a         ;
; HEX3[3]      ; 2.5 V        ; 0 in              ; 0 H/in                  ; 0 F/in                  ; short         ; -                   ; open           ; open             ; open   ; 0 in             ; 0 H/in                 ; 0 F/in                 ; short        ; open          ; open            ; open  ; 0 V                 ; -                  ; n/a           ; n/a             ; n/a         ;
; HEX3[2]      ; 2.5 V        ; 0 in              ; 0 H/in                  ; 0 F/in                  ; short         ; -                   ; open           ; open             ; open   ; 0 in             ; 0 H/in                 ; 0 F/in                 ; short        ; open          ; open            ; open  ; 0 V                 ; -                  ; n/a           ; n/a             ; n/a         ;
; HEX3[1]      ; 2.5 V        ; 0 in              ; 0 H/in                  ; 0 F/in                  ; short         ; -                   ; open           ; open             ; open   ; 0 in             ; 0 H/in                 ; 0 F/in                 ; short        ; open          ; open            ; open  ; 0 V                 ; -                  ; n/a           ; n/a             ; n/a         ;
; HEX3[0]      ; 2.5 V        ; 0 in              ; 0 H/in                  ; 0 F/in                  ; short         ; -                   ; open           ; open             ; open   ; 0 in             ; 0 H/in                 ; 0 F/in                 ; short        ; open          ; open            ; open  ; 0 V                 ; -                  ; n/a           ; n/a             ; n/a         ;
; HEX4[6]      ; 2.5 V        ; 0 in              ; 0 H/in                  ; 0 F/in                  ; short         ; -                   ; open           ; open             ; open   ; 0 in             ; 0 H/in                 ; 0 F/in                 ; short        ; open          ; open            ; open  ; 0 V                 ; -                  ; n/a           ; n/a             ; n/a         ;
; HEX4[5]      ; 2.5 V        ; 0 in              ; 0 H/in                  ; 0 F/in                  ; short         ; -                   ; open           ; open             ; open   ; 0 in             ; 0 H/in                 ; 0 F/in                 ; short        ; open          ; open            ; open  ; 0 V                 ; -                  ; n/a           ; n/a             ; n/a         ;
; HEX4[4]      ; 2.5 V        ; 0 in              ; 0 H/in                  ; 0 F/in                  ; short         ; -                   ; open           ; open             ; open   ; 0 in             ; 0 H/in                 ; 0 F/in                 ; short        ; open          ; open            ; open  ; 0 V                 ; -                  ; n/a           ; n/a             ; n/a         ;
; HEX4[3]      ; 2.5 V        ; 0 in              ; 0 H/in                  ; 0 F/in                  ; short         ; -                   ; open           ; open             ; open   ; 0 in             ; 0 H/in                 ; 0 F/in                 ; short        ; open          ; open            ; open  ; 0 V                 ; -                  ; n/a           ; n/a             ; n/a         ;
; HEX4[2]      ; 2.5 V        ; 0 in              ; 0 H/in                  ; 0 F/in                  ; short         ; -                   ; open           ; open             ; open   ; 0 in             ; 0 H/in                 ; 0 F/in                 ; short        ; open          ; open            ; open  ; 0 V                 ; -                  ; n/a           ; n/a             ; n/a         ;
; HEX4[1]      ; 2.5 V        ; 0 in              ; 0 H/in                  ; 0 F/in                  ; short         ; -                   ; open           ; open             ; open   ; 0 in             ; 0 H/in                 ; 0 F/in                 ; short        ; open          ; open            ; open  ; 0 V                 ; -                  ; n/a           ; n/a             ; n/a         ;
; HEX4[0]      ; 2.5 V        ; 0 in              ; 0 H/in                  ; 0 F/in                  ; short         ; -                   ; open           ; open             ; open   ; 0 in             ; 0 H/in                 ; 0 F/in                 ; short        ; open          ; open            ; open  ; 0 V                 ; -                  ; n/a           ; n/a             ; n/a         ;
; HEX5[6]      ; 2.5 V        ; 0 in              ; 0 H/in                  ; 0 F/in                  ; short         ; -                   ; open           ; open             ; open   ; 0 in             ; 0 H/in                 ; 0 F/in                 ; short        ; open          ; open            ; open  ; 0 V                 ; -                  ; n/a           ; n/a             ; n/a         ;
; HEX5[5]      ; 2.5 V        ; 0 in              ; 0 H/in                  ; 0 F/in                  ; short         ; -                   ; open           ; open             ; open   ; 0 in             ; 0 H/in                 ; 0 F/in                 ; short        ; open          ; open            ; open  ; 0 V                 ; -                  ; n/a           ; n/a             ; n/a         ;
; HEX5[4]      ; 2.5 V        ; 0 in              ; 0 H/in                  ; 0 F/in                  ; short         ; -                   ; open           ; open             ; open   ; 0 in             ; 0 H/in                 ; 0 F/in                 ; short        ; open          ; open            ; open  ; 0 V                 ; -                  ; n/a           ; n/a             ; n/a         ;
; HEX5[3]      ; 2.5 V        ; 0 in              ; 0 H/in                  ; 0 F/in                  ; short         ; -                   ; open           ; open             ; open   ; 0 in             ; 0 H/in                 ; 0 F/in                 ; short        ; open          ; open            ; open  ; 0 V                 ; -                  ; n/a           ; n/a             ; n/a         ;
; HEX5[2]      ; 2.5 V        ; 0 in              ; 0 H/in                  ; 0 F/in                  ; short         ; -                   ; open           ; open             ; open   ; 0 in             ; 0 H/in                 ; 0 F/in                 ; short        ; open          ; open            ; open  ; 0 V                 ; -                  ; n/a           ; n/a             ; n/a         ;
; HEX5[1]      ; 2.5 V        ; 0 in              ; 0 H/in                  ; 0 F/in                  ; short         ; -                   ; open           ; open             ; open   ; 0 in             ; 0 H/in                 ; 0 F/in                 ; short        ; open          ; open            ; open  ; 0 V                 ; -                  ; n/a           ; n/a             ; n/a         ;
; HEX5[0]      ; 2.5 V        ; 0 in              ; 0 H/in                  ; 0 F/in                  ; short         ; -                   ; open           ; open             ; open   ; 0 in             ; 0 H/in                 ; 0 F/in                 ; short        ; open          ; open            ; open  ; 0 V                 ; -                  ; n/a           ; n/a             ; n/a         ;
; ~ALTERA_TDO~ ; 2.5 V        ; 0 in              ; 0 H/in                  ; 0 F/in                  ; short         ; -                   ; open           ; open             ; open   ; 0 in             ; 0 H/in                 ; 0 F/in                 ; short        ; open          ; open            ; open  ; 0 V                 ; -                  ; n/a           ; n/a             ; n/a         ;
+--------------+--------------+-------------------+-------------------------+-------------------------+---------------+---------------------+----------------+------------------+--------+------------------+------------------------+------------------------+--------------+---------------+-----------------+-------+---------------------+--------------------+---------------+-----------------+-------------+


+---------------------------------------------------------------------------------+
; Input Transition Times                                                          ;
+---------------------+-----------------------+-----------------+-----------------+
; Pin                 ; I/O Standard          ; 10-90 Rise Time ; 90-10 Fall Time ;
+---------------------+-----------------------+-----------------+-----------------+
; KEY[1]              ; 2.5 V                 ; 2000 ps         ; 2000 ps         ;
; KEY[0]              ; 2.5 V                 ; 2000 ps         ; 2000 ps         ;
; ~ALTERA_TMS~        ; 2.5 V Schmitt Trigger ; 2000 ps         ; 2000 ps         ;
; ~ALTERA_TCK~        ; 2.5 V Schmitt Trigger ; 2000 ps         ; 2000 ps         ;
; ~ALTERA_TDI~        ; 2.5 V Schmitt Trigger ; 2000 ps         ; 2000 ps         ;
; ~ALTERA_CONFIG_SEL~ ; 2.5 V                 ; 2000 ps         ; 2000 ps         ;
; ~ALTERA_nCONFIG~    ; 2.5 V Schmitt Trigger ; 2000 ps         ; 2000 ps         ;
; ~ALTERA_nSTATUS~    ; 2.5 V Schmitt Trigger ; 2000 ps         ; 2000 ps         ;
; ~ALTERA_CONF_DONE~  ; 2.5 V Schmitt Trigger ; 2000 ps         ; 2000 ps         ;
+---------------------+-----------------------+-----------------+-----------------+


+-------------------------------------------------------------------------------------------------------------------------------------------------------------------------------------------------------------------------------------------------------------------------------------------------------------------------------------------------------------------------------------------------------------------------------------------------------------------------------------------------------------------------------------------------------------------------------------------------------------------------------------------------------------------------------------------+
; Signal Integrity Metrics (Slow 1200mv 0c Model)                                                                                                                                                                                                                                                                                                                                                                                                                                                                                                                                                                                                                                           ;
+--------------+--------------+---------------------+---------------------+------------------------------+------------------------------+---------------------+---------------------+--------------------------------------+--------------------------------------+-----------------------------+-----------------------------+----------------------------+----------------------------+-----------------------------+-----------------------------+--------------------+--------------------+-------------------------------------+-------------------------------------+----------------------------+----------------------------+---------------------------+---------------------------+
; Pin          ; I/O Standard ; Board Delay on Rise ; Board Delay on Fall ; Steady State Voh at FPGA Pin ; Steady State Vol at FPGA Pin ; Voh Max at FPGA Pin ; Vol Min at FPGA Pin ; Ringback Voltage on Rise at FPGA Pin ; Ringback Voltage on Fall at FPGA Pin ; 10-90 Rise Time at FPGA Pin ; 90-10 Fall Time at FPGA Pin ; Monotonic Rise at FPGA Pin ; Monotonic Fall at FPGA Pin ; Steady State Voh at Far-end ; Steady State Vol at Far-end ; Voh Max at Far-end ; Vol Min at Far-end ; Ringback Voltage on Rise at Far-end ; Ringback Voltage on Fall at Far-end ; 10-90 Rise Time at Far-end ; 90-10 Fall Time at Far-end ; Monotonic Rise at Far-end ; Monotonic Fall at Far-end ;
+--------------+--------------+---------------------+---------------------+------------------------------+------------------------------+---------------------+---------------------+--------------------------------------+--------------------------------------+-----------------------------+-----------------------------+----------------------------+----------------------------+-----------------------------+-----------------------------+--------------------+--------------------+-------------------------------------+-------------------------------------+----------------------------+----------------------------+---------------------------+---------------------------+
; HEX0[6]      ; 2.5 V        ; 0 s                 ; 0 s                 ; 2.32 V                       ; 8.25e-09 V                   ; 2.41 V              ; -0.0859 V           ; 0.289 V                              ; 0.136 V                              ; 3.15e-10 s                  ; 4.16e-10 s                  ; No                         ; Yes                        ; 2.32 V                      ; 8.25e-09 V                  ; 2.41 V             ; -0.0859 V          ; 0.289 V                             ; 0.136 V                             ; 3.15e-10 s                 ; 4.16e-10 s                 ; No                        ; Yes                       ;
; HEX0[5]      ; 2.5 V        ; 0 s                 ; 0 s                 ; 2.32 V                       ; 8.25e-09 V                   ; 2.41 V              ; -0.0871 V           ; 0.291 V                              ; 0.138 V                              ; 3.15e-10 s                  ; 4.16e-10 s                  ; No                         ; Yes                        ; 2.32 V                      ; 8.25e-09 V                  ; 2.41 V             ; -0.0871 V          ; 0.291 V                             ; 0.138 V                             ; 3.15e-10 s                 ; 4.16e-10 s                 ; No                        ; Yes                       ;
; HEX0[4]      ; 2.5 V        ; 0 s                 ; 0 s                 ; 2.32 V                       ; 8.25e-09 V                   ; 2.41 V              ; -0.0871 V           ; 0.291 V                              ; 0.138 V                              ; 3.15e-10 s                  ; 4.16e-10 s                  ; No                         ; Yes                        ; 2.32 V                      ; 8.25e-09 V                  ; 2.41 V             ; -0.0871 V          ; 0.291 V                             ; 0.138 V                             ; 3.15e-10 s                 ; 4.16e-10 s                 ; No                        ; Yes                       ;
; HEX0[3]      ; 2.5 V        ; 0 s                 ; 0 s                 ; 2.32 V                       ; 8.25e-09 V                   ; 2.41 V              ; -0.0871 V           ; 0.291 V                              ; 0.138 V                              ; 3.15e-10 s                  ; 4.16e-10 s                  ; No                         ; Yes                        ; 2.32 V                      ; 8.25e-09 V                  ; 2.41 V             ; -0.0871 V          ; 0.291 V                             ; 0.138 V                             ; 3.15e-10 s                 ; 4.16e-10 s                 ; No                        ; Yes                       ;
; HEX0[2]      ; 2.5 V        ; 0 s                 ; 0 s                 ; 2.32 V                       ; 8.25e-09 V                   ; 2.41 V              ; -0.0859 V           ; 0.289 V                              ; 0.136 V                              ; 3.15e-10 s                  ; 4.16e-10 s                  ; No                         ; Yes                        ; 2.32 V                      ; 8.25e-09 V                  ; 2.41 V             ; -0.0859 V          ; 0.289 V                             ; 0.136 V                             ; 3.15e-10 s                 ; 4.16e-10 s                 ; No                        ; Yes                       ;
; HEX0[1]      ; 2.5 V        ; 0 s                 ; 0 s                 ; 2.32 V                       ; 8.25e-09 V                   ; 2.41 V              ; -0.0859 V           ; 0.289 V                              ; 0.136 V                              ; 3.15e-10 s                  ; 4.16e-10 s                  ; No                         ; Yes                        ; 2.32 V                      ; 8.25e-09 V                  ; 2.41 V             ; -0.0859 V          ; 0.289 V                             ; 0.136 V                             ; 3.15e-10 s                 ; 4.16e-10 s                 ; No                        ; Yes                       ;
; HEX0[0]      ; 2.5 V        ; 0 s                 ; 0 s                 ; 2.32 V                       ; 8.25e-09 V                   ; 2.41 V              ; -0.0871 V           ; 0.291 V                              ; 0.138 V                              ; 3.15e-10 s                  ; 4.16e-10 s                  ; No                         ; Yes                        ; 2.32 V                      ; 8.25e-09 V                  ; 2.41 V             ; -0.0871 V          ; 0.291 V                             ; 0.138 V                             ; 3.15e-10 s                 ; 4.16e-10 s                 ; No                        ; Yes                       ;
; HEX1[6]      ; 2.5 V        ; 0 s                 ; 0 s                 ; 2.32 V                       ; 8.25e-09 V                   ; 2.41 V              ; -0.0859 V           ; 0.289 V                              ; 0.136 V                              ; 3.15e-10 s                  ; 4.16e-10 s                  ; No                         ; Yes                        ; 2.32 V                      ; 8.25e-09 V                  ; 2.41 V             ; -0.0859 V          ; 0.289 V                             ; 0.136 V                             ; 3.15e-10 s                 ; 4.16e-10 s                 ; No                        ; Yes                       ;
; HEX1[5]      ; 2.5 V        ; 0 s                 ; 0 s                 ; 2.32 V                       ; 8.25e-09 V                   ; 2.41 V              ; -0.0871 V           ; 0.291 V                              ; 0.138 V                              ; 3.15e-10 s                  ; 4.16e-10 s                  ; No                         ; Yes                        ; 2.32 V                      ; 8.25e-09 V                  ; 2.41 V             ; -0.0871 V          ; 0.291 V                             ; 0.138 V                             ; 3.15e-10 s                 ; 4.16e-10 s                 ; No                        ; Yes                       ;
; HEX1[4]      ; 2.5 V        ; 0 s                 ; 0 s                 ; 2.32 V                       ; 8.25e-09 V                   ; 2.41 V              ; -0.0859 V           ; 0.289 V                              ; 0.136 V                              ; 3.15e-10 s                  ; 4.16e-10 s                  ; No                         ; Yes                        ; 2.32 V                      ; 8.25e-09 V                  ; 2.41 V             ; -0.0859 V          ; 0.289 V                             ; 0.136 V                             ; 3.15e-10 s                 ; 4.16e-10 s                 ; No                        ; Yes                       ;
; HEX1[3]      ; 2.5 V        ; 0 s                 ; 0 s                 ; 2.32 V                       ; 8.25e-09 V                   ; 2.41 V              ; -0.0871 V           ; 0.291 V                              ; 0.138 V                              ; 3.15e-10 s                  ; 4.16e-10 s                  ; No                         ; Yes                        ; 2.32 V                      ; 8.25e-09 V                  ; 2.41 V             ; -0.0871 V          ; 0.291 V                             ; 0.138 V                             ; 3.15e-10 s                 ; 4.16e-10 s                 ; No                        ; Yes                       ;
; HEX1[2]      ; 2.5 V        ; 0 s                 ; 0 s                 ; 2.32 V                       ; 8.25e-09 V                   ; 2.41 V              ; -0.0859 V           ; 0.289 V                              ; 0.136 V                              ; 3.15e-10 s                  ; 4.16e-10 s                  ; No                         ; Yes                        ; 2.32 V                      ; 8.25e-09 V                  ; 2.41 V             ; -0.0859 V          ; 0.289 V                             ; 0.136 V                             ; 3.15e-10 s                 ; 4.16e-10 s                 ; No                        ; Yes                       ;
; HEX1[1]      ; 2.5 V        ; 0 s                 ; 0 s                 ; 2.32 V                       ; 8.25e-09 V                   ; 2.41 V              ; -0.0871 V           ; 0.291 V                              ; 0.138 V                              ; 3.15e-10 s                  ; 4.16e-10 s                  ; No                         ; Yes                        ; 2.32 V                      ; 8.25e-09 V                  ; 2.41 V             ; -0.0871 V          ; 0.291 V                             ; 0.138 V                             ; 3.15e-10 s                 ; 4.16e-10 s                 ; No                        ; Yes                       ;
; HEX1[0]      ; 2.5 V        ; 0 s                 ; 0 s                 ; 2.32 V                       ; 8.25e-09 V                   ; 2.41 V              ; -0.0871 V           ; 0.291 V                              ; 0.138 V                              ; 3.15e-10 s                  ; 4.16e-10 s                  ; No                         ; Yes                        ; 2.32 V                      ; 8.25e-09 V                  ; 2.41 V             ; -0.0871 V          ; 0.291 V                             ; 0.138 V                             ; 3.15e-10 s                 ; 4.16e-10 s                 ; No                        ; Yes                       ;
; HEX2[6]      ; 2.5 V        ; 0 s                 ; 0 s                 ; 2.32 V                       ; 8.25e-09 V                   ; 2.41 V              ; -0.0871 V           ; 0.291 V                              ; 0.138 V                              ; 3.15e-10 s                  ; 4.16e-10 s                  ; No                         ; Yes                        ; 2.32 V                      ; 8.25e-09 V                  ; 2.41 V             ; -0.0871 V          ; 0.291 V                             ; 0.138 V                             ; 3.15e-10 s                 ; 4.16e-10 s                 ; No                        ; Yes                       ;
; HEX2[5]      ; 2.5 V        ; 0 s                 ; 0 s                 ; 2.32 V                       ; 8.25e-09 V                   ; 2.41 V              ; -0.0859 V           ; 0.289 V                              ; 0.136 V                              ; 3.15e-10 s                  ; 4.16e-10 s                  ; No                         ; Yes                        ; 2.32 V                      ; 8.25e-09 V                  ; 2.41 V             ; -0.0859 V          ; 0.289 V                             ; 0.136 V                             ; 3.15e-10 s                 ; 4.16e-10 s                 ; No                        ; Yes                       ;
; HEX2[4]      ; 2.5 V        ; 0 s                 ; 0 s                 ; 2.32 V                       ; 8.25e-09 V                   ; 2.41 V              ; -0.0859 V           ; 0.289 V                              ; 0.136 V                              ; 3.15e-10 s                  ; 4.16e-10 s                  ; No                         ; Yes                        ; 2.32 V                      ; 8.25e-09 V                  ; 2.41 V             ; -0.0859 V          ; 0.289 V                             ; 0.136 V                             ; 3.15e-10 s                 ; 4.16e-10 s                 ; No                        ; Yes                       ;
; HEX2[3]      ; 2.5 V        ; 0 s                 ; 0 s                 ; 2.32 V                       ; 8.25e-09 V                   ; 2.41 V              ; -0.0859 V           ; 0.289 V                              ; 0.136 V                              ; 3.15e-10 s                  ; 4.16e-10 s                  ; No                         ; Yes                        ; 2.32 V                      ; 8.25e-09 V                  ; 2.41 V             ; -0.0859 V          ; 0.289 V                             ; 0.136 V                             ; 3.15e-10 s                 ; 4.16e-10 s                 ; No                        ; Yes                       ;
; HEX2[2]      ; 2.5 V        ; 0 s                 ; 0 s                 ; 2.32 V                       ; 8.25e-09 V                   ; 2.41 V              ; -0.0859 V           ; 0.289 V                              ; 0.136 V                              ; 3.15e-10 s                  ; 4.16e-10 s                  ; No                         ; Yes                        ; 2.32 V                      ; 8.25e-09 V                  ; 2.41 V             ; -0.0859 V          ; 0.289 V                             ; 0.136 V                             ; 3.15e-10 s                 ; 4.16e-10 s                 ; No                        ; Yes                       ;
; HEX2[1]      ; 2.5 V        ; 0 s                 ; 0 s                 ; 2.32 V                       ; 8.25e-09 V                   ; 2.41 V              ; -0.0871 V           ; 0.291 V                              ; 0.138 V                              ; 3.15e-10 s                  ; 4.16e-10 s                  ; No                         ; Yes                        ; 2.32 V                      ; 8.25e-09 V                  ; 2.41 V             ; -0.0871 V          ; 0.291 V                             ; 0.138 V                             ; 3.15e-10 s                 ; 4.16e-10 s                 ; No                        ; Yes                       ;
; HEX2[0]      ; 2.5 V        ; 0 s                 ; 0 s                 ; 2.32 V                       ; 8.25e-09 V                   ; 2.41 V              ; -0.0871 V           ; 0.291 V                              ; 0.138 V                              ; 3.15e-10 s                  ; 4.16e-10 s                  ; No                         ; Yes                        ; 2.32 V                      ; 8.25e-09 V                  ; 2.41 V             ; -0.0871 V          ; 0.291 V                             ; 0.138 V                             ; 3.15e-10 s                 ; 4.16e-10 s                 ; No                        ; Yes                       ;
; HEX3[6]      ; 2.5 V        ; 0 s                 ; 0 s                 ; 2.32 V                       ; 8.25e-09 V                   ; 2.41 V              ; -0.0859 V           ; 0.289 V                              ; 0.136 V                              ; 3.15e-10 s                  ; 4.16e-10 s                  ; No                         ; Yes                        ; 2.32 V                      ; 8.25e-09 V                  ; 2.41 V             ; -0.0859 V          ; 0.289 V                             ; 0.136 V                             ; 3.15e-10 s                 ; 4.16e-10 s                 ; No                        ; Yes                       ;
; HEX3[5]      ; 2.5 V        ; 0 s                 ; 0 s                 ; 2.32 V                       ; 8.25e-09 V                   ; 2.41 V              ; -0.0859 V           ; 0.289 V                              ; 0.136 V                              ; 3.15e-10 s                  ; 4.16e-10 s                  ; No                         ; Yes                        ; 2.32 V                      ; 8.25e-09 V                  ; 2.41 V             ; -0.0859 V          ; 0.289 V                             ; 0.136 V                             ; 3.15e-10 s                 ; 4.16e-10 s                 ; No                        ; Yes                       ;
; HEX3[4]      ; 2.5 V        ; 0 s                 ; 0 s                 ; 2.32 V                       ; 8.25e-09 V                   ; 2.41 V              ; -0.0871 V           ; 0.291 V                              ; 0.138 V                              ; 3.15e-10 s                  ; 4.16e-10 s                  ; No                         ; Yes                        ; 2.32 V                      ; 8.25e-09 V                  ; 2.41 V             ; -0.0871 V          ; 0.291 V                             ; 0.138 V                             ; 3.15e-10 s                 ; 4.16e-10 s                 ; No                        ; Yes                       ;
; HEX3[3]      ; 2.5 V        ; 0 s                 ; 0 s                 ; 2.32 V                       ; 8.25e-09 V                   ; 2.41 V              ; -0.0871 V           ; 0.291 V                              ; 0.138 V                              ; 3.15e-10 s                  ; 4.16e-10 s                  ; No                         ; Yes                        ; 2.32 V                      ; 8.25e-09 V                  ; 2.41 V             ; -0.0871 V          ; 0.291 V                             ; 0.138 V                             ; 3.15e-10 s                 ; 4.16e-10 s                 ; No                        ; Yes                       ;
; HEX3[2]      ; 2.5 V        ; 0 s                 ; 0 s                 ; 2.32 V                       ; 8.25e-09 V                   ; 2.41 V              ; -0.0859 V           ; 0.289 V                              ; 0.136 V                              ; 3.15e-10 s                  ; 4.16e-10 s                  ; No                         ; Yes                        ; 2.32 V                      ; 8.25e-09 V                  ; 2.41 V             ; -0.0859 V          ; 0.289 V                             ; 0.136 V                             ; 3.15e-10 s                 ; 4.16e-10 s                 ; No                        ; Yes                       ;
; HEX3[1]      ; 2.5 V        ; 0 s                 ; 0 s                 ; 2.32 V                       ; 8.25e-09 V                   ; 2.41 V              ; -0.0871 V           ; 0.291 V                              ; 0.138 V                              ; 3.15e-10 s                  ; 4.16e-10 s                  ; No                         ; Yes                        ; 2.32 V                      ; 8.25e-09 V                  ; 2.41 V             ; -0.0871 V          ; 0.291 V                             ; 0.138 V                             ; 3.15e-10 s                 ; 4.16e-10 s                 ; No                        ; Yes                       ;
; HEX3[0]      ; 2.5 V        ; 0 s                 ; 0 s                 ; 2.32 V                       ; 8.25e-09 V                   ; 2.41 V              ; -0.0871 V           ; 0.291 V                              ; 0.138 V                              ; 3.15e-10 s                  ; 4.16e-10 s                  ; No                         ; Yes                        ; 2.32 V                      ; 8.25e-09 V                  ; 2.41 V             ; -0.0871 V          ; 0.291 V                             ; 0.138 V                             ; 3.15e-10 s                 ; 4.16e-10 s                 ; No                        ; Yes                       ;
; HEX4[6]      ; 2.5 V        ; 0 s                 ; 0 s                 ; 2.32 V                       ; 8.25e-09 V                   ; 2.41 V              ; -0.0859 V           ; 0.289 V                              ; 0.136 V                              ; 3.15e-10 s                  ; 4.16e-10 s                  ; No                         ; Yes                        ; 2.32 V                      ; 8.25e-09 V                  ; 2.41 V             ; -0.0859 V          ; 0.289 V                             ; 0.136 V                             ; 3.15e-10 s                 ; 4.16e-10 s                 ; No                        ; Yes                       ;
; HEX4[5]      ; 2.5 V        ; 0 s                 ; 0 s                 ; 2.32 V                       ; 8.25e-09 V                   ; 2.41 V              ; -0.0871 V           ; 0.291 V                              ; 0.138 V                              ; 3.15e-10 s                  ; 4.16e-10 s                  ; No                         ; Yes                        ; 2.32 V                      ; 8.25e-09 V                  ; 2.41 V             ; -0.0871 V          ; 0.291 V                             ; 0.138 V                             ; 3.15e-10 s                 ; 4.16e-10 s                 ; No                        ; Yes                       ;
; HEX4[4]      ; 2.5 V        ; 0 s                 ; 0 s                 ; 2.32 V                       ; 8.25e-09 V                   ; 2.41 V              ; -0.0871 V           ; 0.291 V                              ; 0.138 V                              ; 3.15e-10 s                  ; 4.16e-10 s                  ; No                         ; Yes                        ; 2.32 V                      ; 8.25e-09 V                  ; 2.41 V             ; -0.0871 V          ; 0.291 V                             ; 0.138 V                             ; 3.15e-10 s                 ; 4.16e-10 s                 ; No                        ; Yes                       ;
; HEX4[3]      ; 2.5 V        ; 0 s                 ; 0 s                 ; 2.32 V                       ; 8.25e-09 V                   ; 2.41 V              ; -0.0859 V           ; 0.289 V                              ; 0.136 V                              ; 3.15e-10 s                  ; 4.16e-10 s                  ; No                         ; Yes                        ; 2.32 V                      ; 8.25e-09 V                  ; 2.41 V             ; -0.0859 V          ; 0.289 V                             ; 0.136 V                             ; 3.15e-10 s                 ; 4.16e-10 s                 ; No                        ; Yes                       ;
; HEX4[2]      ; 2.5 V        ; 0 s                 ; 0 s                 ; 2.32 V                       ; 8.25e-09 V                   ; 2.41 V              ; -0.0871 V           ; 0.291 V                              ; 0.138 V                              ; 3.15e-10 s                  ; 4.16e-10 s                  ; No                         ; Yes                        ; 2.32 V                      ; 8.25e-09 V                  ; 2.41 V             ; -0.0871 V          ; 0.291 V                             ; 0.138 V                             ; 3.15e-10 s                 ; 4.16e-10 s                 ; No                        ; Yes                       ;
; HEX4[1]      ; 2.5 V        ; 0 s                 ; 0 s                 ; 2.32 V                       ; 8.25e-09 V                   ; 2.41 V              ; -0.0859 V           ; 0.289 V                              ; 0.136 V                              ; 3.15e-10 s                  ; 4.16e-10 s                  ; No                         ; Yes                        ; 2.32 V                      ; 8.25e-09 V                  ; 2.41 V             ; -0.0859 V          ; 0.289 V                             ; 0.136 V                             ; 3.15e-10 s                 ; 4.16e-10 s                 ; No                        ; Yes                       ;
; HEX4[0]      ; 2.5 V        ; 0 s                 ; 0 s                 ; 2.32 V                       ; 8.25e-09 V                   ; 2.41 V              ; -0.0859 V           ; 0.289 V                              ; 0.136 V                              ; 3.15e-10 s                  ; 4.16e-10 s                  ; No                         ; Yes                        ; 2.32 V                      ; 8.25e-09 V                  ; 2.41 V             ; -0.0859 V          ; 0.289 V                             ; 0.136 V                             ; 3.15e-10 s                 ; 4.16e-10 s                 ; No                        ; Yes                       ;
; HEX5[6]      ; 2.5 V        ; 0 s                 ; 0 s                 ; 2.32 V                       ; 8.25e-09 V                   ; 2.41 V              ; -0.0859 V           ; 0.289 V                              ; 0.136 V                              ; 3.15e-10 s                  ; 4.16e-10 s                  ; No                         ; Yes                        ; 2.32 V                      ; 8.25e-09 V                  ; 2.41 V             ; -0.0859 V          ; 0.289 V                             ; 0.136 V                             ; 3.15e-10 s                 ; 4.16e-10 s                 ; No                        ; Yes                       ;
; HEX5[5]      ; 2.5 V        ; 0 s                 ; 0 s                 ; 2.32 V                       ; 8.25e-09 V                   ; 2.41 V              ; -0.0859 V           ; 0.289 V                              ; 0.136 V                              ; 3.15e-10 s                  ; 4.16e-10 s                  ; No                         ; Yes                        ; 2.32 V                      ; 8.25e-09 V                  ; 2.41 V             ; -0.0859 V          ; 0.289 V                             ; 0.136 V                             ; 3.15e-10 s                 ; 4.16e-10 s                 ; No                        ; Yes                       ;
; HEX5[4]      ; 2.5 V        ; 0 s                 ; 0 s                 ; 2.32 V                       ; 8.25e-09 V                   ; 2.41 V              ; -0.0871 V           ; 0.291 V                              ; 0.138 V                              ; 3.15e-10 s                  ; 4.16e-10 s                  ; No                         ; Yes                        ; 2.32 V                      ; 8.25e-09 V                  ; 2.41 V             ; -0.0871 V          ; 0.291 V                             ; 0.138 V                             ; 3.15e-10 s                 ; 4.16e-10 s                 ; No                        ; Yes                       ;
; HEX5[3]      ; 2.5 V        ; 0 s                 ; 0 s                 ; 2.32 V                       ; 8.25e-09 V                   ; 2.41 V              ; -0.0871 V           ; 0.291 V                              ; 0.138 V                              ; 3.15e-10 s                  ; 4.16e-10 s                  ; No                         ; Yes                        ; 2.32 V                      ; 8.25e-09 V                  ; 2.41 V             ; -0.0871 V          ; 0.291 V                             ; 0.138 V                             ; 3.15e-10 s                 ; 4.16e-10 s                 ; No                        ; Yes                       ;
; HEX5[2]      ; 2.5 V        ; 0 s                 ; 0 s                 ; 2.32 V                       ; 8.25e-09 V                   ; 2.41 V              ; -0.0859 V           ; 0.289 V                              ; 0.136 V                              ; 3.15e-10 s                  ; 4.16e-10 s                  ; No                         ; Yes                        ; 2.32 V                      ; 8.25e-09 V                  ; 2.41 V             ; -0.0859 V          ; 0.289 V                             ; 0.136 V                             ; 3.15e-10 s                 ; 4.16e-10 s                 ; No                        ; Yes                       ;
; HEX5[1]      ; 2.5 V        ; 0 s                 ; 0 s                 ; 2.32 V                       ; 8.25e-09 V                   ; 2.41 V              ; -0.0859 V           ; 0.289 V                              ; 0.136 V                              ; 3.15e-10 s                  ; 4.16e-10 s                  ; No                         ; Yes                        ; 2.32 V                      ; 8.25e-09 V                  ; 2.41 V             ; -0.0859 V          ; 0.289 V                             ; 0.136 V                             ; 3.15e-10 s                 ; 4.16e-10 s                 ; No                        ; Yes                       ;
; HEX5[0]      ; 2.5 V        ; 0 s                 ; 0 s                 ; 2.32 V                       ; 8.25e-09 V                   ; 2.41 V              ; -0.0871 V           ; 0.291 V                              ; 0.138 V                              ; 3.15e-10 s                  ; 4.16e-10 s                  ; No                         ; Yes                        ; 2.32 V                      ; 8.25e-09 V                  ; 2.41 V             ; -0.0871 V          ; 0.291 V                             ; 0.138 V                             ; 3.15e-10 s                 ; 4.16e-10 s                 ; No                        ; Yes                       ;
; ~ALTERA_TDO~ ; 2.5 V        ; 0 s                 ; 0 s                 ; 2.32 V                       ; 1.39e-08 V                   ; 2.39 V              ; -0.0409 V           ; 0.21 V                               ; 0.121 V                              ; 4.7e-10 s                   ; 5.93e-10 s                  ; No                         ; Yes                        ; 2.32 V                      ; 1.39e-08 V                  ; 2.39 V             ; -0.0409 V          ; 0.21 V                              ; 0.121 V                             ; 4.7e-10 s                  ; 5.93e-10 s                 ; No                        ; Yes                       ;
+--------------+--------------+---------------------+---------------------+------------------------------+------------------------------+---------------------+---------------------+--------------------------------------+--------------------------------------+-----------------------------+-----------------------------+----------------------------+----------------------------+-----------------------------+-----------------------------+--------------------+--------------------+-------------------------------------+-------------------------------------+----------------------------+----------------------------+---------------------------+---------------------------+


+-------------------------------------------------------------------------------------------------------------------------------------------------------------------------------------------------------------------------------------------------------------------------------------------------------------------------------------------------------------------------------------------------------------------------------------------------------------------------------------------------------------------------------------------------------------------------------------------------------------------------------------------------------------------------------------------+
; Signal Integrity Metrics (Slow 1200mv 85c Model)                                                                                                                                                                                                                                                                                                                                                                                                                                                                                                                                                                                                                                          ;
+--------------+--------------+---------------------+---------------------+------------------------------+------------------------------+---------------------+---------------------+--------------------------------------+--------------------------------------+-----------------------------+-----------------------------+----------------------------+----------------------------+-----------------------------+-----------------------------+--------------------+--------------------+-------------------------------------+-------------------------------------+----------------------------+----------------------------+---------------------------+---------------------------+
; Pin          ; I/O Standard ; Board Delay on Rise ; Board Delay on Fall ; Steady State Voh at FPGA Pin ; Steady State Vol at FPGA Pin ; Voh Max at FPGA Pin ; Vol Min at FPGA Pin ; Ringback Voltage on Rise at FPGA Pin ; Ringback Voltage on Fall at FPGA Pin ; 10-90 Rise Time at FPGA Pin ; 90-10 Fall Time at FPGA Pin ; Monotonic Rise at FPGA Pin ; Monotonic Fall at FPGA Pin ; Steady State Voh at Far-end ; Steady State Vol at Far-end ; Voh Max at Far-end ; Vol Min at Far-end ; Ringback Voltage on Rise at Far-end ; Ringback Voltage on Fall at Far-end ; 10-90 Rise Time at Far-end ; 90-10 Fall Time at Far-end ; Monotonic Rise at Far-end ; Monotonic Fall at Far-end ;
+--------------+--------------+---------------------+---------------------+------------------------------+------------------------------+---------------------+---------------------+--------------------------------------+--------------------------------------+-----------------------------+-----------------------------+----------------------------+----------------------------+-----------------------------+-----------------------------+--------------------+--------------------+-------------------------------------+-------------------------------------+----------------------------+----------------------------+---------------------------+---------------------------+
; HEX0[6]      ; 2.5 V        ; 0 s                 ; 0 s                 ; 2.32 V                       ; 1.16e-06 V                   ; 2.37 V              ; -0.049 V            ; 0.154 V                              ; 0.186 V                              ; 4.63e-10 s                  ; 4.5e-10 s                   ; Yes                        ; Yes                        ; 2.32 V                      ; 1.16e-06 V                  ; 2.37 V             ; -0.049 V           ; 0.154 V                             ; 0.186 V                             ; 4.63e-10 s                 ; 4.5e-10 s                  ; Yes                       ; Yes                       ;
; HEX0[5]      ; 2.5 V        ; 0 s                 ; 0 s                 ; 2.32 V                       ; 1.16e-06 V                   ; 2.37 V              ; -0.0508 V           ; 0.153 V                              ; 0.187 V                              ; 4.63e-10 s                  ; 4.49e-10 s                  ; Yes                        ; Yes                        ; 2.32 V                      ; 1.16e-06 V                  ; 2.37 V             ; -0.0508 V          ; 0.153 V                             ; 0.187 V                             ; 4.63e-10 s                 ; 4.49e-10 s                 ; Yes                       ; Yes                       ;
; HEX0[4]      ; 2.5 V        ; 0 s                 ; 0 s                 ; 2.32 V                       ; 1.16e-06 V                   ; 2.37 V              ; -0.0508 V           ; 0.153 V                              ; 0.187 V                              ; 4.63e-10 s                  ; 4.49e-10 s                  ; Yes                        ; Yes                        ; 2.32 V                      ; 1.16e-06 V                  ; 2.37 V             ; -0.0508 V          ; 0.153 V                             ; 0.187 V                             ; 4.63e-10 s                 ; 4.49e-10 s                 ; Yes                       ; Yes                       ;
; HEX0[3]      ; 2.5 V        ; 0 s                 ; 0 s                 ; 2.32 V                       ; 1.16e-06 V                   ; 2.37 V              ; -0.0508 V           ; 0.153 V                              ; 0.187 V                              ; 4.63e-10 s                  ; 4.49e-10 s                  ; Yes                        ; Yes                        ; 2.32 V                      ; 1.16e-06 V                  ; 2.37 V             ; -0.0508 V          ; 0.153 V                             ; 0.187 V                             ; 4.63e-10 s                 ; 4.49e-10 s                 ; Yes                       ; Yes                       ;
; HEX0[2]      ; 2.5 V        ; 0 s                 ; 0 s                 ; 2.32 V                       ; 1.16e-06 V                   ; 2.37 V              ; -0.049 V            ; 0.154 V                              ; 0.186 V                              ; 4.63e-10 s                  ; 4.5e-10 s                   ; Yes                        ; Yes                        ; 2.32 V                      ; 1.16e-06 V                  ; 2.37 V             ; -0.049 V           ; 0.154 V                             ; 0.186 V                             ; 4.63e-10 s                 ; 4.5e-10 s                  ; Yes                       ; Yes                       ;
; HEX0[1]      ; 2.5 V        ; 0 s                 ; 0 s                 ; 2.32 V                       ; 1.16e-06 V                   ; 2.37 V              ; -0.049 V            ; 0.154 V                              ; 0.186 V                              ; 4.63e-10 s                  ; 4.5e-10 s                   ; Yes                        ; Yes                        ; 2.32 V                      ; 1.16e-06 V                  ; 2.37 V             ; -0.049 V           ; 0.154 V                             ; 0.186 V                             ; 4.63e-10 s                 ; 4.5e-10 s                  ; Yes                       ; Yes                       ;
; HEX0[0]      ; 2.5 V        ; 0 s                 ; 0 s                 ; 2.32 V                       ; 1.16e-06 V                   ; 2.37 V              ; -0.0508 V           ; 0.153 V                              ; 0.187 V                              ; 4.63e-10 s                  ; 4.49e-10 s                  ; Yes                        ; Yes                        ; 2.32 V                      ; 1.16e-06 V                  ; 2.37 V             ; -0.0508 V          ; 0.153 V                             ; 0.187 V                             ; 4.63e-10 s                 ; 4.49e-10 s                 ; Yes                       ; Yes                       ;
; HEX1[6]      ; 2.5 V        ; 0 s                 ; 0 s                 ; 2.32 V                       ; 1.16e-06 V                   ; 2.37 V              ; -0.049 V            ; 0.154 V                              ; 0.186 V                              ; 4.63e-10 s                  ; 4.5e-10 s                   ; Yes                        ; Yes                        ; 2.32 V                      ; 1.16e-06 V                  ; 2.37 V             ; -0.049 V           ; 0.154 V                             ; 0.186 V                             ; 4.63e-10 s                 ; 4.5e-10 s                  ; Yes                       ; Yes                       ;
; HEX1[5]      ; 2.5 V        ; 0 s                 ; 0 s                 ; 2.32 V                       ; 1.16e-06 V                   ; 2.37 V              ; -0.0508 V           ; 0.153 V                              ; 0.187 V                              ; 4.63e-10 s                  ; 4.49e-10 s                  ; Yes                        ; Yes                        ; 2.32 V                      ; 1.16e-06 V                  ; 2.37 V             ; -0.0508 V          ; 0.153 V                             ; 0.187 V                             ; 4.63e-10 s                 ; 4.49e-10 s                 ; Yes                       ; Yes                       ;
; HEX1[4]      ; 2.5 V        ; 0 s                 ; 0 s                 ; 2.32 V                       ; 1.16e-06 V                   ; 2.37 V              ; -0.049 V            ; 0.154 V                              ; 0.186 V                              ; 4.63e-10 s                  ; 4.5e-10 s                   ; Yes                        ; Yes                        ; 2.32 V                      ; 1.16e-06 V                  ; 2.37 V             ; -0.049 V           ; 0.154 V                             ; 0.186 V                             ; 4.63e-10 s                 ; 4.5e-10 s                  ; Yes                       ; Yes                       ;
; HEX1[3]      ; 2.5 V        ; 0 s                 ; 0 s                 ; 2.32 V                       ; 1.16e-06 V                   ; 2.37 V              ; -0.0508 V           ; 0.153 V                              ; 0.187 V                              ; 4.63e-10 s                  ; 4.49e-10 s                  ; Yes                        ; Yes                        ; 2.32 V                      ; 1.16e-06 V                  ; 2.37 V             ; -0.0508 V          ; 0.153 V                             ; 0.187 V                             ; 4.63e-10 s                 ; 4.49e-10 s                 ; Yes                       ; Yes                       ;
; HEX1[2]      ; 2.5 V        ; 0 s                 ; 0 s                 ; 2.32 V                       ; 1.16e-06 V                   ; 2.37 V              ; -0.049 V            ; 0.154 V                              ; 0.186 V                              ; 4.63e-10 s                  ; 4.5e-10 s                   ; Yes                        ; Yes                        ; 2.32 V                      ; 1.16e-06 V                  ; 2.37 V             ; -0.049 V           ; 0.154 V                             ; 0.186 V                             ; 4.63e-10 s                 ; 4.5e-10 s                  ; Yes                       ; Yes                       ;
; HEX1[1]      ; 2.5 V        ; 0 s                 ; 0 s                 ; 2.32 V                       ; 1.16e-06 V                   ; 2.37 V              ; -0.0508 V           ; 0.153 V                              ; 0.187 V                              ; 4.63e-10 s                  ; 4.49e-10 s                  ; Yes                        ; Yes                        ; 2.32 V                      ; 1.16e-06 V                  ; 2.37 V             ; -0.0508 V          ; 0.153 V                             ; 0.187 V                             ; 4.63e-10 s                 ; 4.49e-10 s                 ; Yes                       ; Yes                       ;
; HEX1[0]      ; 2.5 V        ; 0 s                 ; 0 s                 ; 2.32 V                       ; 1.16e-06 V                   ; 2.37 V              ; -0.0508 V           ; 0.153 V                              ; 0.187 V                              ; 4.63e-10 s                  ; 4.49e-10 s                  ; Yes                        ; Yes                        ; 2.32 V                      ; 1.16e-06 V                  ; 2.37 V             ; -0.0508 V          ; 0.153 V                             ; 0.187 V                             ; 4.63e-10 s                 ; 4.49e-10 s                 ; Yes                       ; Yes                       ;
; HEX2[6]      ; 2.5 V        ; 0 s                 ; 0 s                 ; 2.32 V                       ; 1.16e-06 V                   ; 2.37 V              ; -0.0508 V           ; 0.153 V                              ; 0.187 V                              ; 4.63e-10 s                  ; 4.49e-10 s                  ; Yes                        ; Yes                        ; 2.32 V                      ; 1.16e-06 V                  ; 2.37 V             ; -0.0508 V          ; 0.153 V                             ; 0.187 V                             ; 4.63e-10 s                 ; 4.49e-10 s                 ; Yes                       ; Yes                       ;
; HEX2[5]      ; 2.5 V        ; 0 s                 ; 0 s                 ; 2.32 V                       ; 1.16e-06 V                   ; 2.37 V              ; -0.049 V            ; 0.154 V                              ; 0.186 V                              ; 4.63e-10 s                  ; 4.5e-10 s                   ; Yes                        ; Yes                        ; 2.32 V                      ; 1.16e-06 V                  ; 2.37 V             ; -0.049 V           ; 0.154 V                             ; 0.186 V                             ; 4.63e-10 s                 ; 4.5e-10 s                  ; Yes                       ; Yes                       ;
; HEX2[4]      ; 2.5 V        ; 0 s                 ; 0 s                 ; 2.32 V                       ; 1.16e-06 V                   ; 2.37 V              ; -0.049 V            ; 0.154 V                              ; 0.186 V                              ; 4.63e-10 s                  ; 4.5e-10 s                   ; Yes                        ; Yes                        ; 2.32 V                      ; 1.16e-06 V                  ; 2.37 V             ; -0.049 V           ; 0.154 V                             ; 0.186 V                             ; 4.63e-10 s                 ; 4.5e-10 s                  ; Yes                       ; Yes                       ;
; HEX2[3]      ; 2.5 V        ; 0 s                 ; 0 s                 ; 2.32 V                       ; 1.16e-06 V                   ; 2.37 V              ; -0.049 V            ; 0.154 V                              ; 0.186 V                              ; 4.63e-10 s                  ; 4.5e-10 s                   ; Yes                        ; Yes                        ; 2.32 V                      ; 1.16e-06 V                  ; 2.37 V             ; -0.049 V           ; 0.154 V                             ; 0.186 V                             ; 4.63e-10 s                 ; 4.5e-10 s                  ; Yes                       ; Yes                       ;
; HEX2[2]      ; 2.5 V        ; 0 s                 ; 0 s                 ; 2.32 V                       ; 1.16e-06 V                   ; 2.37 V              ; -0.049 V            ; 0.154 V                              ; 0.186 V                              ; 4.63e-10 s                  ; 4.5e-10 s                   ; Yes                        ; Yes                        ; 2.32 V                      ; 1.16e-06 V                  ; 2.37 V             ; -0.049 V           ; 0.154 V                             ; 0.186 V                             ; 4.63e-10 s                 ; 4.5e-10 s                  ; Yes                       ; Yes                       ;
; HEX2[1]      ; 2.5 V        ; 0 s                 ; 0 s                 ; 2.32 V                       ; 1.16e-06 V                   ; 2.37 V              ; -0.0508 V           ; 0.153 V                              ; 0.187 V                              ; 4.63e-10 s                  ; 4.49e-10 s                  ; Yes                        ; Yes                        ; 2.32 V                      ; 1.16e-06 V                  ; 2.37 V             ; -0.0508 V          ; 0.153 V                             ; 0.187 V                             ; 4.63e-10 s                 ; 4.49e-10 s                 ; Yes                       ; Yes                       ;
; HEX2[0]      ; 2.5 V        ; 0 s                 ; 0 s                 ; 2.32 V                       ; 1.16e-06 V                   ; 2.37 V              ; -0.0508 V           ; 0.153 V                              ; 0.187 V                              ; 4.63e-10 s                  ; 4.49e-10 s                  ; Yes                        ; Yes                        ; 2.32 V                      ; 1.16e-06 V                  ; 2.37 V             ; -0.0508 V          ; 0.153 V                             ; 0.187 V                             ; 4.63e-10 s                 ; 4.49e-10 s                 ; Yes                       ; Yes                       ;
; HEX3[6]      ; 2.5 V        ; 0 s                 ; 0 s                 ; 2.32 V                       ; 1.16e-06 V                   ; 2.37 V              ; -0.049 V            ; 0.154 V                              ; 0.186 V                              ; 4.63e-10 s                  ; 4.5e-10 s                   ; Yes                        ; Yes                        ; 2.32 V                      ; 1.16e-06 V                  ; 2.37 V             ; -0.049 V           ; 0.154 V                             ; 0.186 V                             ; 4.63e-10 s                 ; 4.5e-10 s                  ; Yes                       ; Yes                       ;
; HEX3[5]      ; 2.5 V        ; 0 s                 ; 0 s                 ; 2.32 V                       ; 1.16e-06 V                   ; 2.37 V              ; -0.049 V            ; 0.154 V                              ; 0.186 V                              ; 4.63e-10 s                  ; 4.5e-10 s                   ; Yes                        ; Yes                        ; 2.32 V                      ; 1.16e-06 V                  ; 2.37 V             ; -0.049 V           ; 0.154 V                             ; 0.186 V                             ; 4.63e-10 s                 ; 4.5e-10 s                  ; Yes                       ; Yes                       ;
; HEX3[4]      ; 2.5 V        ; 0 s                 ; 0 s                 ; 2.32 V                       ; 1.16e-06 V                   ; 2.37 V              ; -0.0508 V           ; 0.153 V                              ; 0.187 V                              ; 4.63e-10 s                  ; 4.49e-10 s                  ; Yes                        ; Yes                        ; 2.32 V                      ; 1.16e-06 V                  ; 2.37 V             ; -0.0508 V          ; 0.153 V                             ; 0.187 V                             ; 4.63e-10 s                 ; 4.49e-10 s                 ; Yes                       ; Yes                       ;
; HEX3[3]      ; 2.5 V        ; 0 s                 ; 0 s                 ; 2.32 V                       ; 1.16e-06 V                   ; 2.37 V              ; -0.0508 V           ; 0.153 V                              ; 0.187 V                              ; 4.63e-10 s                  ; 4.49e-10 s                  ; Yes                        ; Yes                        ; 2.32 V                      ; 1.16e-06 V                  ; 2.37 V             ; -0.0508 V          ; 0.153 V                             ; 0.187 V                             ; 4.63e-10 s                 ; 4.49e-10 s                 ; Yes                       ; Yes                       ;
; HEX3[2]      ; 2.5 V        ; 0 s                 ; 0 s                 ; 2.32 V                       ; 1.16e-06 V                   ; 2.37 V              ; -0.049 V            ; 0.154 V                              ; 0.186 V                              ; 4.63e-10 s                  ; 4.5e-10 s                   ; Yes                        ; Yes                        ; 2.32 V                      ; 1.16e-06 V                  ; 2.37 V             ; -0.049 V           ; 0.154 V                             ; 0.186 V                             ; 4.63e-10 s                 ; 4.5e-10 s                  ; Yes                       ; Yes                       ;
; HEX3[1]      ; 2.5 V        ; 0 s                 ; 0 s                 ; 2.32 V                       ; 1.16e-06 V                   ; 2.37 V              ; -0.0508 V           ; 0.153 V                              ; 0.187 V                              ; 4.63e-10 s                  ; 4.49e-10 s                  ; Yes                        ; Yes                        ; 2.32 V                      ; 1.16e-06 V                  ; 2.37 V             ; -0.0508 V          ; 0.153 V                             ; 0.187 V                             ; 4.63e-10 s                 ; 4.49e-10 s                 ; Yes                       ; Yes                       ;
; HEX3[0]      ; 2.5 V        ; 0 s                 ; 0 s                 ; 2.32 V                       ; 1.16e-06 V                   ; 2.37 V              ; -0.0508 V           ; 0.153 V                              ; 0.187 V                              ; 4.63e-10 s                  ; 4.49e-10 s                  ; Yes                        ; Yes                        ; 2.32 V                      ; 1.16e-06 V                  ; 2.37 V             ; -0.0508 V          ; 0.153 V                             ; 0.187 V                             ; 4.63e-10 s                 ; 4.49e-10 s                 ; Yes                       ; Yes                       ;
; HEX4[6]      ; 2.5 V        ; 0 s                 ; 0 s                 ; 2.32 V                       ; 1.16e-06 V                   ; 2.37 V              ; -0.049 V            ; 0.154 V                              ; 0.186 V                              ; 4.63e-10 s                  ; 4.5e-10 s                   ; Yes                        ; Yes                        ; 2.32 V                      ; 1.16e-06 V                  ; 2.37 V             ; -0.049 V           ; 0.154 V                             ; 0.186 V                             ; 4.63e-10 s                 ; 4.5e-10 s                  ; Yes                       ; Yes                       ;
; HEX4[5]      ; 2.5 V        ; 0 s                 ; 0 s                 ; 2.32 V                       ; 1.16e-06 V                   ; 2.37 V              ; -0.0508 V           ; 0.153 V                              ; 0.187 V                              ; 4.63e-10 s                  ; 4.49e-10 s                  ; Yes                        ; Yes                        ; 2.32 V                      ; 1.16e-06 V                  ; 2.37 V             ; -0.0508 V          ; 0.153 V                             ; 0.187 V                             ; 4.63e-10 s                 ; 4.49e-10 s                 ; Yes                       ; Yes                       ;
; HEX4[4]      ; 2.5 V        ; 0 s                 ; 0 s                 ; 2.32 V                       ; 1.16e-06 V                   ; 2.37 V              ; -0.0508 V           ; 0.153 V                              ; 0.187 V                              ; 4.63e-10 s                  ; 4.49e-10 s                  ; Yes                        ; Yes                        ; 2.32 V                      ; 1.16e-06 V                  ; 2.37 V             ; -0.0508 V          ; 0.153 V                             ; 0.187 V                             ; 4.63e-10 s                 ; 4.49e-10 s                 ; Yes                       ; Yes                       ;
; HEX4[3]      ; 2.5 V        ; 0 s                 ; 0 s                 ; 2.32 V                       ; 1.16e-06 V                   ; 2.37 V              ; -0.049 V            ; 0.154 V                              ; 0.186 V                              ; 4.63e-10 s                  ; 4.5e-10 s                   ; Yes                        ; Yes                        ; 2.32 V                      ; 1.16e-06 V                  ; 2.37 V             ; -0.049 V           ; 0.154 V                             ; 0.186 V                             ; 4.63e-10 s                 ; 4.5e-10 s                  ; Yes                       ; Yes                       ;
; HEX4[2]      ; 2.5 V        ; 0 s                 ; 0 s                 ; 2.32 V                       ; 1.16e-06 V                   ; 2.37 V              ; -0.0508 V           ; 0.153 V                              ; 0.187 V                              ; 4.63e-10 s                  ; 4.49e-10 s                  ; Yes                        ; Yes                        ; 2.32 V                      ; 1.16e-06 V                  ; 2.37 V             ; -0.0508 V          ; 0.153 V                             ; 0.187 V                             ; 4.63e-10 s                 ; 4.49e-10 s                 ; Yes                       ; Yes                       ;
; HEX4[1]      ; 2.5 V        ; 0 s                 ; 0 s                 ; 2.32 V                       ; 1.16e-06 V                   ; 2.37 V              ; -0.049 V            ; 0.154 V                              ; 0.186 V                              ; 4.63e-10 s                  ; 4.5e-10 s                   ; Yes                        ; Yes                        ; 2.32 V                      ; 1.16e-06 V                  ; 2.37 V             ; -0.049 V           ; 0.154 V                             ; 0.186 V                             ; 4.63e-10 s                 ; 4.5e-10 s                  ; Yes                       ; Yes                       ;
; HEX4[0]      ; 2.5 V        ; 0 s                 ; 0 s                 ; 2.32 V                       ; 1.16e-06 V                   ; 2.37 V              ; -0.049 V            ; 0.154 V                              ; 0.186 V                              ; 4.63e-10 s                  ; 4.5e-10 s                   ; Yes                        ; Yes                        ; 2.32 V                      ; 1.16e-06 V                  ; 2.37 V             ; -0.049 V           ; 0.154 V                             ; 0.186 V                             ; 4.63e-10 s                 ; 4.5e-10 s                  ; Yes                       ; Yes                       ;
; HEX5[6]      ; 2.5 V        ; 0 s                 ; 0 s                 ; 2.32 V                       ; 1.16e-06 V                   ; 2.37 V              ; -0.049 V            ; 0.154 V                              ; 0.186 V                              ; 4.63e-10 s                  ; 4.5e-10 s                   ; Yes                        ; Yes                        ; 2.32 V                      ; 1.16e-06 V                  ; 2.37 V             ; -0.049 V           ; 0.154 V                             ; 0.186 V                             ; 4.63e-10 s                 ; 4.5e-10 s                  ; Yes                       ; Yes                       ;
; HEX5[5]      ; 2.5 V        ; 0 s                 ; 0 s                 ; 2.32 V                       ; 1.16e-06 V                   ; 2.37 V              ; -0.049 V            ; 0.154 V                              ; 0.186 V                              ; 4.63e-10 s                  ; 4.5e-10 s                   ; Yes                        ; Yes                        ; 2.32 V                      ; 1.16e-06 V                  ; 2.37 V             ; -0.049 V           ; 0.154 V                             ; 0.186 V                             ; 4.63e-10 s                 ; 4.5e-10 s                  ; Yes                       ; Yes                       ;
; HEX5[4]      ; 2.5 V        ; 0 s                 ; 0 s                 ; 2.32 V                       ; 1.16e-06 V                   ; 2.37 V              ; -0.0508 V           ; 0.153 V                              ; 0.187 V                              ; 4.63e-10 s                  ; 4.49e-10 s                  ; Yes                        ; Yes                        ; 2.32 V                      ; 1.16e-06 V                  ; 2.37 V             ; -0.0508 V          ; 0.153 V                             ; 0.187 V                             ; 4.63e-10 s                 ; 4.49e-10 s                 ; Yes                       ; Yes                       ;
; HEX5[3]      ; 2.5 V        ; 0 s                 ; 0 s                 ; 2.32 V                       ; 1.16e-06 V                   ; 2.37 V              ; -0.0508 V           ; 0.153 V                              ; 0.187 V                              ; 4.63e-10 s                  ; 4.49e-10 s                  ; Yes                        ; Yes                        ; 2.32 V                      ; 1.16e-06 V                  ; 2.37 V             ; -0.0508 V          ; 0.153 V                             ; 0.187 V                             ; 4.63e-10 s                 ; 4.49e-10 s                 ; Yes                       ; Yes                       ;
; HEX5[2]      ; 2.5 V        ; 0 s                 ; 0 s                 ; 2.32 V                       ; 1.16e-06 V                   ; 2.37 V              ; -0.049 V            ; 0.154 V                              ; 0.186 V                              ; 4.63e-10 s                  ; 4.5e-10 s                   ; Yes                        ; Yes                        ; 2.32 V                      ; 1.16e-06 V                  ; 2.37 V             ; -0.049 V           ; 0.154 V                             ; 0.186 V                             ; 4.63e-10 s                 ; 4.5e-10 s                  ; Yes                       ; Yes                       ;
; HEX5[1]      ; 2.5 V        ; 0 s                 ; 0 s                 ; 2.32 V                       ; 1.16e-06 V                   ; 2.37 V              ; -0.049 V            ; 0.154 V                              ; 0.186 V                              ; 4.63e-10 s                  ; 4.5e-10 s                   ; Yes                        ; Yes                        ; 2.32 V                      ; 1.16e-06 V                  ; 2.37 V             ; -0.049 V           ; 0.154 V                             ; 0.186 V                             ; 4.63e-10 s                 ; 4.5e-10 s                  ; Yes                       ; Yes                       ;
; HEX5[0]      ; 2.5 V        ; 0 s                 ; 0 s                 ; 2.32 V                       ; 1.16e-06 V                   ; 2.37 V              ; -0.0508 V           ; 0.153 V                              ; 0.187 V                              ; 4.63e-10 s                  ; 4.49e-10 s                  ; Yes                        ; Yes                        ; 2.32 V                      ; 1.16e-06 V                  ; 2.37 V             ; -0.0508 V          ; 0.153 V                             ; 0.187 V                             ; 4.63e-10 s                 ; 4.49e-10 s                 ; Yes                       ; Yes                       ;
; ~ALTERA_TDO~ ; 2.5 V        ; 0 s                 ; 0 s                 ; 2.32 V                       ; 1.97e-06 V                   ; 2.36 V              ; -0.0173 V           ; 0.144 V                              ; 0.094 V                              ; 6.44e-10 s                  ; 7.2e-10 s                   ; No                         ; Yes                        ; 2.32 V                      ; 1.97e-06 V                  ; 2.36 V             ; -0.0173 V          ; 0.144 V                             ; 0.094 V                             ; 6.44e-10 s                 ; 7.2e-10 s                  ; No                        ; Yes                       ;
+--------------+--------------+---------------------+---------------------+------------------------------+------------------------------+---------------------+---------------------+--------------------------------------+--------------------------------------+-----------------------------+-----------------------------+----------------------------+----------------------------+-----------------------------+-----------------------------+--------------------+--------------------+-------------------------------------+-------------------------------------+----------------------------+----------------------------+---------------------------+---------------------------+


+-------------------------------------------------------------------------------------------------------------------------------------------------------------------------------------------------------------------------------------------------------------------------------------------------------------------------------------------------------------------------------------------------------------------------------------------------------------------------------------------------------------------------------------------------------------------------------------------------------------------------------------------------------------------------------------------+
; Signal Integrity Metrics (Fast 1200mv 0c Model)                                                                                                                                                                                                                                                                                                                                                                                                                                                                                                                                                                                                                                           ;
+--------------+--------------+---------------------+---------------------+------------------------------+------------------------------+---------------------+---------------------+--------------------------------------+--------------------------------------+-----------------------------+-----------------------------+----------------------------+----------------------------+-----------------------------+-----------------------------+--------------------+--------------------+-------------------------------------+-------------------------------------+----------------------------+----------------------------+---------------------------+---------------------------+
; Pin          ; I/O Standard ; Board Delay on Rise ; Board Delay on Fall ; Steady State Voh at FPGA Pin ; Steady State Vol at FPGA Pin ; Voh Max at FPGA Pin ; Vol Min at FPGA Pin ; Ringback Voltage on Rise at FPGA Pin ; Ringback Voltage on Fall at FPGA Pin ; 10-90 Rise Time at FPGA Pin ; 90-10 Fall Time at FPGA Pin ; Monotonic Rise at FPGA Pin ; Monotonic Fall at FPGA Pin ; Steady State Voh at Far-end ; Steady State Vol at Far-end ; Voh Max at Far-end ; Vol Min at Far-end ; Ringback Voltage on Rise at Far-end ; Ringback Voltage on Fall at Far-end ; 10-90 Rise Time at Far-end ; 90-10 Fall Time at Far-end ; Monotonic Rise at Far-end ; Monotonic Fall at Far-end ;
+--------------+--------------+---------------------+---------------------+------------------------------+------------------------------+---------------------+---------------------+--------------------------------------+--------------------------------------+-----------------------------+-----------------------------+----------------------------+----------------------------+-----------------------------+-----------------------------+--------------------+--------------------+-------------------------------------+-------------------------------------+----------------------------+----------------------------+---------------------------+---------------------------+
; HEX0[6]      ; 2.5 V        ; 0 s                 ; 0 s                 ; 2.62 V                       ; 9.95e-08 V                   ; 2.78 V              ; -0.0452 V           ; 0.248 V                              ; 0.108 V                              ; 2.67e-10 s                  ; 2.75e-10 s                  ; No                         ; Yes                        ; 2.62 V                      ; 9.95e-08 V                  ; 2.78 V             ; -0.0452 V          ; 0.248 V                             ; 0.108 V                             ; 2.67e-10 s                 ; 2.75e-10 s                 ; No                        ; Yes                       ;
; HEX0[5]      ; 2.5 V        ; 0 s                 ; 0 s                 ; 2.62 V                       ; 9.94e-08 V                   ; 2.78 V              ; -0.0444 V           ; 0.25 V                               ; 0.107 V                              ; 2.67e-10 s                  ; 2.75e-10 s                  ; No                         ; Yes                        ; 2.62 V                      ; 9.94e-08 V                  ; 2.78 V             ; -0.0444 V          ; 0.25 V                              ; 0.107 V                             ; 2.67e-10 s                 ; 2.75e-10 s                 ; No                        ; Yes                       ;
; HEX0[4]      ; 2.5 V        ; 0 s                 ; 0 s                 ; 2.62 V                       ; 9.94e-08 V                   ; 2.78 V              ; -0.0444 V           ; 0.25 V                               ; 0.107 V                              ; 2.67e-10 s                  ; 2.75e-10 s                  ; No                         ; Yes                        ; 2.62 V                      ; 9.94e-08 V                  ; 2.78 V             ; -0.0444 V          ; 0.25 V                              ; 0.107 V                             ; 2.67e-10 s                 ; 2.75e-10 s                 ; No                        ; Yes                       ;
; HEX0[3]      ; 2.5 V        ; 0 s                 ; 0 s                 ; 2.62 V                       ; 9.94e-08 V                   ; 2.78 V              ; -0.0444 V           ; 0.25 V                               ; 0.107 V                              ; 2.67e-10 s                  ; 2.75e-10 s                  ; No                         ; Yes                        ; 2.62 V                      ; 9.94e-08 V                  ; 2.78 V             ; -0.0444 V          ; 0.25 V                              ; 0.107 V                             ; 2.67e-10 s                 ; 2.75e-10 s                 ; No                        ; Yes                       ;
; HEX0[2]      ; 2.5 V        ; 0 s                 ; 0 s                 ; 2.62 V                       ; 9.95e-08 V                   ; 2.78 V              ; -0.0452 V           ; 0.248 V                              ; 0.108 V                              ; 2.67e-10 s                  ; 2.75e-10 s                  ; No                         ; Yes                        ; 2.62 V                      ; 9.95e-08 V                  ; 2.78 V             ; -0.0452 V          ; 0.248 V                             ; 0.108 V                             ; 2.67e-10 s                 ; 2.75e-10 s                 ; No                        ; Yes                       ;
; HEX0[1]      ; 2.5 V        ; 0 s                 ; 0 s                 ; 2.62 V                       ; 9.95e-08 V                   ; 2.78 V              ; -0.0452 V           ; 0.248 V                              ; 0.108 V                              ; 2.67e-10 s                  ; 2.75e-10 s                  ; No                         ; Yes                        ; 2.62 V                      ; 9.95e-08 V                  ; 2.78 V             ; -0.0452 V          ; 0.248 V                             ; 0.108 V                             ; 2.67e-10 s                 ; 2.75e-10 s                 ; No                        ; Yes                       ;
; HEX0[0]      ; 2.5 V        ; 0 s                 ; 0 s                 ; 2.62 V                       ; 9.94e-08 V                   ; 2.78 V              ; -0.0444 V           ; 0.25 V                               ; 0.107 V                              ; 2.67e-10 s                  ; 2.75e-10 s                  ; No                         ; Yes                        ; 2.62 V                      ; 9.94e-08 V                  ; 2.78 V             ; -0.0444 V          ; 0.25 V                              ; 0.107 V                             ; 2.67e-10 s                 ; 2.75e-10 s                 ; No                        ; Yes                       ;
; HEX1[6]      ; 2.5 V        ; 0 s                 ; 0 s                 ; 2.62 V                       ; 9.95e-08 V                   ; 2.78 V              ; -0.0452 V           ; 0.248 V                              ; 0.108 V                              ; 2.67e-10 s                  ; 2.75e-10 s                  ; No                         ; Yes                        ; 2.62 V                      ; 9.95e-08 V                  ; 2.78 V             ; -0.0452 V          ; 0.248 V                             ; 0.108 V                             ; 2.67e-10 s                 ; 2.75e-10 s                 ; No                        ; Yes                       ;
; HEX1[5]      ; 2.5 V        ; 0 s                 ; 0 s                 ; 2.62 V                       ; 9.94e-08 V                   ; 2.78 V              ; -0.0444 V           ; 0.25 V                               ; 0.107 V                              ; 2.67e-10 s                  ; 2.75e-10 s                  ; No                         ; Yes                        ; 2.62 V                      ; 9.94e-08 V                  ; 2.78 V             ; -0.0444 V          ; 0.25 V                              ; 0.107 V                             ; 2.67e-10 s                 ; 2.75e-10 s                 ; No                        ; Yes                       ;
; HEX1[4]      ; 2.5 V        ; 0 s                 ; 0 s                 ; 2.62 V                       ; 9.95e-08 V                   ; 2.78 V              ; -0.0452 V           ; 0.248 V                              ; 0.108 V                              ; 2.67e-10 s                  ; 2.75e-10 s                  ; No                         ; Yes                        ; 2.62 V                      ; 9.95e-08 V                  ; 2.78 V             ; -0.0452 V          ; 0.248 V                             ; 0.108 V                             ; 2.67e-10 s                 ; 2.75e-10 s                 ; No                        ; Yes                       ;
; HEX1[3]      ; 2.5 V        ; 0 s                 ; 0 s                 ; 2.62 V                       ; 9.94e-08 V                   ; 2.78 V              ; -0.0444 V           ; 0.25 V                               ; 0.107 V                              ; 2.67e-10 s                  ; 2.75e-10 s                  ; No                         ; Yes                        ; 2.62 V                      ; 9.94e-08 V                  ; 2.78 V             ; -0.0444 V          ; 0.25 V                              ; 0.107 V                             ; 2.67e-10 s                 ; 2.75e-10 s                 ; No                        ; Yes                       ;
; HEX1[2]      ; 2.5 V        ; 0 s                 ; 0 s                 ; 2.62 V                       ; 9.95e-08 V                   ; 2.78 V              ; -0.0452 V           ; 0.248 V                              ; 0.108 V                              ; 2.67e-10 s                  ; 2.75e-10 s                  ; No                         ; Yes                        ; 2.62 V                      ; 9.95e-08 V                  ; 2.78 V             ; -0.0452 V          ; 0.248 V                             ; 0.108 V                             ; 2.67e-10 s                 ; 2.75e-10 s                 ; No                        ; Yes                       ;
; HEX1[1]      ; 2.5 V        ; 0 s                 ; 0 s                 ; 2.62 V                       ; 9.94e-08 V                   ; 2.78 V              ; -0.0444 V           ; 0.25 V                               ; 0.107 V                              ; 2.67e-10 s                  ; 2.75e-10 s                  ; No                         ; Yes                        ; 2.62 V                      ; 9.94e-08 V                  ; 2.78 V             ; -0.0444 V          ; 0.25 V                              ; 0.107 V                             ; 2.67e-10 s                 ; 2.75e-10 s                 ; No                        ; Yes                       ;
; HEX1[0]      ; 2.5 V        ; 0 s                 ; 0 s                 ; 2.62 V                       ; 9.94e-08 V                   ; 2.78 V              ; -0.0444 V           ; 0.25 V                               ; 0.107 V                              ; 2.67e-10 s                  ; 2.75e-10 s                  ; No                         ; Yes                        ; 2.62 V                      ; 9.94e-08 V                  ; 2.78 V             ; -0.0444 V          ; 0.25 V                              ; 0.107 V                             ; 2.67e-10 s                 ; 2.75e-10 s                 ; No                        ; Yes                       ;
; HEX2[6]      ; 2.5 V        ; 0 s                 ; 0 s                 ; 2.62 V                       ; 9.94e-08 V                   ; 2.78 V              ; -0.0444 V           ; 0.25 V                               ; 0.107 V                              ; 2.67e-10 s                  ; 2.75e-10 s                  ; No                         ; Yes                        ; 2.62 V                      ; 9.94e-08 V                  ; 2.78 V             ; -0.0444 V          ; 0.25 V                              ; 0.107 V                             ; 2.67e-10 s                 ; 2.75e-10 s                 ; No                        ; Yes                       ;
; HEX2[5]      ; 2.5 V        ; 0 s                 ; 0 s                 ; 2.62 V                       ; 9.95e-08 V                   ; 2.78 V              ; -0.0452 V           ; 0.248 V                              ; 0.108 V                              ; 2.67e-10 s                  ; 2.75e-10 s                  ; No                         ; Yes                        ; 2.62 V                      ; 9.95e-08 V                  ; 2.78 V             ; -0.0452 V          ; 0.248 V                             ; 0.108 V                             ; 2.67e-10 s                 ; 2.75e-10 s                 ; No                        ; Yes                       ;
; HEX2[4]      ; 2.5 V        ; 0 s                 ; 0 s                 ; 2.62 V                       ; 9.95e-08 V                   ; 2.78 V              ; -0.0452 V           ; 0.248 V                              ; 0.108 V                              ; 2.67e-10 s                  ; 2.75e-10 s                  ; No                         ; Yes                        ; 2.62 V                      ; 9.95e-08 V                  ; 2.78 V             ; -0.0452 V          ; 0.248 V                             ; 0.108 V                             ; 2.67e-10 s                 ; 2.75e-10 s                 ; No                        ; Yes                       ;
; HEX2[3]      ; 2.5 V        ; 0 s                 ; 0 s                 ; 2.62 V                       ; 9.95e-08 V                   ; 2.78 V              ; -0.0452 V           ; 0.248 V                              ; 0.108 V                              ; 2.67e-10 s                  ; 2.75e-10 s                  ; No                         ; Yes                        ; 2.62 V                      ; 9.95e-08 V                  ; 2.78 V             ; -0.0452 V          ; 0.248 V                             ; 0.108 V                             ; 2.67e-10 s                 ; 2.75e-10 s                 ; No                        ; Yes                       ;
; HEX2[2]      ; 2.5 V        ; 0 s                 ; 0 s                 ; 2.62 V                       ; 9.95e-08 V                   ; 2.78 V              ; -0.0452 V           ; 0.248 V                              ; 0.108 V                              ; 2.67e-10 s                  ; 2.75e-10 s                  ; No                         ; Yes                        ; 2.62 V                      ; 9.95e-08 V                  ; 2.78 V             ; -0.0452 V          ; 0.248 V                             ; 0.108 V                             ; 2.67e-10 s                 ; 2.75e-10 s                 ; No                        ; Yes                       ;
; HEX2[1]      ; 2.5 V        ; 0 s                 ; 0 s                 ; 2.62 V                       ; 9.94e-08 V                   ; 2.78 V              ; -0.0444 V           ; 0.25 V                               ; 0.107 V                              ; 2.67e-10 s                  ; 2.75e-10 s                  ; No                         ; Yes                        ; 2.62 V                      ; 9.94e-08 V                  ; 2.78 V             ; -0.0444 V          ; 0.25 V                              ; 0.107 V                             ; 2.67e-10 s                 ; 2.75e-10 s                 ; No                        ; Yes                       ;
; HEX2[0]      ; 2.5 V        ; 0 s                 ; 0 s                 ; 2.62 V                       ; 9.94e-08 V                   ; 2.78 V              ; -0.0444 V           ; 0.25 V                               ; 0.107 V                              ; 2.67e-10 s                  ; 2.75e-10 s                  ; No                         ; Yes                        ; 2.62 V                      ; 9.94e-08 V                  ; 2.78 V             ; -0.0444 V          ; 0.25 V                              ; 0.107 V                             ; 2.67e-10 s                 ; 2.75e-10 s                 ; No                        ; Yes                       ;
; HEX3[6]      ; 2.5 V        ; 0 s                 ; 0 s                 ; 2.62 V                       ; 9.95e-08 V                   ; 2.78 V              ; -0.0452 V           ; 0.248 V                              ; 0.108 V                              ; 2.67e-10 s                  ; 2.75e-10 s                  ; No                         ; Yes                        ; 2.62 V                      ; 9.95e-08 V                  ; 2.78 V             ; -0.0452 V          ; 0.248 V                             ; 0.108 V                             ; 2.67e-10 s                 ; 2.75e-10 s                 ; No                        ; Yes                       ;
; HEX3[5]      ; 2.5 V        ; 0 s                 ; 0 s                 ; 2.62 V                       ; 9.95e-08 V                   ; 2.78 V              ; -0.0452 V           ; 0.248 V                              ; 0.108 V                              ; 2.67e-10 s                  ; 2.75e-10 s                  ; No                         ; Yes                        ; 2.62 V                      ; 9.95e-08 V                  ; 2.78 V             ; -0.0452 V          ; 0.248 V                             ; 0.108 V                             ; 2.67e-10 s                 ; 2.75e-10 s                 ; No                        ; Yes                       ;
; HEX3[4]      ; 2.5 V        ; 0 s                 ; 0 s                 ; 2.62 V                       ; 9.94e-08 V                   ; 2.78 V              ; -0.0444 V           ; 0.25 V                               ; 0.107 V                              ; 2.67e-10 s                  ; 2.75e-10 s                  ; No                         ; Yes                        ; 2.62 V                      ; 9.94e-08 V                  ; 2.78 V             ; -0.0444 V          ; 0.25 V                              ; 0.107 V                             ; 2.67e-10 s                 ; 2.75e-10 s                 ; No                        ; Yes                       ;
; HEX3[3]      ; 2.5 V        ; 0 s                 ; 0 s                 ; 2.62 V                       ; 9.94e-08 V                   ; 2.78 V              ; -0.0444 V           ; 0.25 V                               ; 0.107 V                              ; 2.67e-10 s                  ; 2.75e-10 s                  ; No                         ; Yes                        ; 2.62 V                      ; 9.94e-08 V                  ; 2.78 V             ; -0.0444 V          ; 0.25 V                              ; 0.107 V                             ; 2.67e-10 s                 ; 2.75e-10 s                 ; No                        ; Yes                       ;
; HEX3[2]      ; 2.5 V        ; 0 s                 ; 0 s                 ; 2.62 V                       ; 9.95e-08 V                   ; 2.78 V              ; -0.0452 V           ; 0.248 V                              ; 0.108 V                              ; 2.67e-10 s                  ; 2.75e-10 s                  ; No                         ; Yes                        ; 2.62 V                      ; 9.95e-08 V                  ; 2.78 V             ; -0.0452 V          ; 0.248 V                             ; 0.108 V                             ; 2.67e-10 s                 ; 2.75e-10 s                 ; No                        ; Yes                       ;
; HEX3[1]      ; 2.5 V        ; 0 s                 ; 0 s                 ; 2.62 V                       ; 9.94e-08 V                   ; 2.78 V              ; -0.0444 V           ; 0.25 V                               ; 0.107 V                              ; 2.67e-10 s                  ; 2.75e-10 s                  ; No                         ; Yes                        ; 2.62 V                      ; 9.94e-08 V                  ; 2.78 V             ; -0.0444 V          ; 0.25 V                              ; 0.107 V                             ; 2.67e-10 s                 ; 2.75e-10 s                 ; No                        ; Yes                       ;
; HEX3[0]      ; 2.5 V        ; 0 s                 ; 0 s                 ; 2.62 V                       ; 9.94e-08 V                   ; 2.78 V              ; -0.0444 V           ; 0.25 V                               ; 0.107 V                              ; 2.67e-10 s                  ; 2.75e-10 s                  ; No                         ; Yes                        ; 2.62 V                      ; 9.94e-08 V                  ; 2.78 V             ; -0.0444 V          ; 0.25 V                              ; 0.107 V                             ; 2.67e-10 s                 ; 2.75e-10 s                 ; No                        ; Yes                       ;
; HEX4[6]      ; 2.5 V        ; 0 s                 ; 0 s                 ; 2.62 V                       ; 9.95e-08 V                   ; 2.78 V              ; -0.0452 V           ; 0.248 V                              ; 0.108 V                              ; 2.67e-10 s                  ; 2.75e-10 s                  ; No                         ; Yes                        ; 2.62 V                      ; 9.95e-08 V                  ; 2.78 V             ; -0.0452 V          ; 0.248 V                             ; 0.108 V                             ; 2.67e-10 s                 ; 2.75e-10 s                 ; No                        ; Yes                       ;
; HEX4[5]      ; 2.5 V        ; 0 s                 ; 0 s                 ; 2.62 V                       ; 9.94e-08 V                   ; 2.78 V              ; -0.0444 V           ; 0.25 V                               ; 0.107 V                              ; 2.67e-10 s                  ; 2.75e-10 s                  ; No                         ; Yes                        ; 2.62 V                      ; 9.94e-08 V                  ; 2.78 V             ; -0.0444 V          ; 0.25 V                              ; 0.107 V                             ; 2.67e-10 s                 ; 2.75e-10 s                 ; No                        ; Yes                       ;
; HEX4[4]      ; 2.5 V        ; 0 s                 ; 0 s                 ; 2.62 V                       ; 9.94e-08 V                   ; 2.78 V              ; -0.0444 V           ; 0.25 V                               ; 0.107 V                              ; 2.67e-10 s                  ; 2.75e-10 s                  ; No                         ; Yes                        ; 2.62 V                      ; 9.94e-08 V                  ; 2.78 V             ; -0.0444 V          ; 0.25 V                              ; 0.107 V                             ; 2.67e-10 s                 ; 2.75e-10 s                 ; No                        ; Yes                       ;
; HEX4[3]      ; 2.5 V        ; 0 s                 ; 0 s                 ; 2.62 V                       ; 9.95e-08 V                   ; 2.78 V              ; -0.0452 V           ; 0.248 V                              ; 0.108 V                              ; 2.67e-10 s                  ; 2.75e-10 s                  ; No                         ; Yes                        ; 2.62 V                      ; 9.95e-08 V                  ; 2.78 V             ; -0.0452 V          ; 0.248 V                             ; 0.108 V                             ; 2.67e-10 s                 ; 2.75e-10 s                 ; No                        ; Yes                       ;
; HEX4[2]      ; 2.5 V        ; 0 s                 ; 0 s                 ; 2.62 V                       ; 9.94e-08 V                   ; 2.78 V              ; -0.0444 V           ; 0.25 V                               ; 0.107 V                              ; 2.67e-10 s                  ; 2.75e-10 s                  ; No                         ; Yes                        ; 2.62 V                      ; 9.94e-08 V                  ; 2.78 V             ; -0.0444 V          ; 0.25 V                              ; 0.107 V                             ; 2.67e-10 s                 ; 2.75e-10 s                 ; No                        ; Yes                       ;
; HEX4[1]      ; 2.5 V        ; 0 s                 ; 0 s                 ; 2.62 V                       ; 9.95e-08 V                   ; 2.78 V              ; -0.0452 V           ; 0.248 V                              ; 0.108 V                              ; 2.67e-10 s                  ; 2.75e-10 s                  ; No                         ; Yes                        ; 2.62 V                      ; 9.95e-08 V                  ; 2.78 V             ; -0.0452 V          ; 0.248 V                             ; 0.108 V                             ; 2.67e-10 s                 ; 2.75e-10 s                 ; No                        ; Yes                       ;
; HEX4[0]      ; 2.5 V        ; 0 s                 ; 0 s                 ; 2.62 V                       ; 9.95e-08 V                   ; 2.78 V              ; -0.0452 V           ; 0.248 V                              ; 0.108 V                              ; 2.67e-10 s                  ; 2.75e-10 s                  ; No                         ; Yes                        ; 2.62 V                      ; 9.95e-08 V                  ; 2.78 V             ; -0.0452 V          ; 0.248 V                             ; 0.108 V                             ; 2.67e-10 s                 ; 2.75e-10 s                 ; No                        ; Yes                       ;
; HEX5[6]      ; 2.5 V        ; 0 s                 ; 0 s                 ; 2.62 V                       ; 9.95e-08 V                   ; 2.78 V              ; -0.0452 V           ; 0.248 V                              ; 0.108 V                              ; 2.67e-10 s                  ; 2.75e-10 s                  ; No                         ; Yes                        ; 2.62 V                      ; 9.95e-08 V                  ; 2.78 V             ; -0.0452 V          ; 0.248 V                             ; 0.108 V                             ; 2.67e-10 s                 ; 2.75e-10 s                 ; No                        ; Yes                       ;
; HEX5[5]      ; 2.5 V        ; 0 s                 ; 0 s                 ; 2.62 V                       ; 9.95e-08 V                   ; 2.78 V              ; -0.0452 V           ; 0.248 V                              ; 0.108 V                              ; 2.67e-10 s                  ; 2.75e-10 s                  ; No                         ; Yes                        ; 2.62 V                      ; 9.95e-08 V                  ; 2.78 V             ; -0.0452 V          ; 0.248 V                             ; 0.108 V                             ; 2.67e-10 s                 ; 2.75e-10 s                 ; No                        ; Yes                       ;
; HEX5[4]      ; 2.5 V        ; 0 s                 ; 0 s                 ; 2.62 V                       ; 9.94e-08 V                   ; 2.78 V              ; -0.0444 V           ; 0.25 V                               ; 0.107 V                              ; 2.67e-10 s                  ; 2.75e-10 s                  ; No                         ; Yes                        ; 2.62 V                      ; 9.94e-08 V                  ; 2.78 V             ; -0.0444 V          ; 0.25 V                              ; 0.107 V                             ; 2.67e-10 s                 ; 2.75e-10 s                 ; No                        ; Yes                       ;
; HEX5[3]      ; 2.5 V        ; 0 s                 ; 0 s                 ; 2.62 V                       ; 9.94e-08 V                   ; 2.78 V              ; -0.0444 V           ; 0.25 V                               ; 0.107 V                              ; 2.67e-10 s                  ; 2.75e-10 s                  ; No                         ; Yes                        ; 2.62 V                      ; 9.94e-08 V                  ; 2.78 V             ; -0.0444 V          ; 0.25 V                              ; 0.107 V                             ; 2.67e-10 s                 ; 2.75e-10 s                 ; No                        ; Yes                       ;
; HEX5[2]      ; 2.5 V        ; 0 s                 ; 0 s                 ; 2.62 V                       ; 9.95e-08 V                   ; 2.78 V              ; -0.0452 V           ; 0.248 V                              ; 0.108 V                              ; 2.67e-10 s                  ; 2.75e-10 s                  ; No                         ; Yes                        ; 2.62 V                      ; 9.95e-08 V                  ; 2.78 V             ; -0.0452 V          ; 0.248 V                             ; 0.108 V                             ; 2.67e-10 s                 ; 2.75e-10 s                 ; No                        ; Yes                       ;
; HEX5[1]      ; 2.5 V        ; 0 s                 ; 0 s                 ; 2.62 V                       ; 9.95e-08 V                   ; 2.78 V              ; -0.0452 V           ; 0.248 V                              ; 0.108 V                              ; 2.67e-10 s                  ; 2.75e-10 s                  ; No                         ; Yes                        ; 2.62 V                      ; 9.95e-08 V                  ; 2.78 V             ; -0.0452 V          ; 0.248 V                             ; 0.108 V                             ; 2.67e-10 s                 ; 2.75e-10 s                 ; No                        ; Yes                       ;
; HEX5[0]      ; 2.5 V        ; 0 s                 ; 0 s                 ; 2.62 V                       ; 9.94e-08 V                   ; 2.78 V              ; -0.0444 V           ; 0.25 V                               ; 0.107 V                              ; 2.67e-10 s                  ; 2.75e-10 s                  ; No                         ; Yes                        ; 2.62 V                      ; 9.94e-08 V                  ; 2.78 V             ; -0.0444 V          ; 0.25 V                              ; 0.107 V                             ; 2.67e-10 s                 ; 2.75e-10 s                 ; No                        ; Yes                       ;
; ~ALTERA_TDO~ ; 2.5 V        ; 0 s                 ; 0 s                 ; 2.62 V                       ; 1.68e-07 V                   ; 2.73 V              ; -0.0395 V           ; 0.361 V                              ; 0.109 V                              ; 3.1e-10 s                   ; 4.41e-10 s                  ; No                         ; Yes                        ; 2.62 V                      ; 1.68e-07 V                  ; 2.73 V             ; -0.0395 V          ; 0.361 V                             ; 0.109 V                             ; 3.1e-10 s                  ; 4.41e-10 s                 ; No                        ; Yes                       ;
+--------------+--------------+---------------------+---------------------+------------------------------+------------------------------+---------------------+---------------------+--------------------------------------+--------------------------------------+-----------------------------+-----------------------------+----------------------------+----------------------------+-----------------------------+-----------------------------+--------------------+--------------------+-------------------------------------+-------------------------------------+----------------------------+----------------------------+---------------------------+---------------------------+


+--------------------------------------------------------------------+
; Setup Transfers                                                    ;
+------------+----------+-----------+----------+----------+----------+
; From Clock ; To Clock ; RR Paths  ; FR Paths ; RF Paths ; FF Paths ;
+------------+----------+-----------+----------+----------+----------+
; KEY[1]     ; KEY[1]   ; 115589351 ; 0        ; 0        ; 0        ;
+------------+----------+-----------+----------+----------+----------+
Entries labeled "false path" only account for clock-to-clock false paths and not path-based false paths. As a result, actual path counts may be lower than reported.


+--------------------------------------------------------------------+
; Hold Transfers                                                     ;
+------------+----------+-----------+----------+----------+----------+
; From Clock ; To Clock ; RR Paths  ; FR Paths ; RF Paths ; FF Paths ;
+------------+----------+-----------+----------+----------+----------+
; KEY[1]     ; KEY[1]   ; 115589351 ; 0        ; 0        ; 0        ;
+------------+----------+-----------+----------+----------+----------+
Entries labeled "false path" only account for clock-to-clock false paths and not path-based false paths. As a result, actual path counts may be lower than reported.


---------------
; Report TCCS ;
---------------
No dedicated SERDES Transmitter circuitry present in device or used in design


---------------
; Report RSKM ;
---------------
No non-DPA dedicated SERDES Receiver circuitry present in device or used in design


+------------------------------------------------+
; Unconstrained Paths Summary                    ;
+---------------------------------+-------+------+
; Property                        ; Setup ; Hold ;
+---------------------------------+-------+------+
; Illegal Clocks                  ; 0     ; 0    ;
; Unconstrained Clocks            ; 0     ; 0    ;
; Unconstrained Input Ports       ; 1     ; 1    ;
; Unconstrained Input Port Paths  ; 8     ; 8    ;
; Unconstrained Output Ports      ; 42    ; 42   ;
; Unconstrained Output Port Paths ; 1876  ; 1876 ;
+---------------------------------+-------+------+


+--------------------------------------+
; Clock Status Summary                 ;
+--------+--------+------+-------------+
; Target ; Clock  ; Type ; Status      ;
+--------+--------+------+-------------+
; KEY[1] ; KEY[1] ; Base ; Constrained ;
+--------+--------+------+-------------+


+---------------------------------------------------------------------------------------------------+
; Unconstrained Input Ports                                                                         ;
+------------+--------------------------------------------------------------------------------------+
; Input Port ; Comment                                                                              ;
+------------+--------------------------------------------------------------------------------------+
; KEY[0]     ; No input delay, min/max delays, false-path exceptions, or max skew assignments found ;
+------------+--------------------------------------------------------------------------------------+


+-----------------------------------------------------------------------------------------------------+
; Unconstrained Output Ports                                                                          ;
+-------------+---------------------------------------------------------------------------------------+
; Output Port ; Comment                                                                               ;
+-------------+---------------------------------------------------------------------------------------+
; HEX0[0]     ; No output delay, min/max delays, false-path exceptions, or max skew assignments found ;
; HEX0[1]     ; No output delay, min/max delays, false-path exceptions, or max skew assignments found ;
; HEX0[2]     ; No output delay, min/max delays, false-path exceptions, or max skew assignments found ;
; HEX0[3]     ; No output delay, min/max delays, false-path exceptions, or max skew assignments found ;
; HEX0[4]     ; No output delay, min/max delays, false-path exceptions, or max skew assignments found ;
; HEX0[5]     ; No output delay, min/max delays, false-path exceptions, or max skew assignments found ;
; HEX0[6]     ; No output delay, min/max delays, false-path exceptions, or max skew assignments found ;
; HEX1[0]     ; No output delay, min/max delays, false-path exceptions, or max skew assignments found ;
; HEX1[1]     ; No output delay, min/max delays, false-path exceptions, or max skew assignments found ;
; HEX1[2]     ; No output delay, min/max delays, false-path exceptions, or max skew assignments found ;
; HEX1[3]     ; No output delay, min/max delays, false-path exceptions, or max skew assignments found ;
; HEX1[4]     ; No output delay, min/max delays, false-path exceptions, or max skew assignments found ;
; HEX1[5]     ; No output delay, min/max delays, false-path exceptions, or max skew assignments found ;
; HEX1[6]     ; No output delay, min/max delays, false-path exceptions, or max skew assignments found ;
; HEX2[0]     ; No output delay, min/max delays, false-path exceptions, or max skew assignments found ;
; HEX2[1]     ; No output delay, min/max delays, false-path exceptions, or max skew assignments found ;
; HEX2[2]     ; No output delay, min/max delays, false-path exceptions, or max skew assignments found ;
; HEX2[3]     ; No output delay, min/max delays, false-path exceptions, or max skew assignments found ;
; HEX2[4]     ; No output delay, min/max delays, false-path exceptions, or max skew assignments found ;
; HEX2[5]     ; No output delay, min/max delays, false-path exceptions, or max skew assignments found ;
; HEX2[6]     ; No output delay, min/max delays, false-path exceptions, or max skew assignments found ;
; HEX3[0]     ; No output delay, min/max delays, false-path exceptions, or max skew assignments found ;
; HEX3[1]     ; No output delay, min/max delays, false-path exceptions, or max skew assignments found ;
; HEX3[2]     ; No output delay, min/max delays, false-path exceptions, or max skew assignments found ;
; HEX3[3]     ; No output delay, min/max delays, false-path exceptions, or max skew assignments found ;
; HEX3[4]     ; No output delay, min/max delays, false-path exceptions, or max skew assignments found ;
; HEX3[5]     ; No output delay, min/max delays, false-path exceptions, or max skew assignments found ;
; HEX3[6]     ; No output delay, min/max delays, false-path exceptions, or max skew assignments found ;
; HEX4[0]     ; No output delay, min/max delays, false-path exceptions, or max skew assignments found ;
; HEX4[1]     ; No output delay, min/max delays, false-path exceptions, or max skew assignments found ;
; HEX4[2]     ; No output delay, min/max delays, false-path exceptions, or max skew assignments found ;
; HEX4[3]     ; No output delay, min/max delays, false-path exceptions, or max skew assignments found ;
; HEX4[4]     ; No output delay, min/max delays, false-path exceptions, or max skew assignments found ;
; HEX4[5]     ; No output delay, min/max delays, false-path exceptions, or max skew assignments found ;
; HEX4[6]     ; No output delay, min/max delays, false-path exceptions, or max skew assignments found ;
; HEX5[0]     ; No output delay, min/max delays, false-path exceptions, or max skew assignments found ;
; HEX5[1]     ; No output delay, min/max delays, false-path exceptions, or max skew assignments found ;
; HEX5[2]     ; No output delay, min/max delays, false-path exceptions, or max skew assignments found ;
; HEX5[3]     ; No output delay, min/max delays, false-path exceptions, or max skew assignments found ;
; HEX5[4]     ; No output delay, min/max delays, false-path exceptions, or max skew assignments found ;
; HEX5[5]     ; No output delay, min/max delays, false-path exceptions, or max skew assignments found ;
; HEX5[6]     ; No output delay, min/max delays, false-path exceptions, or max skew assignments found ;
+-------------+---------------------------------------------------------------------------------------+


+---------------------------------------------------------------------------------------------------+
; Unconstrained Input Ports                                                                         ;
+------------+--------------------------------------------------------------------------------------+
; Input Port ; Comment                                                                              ;
+------------+--------------------------------------------------------------------------------------+
; KEY[0]     ; No input delay, min/max delays, false-path exceptions, or max skew assignments found ;
+------------+--------------------------------------------------------------------------------------+


+-----------------------------------------------------------------------------------------------------+
; Unconstrained Output Ports                                                                          ;
+-------------+---------------------------------------------------------------------------------------+
; Output Port ; Comment                                                                               ;
+-------------+---------------------------------------------------------------------------------------+
; HEX0[0]     ; No output delay, min/max delays, false-path exceptions, or max skew assignments found ;
; HEX0[1]     ; No output delay, min/max delays, false-path exceptions, or max skew assignments found ;
; HEX0[2]     ; No output delay, min/max delays, false-path exceptions, or max skew assignments found ;
; HEX0[3]     ; No output delay, min/max delays, false-path exceptions, or max skew assignments found ;
; HEX0[4]     ; No output delay, min/max delays, false-path exceptions, or max skew assignments found ;
; HEX0[5]     ; No output delay, min/max delays, false-path exceptions, or max skew assignments found ;
; HEX0[6]     ; No output delay, min/max delays, false-path exceptions, or max skew assignments found ;
; HEX1[0]     ; No output delay, min/max delays, false-path exceptions, or max skew assignments found ;
; HEX1[1]     ; No output delay, min/max delays, false-path exceptions, or max skew assignments found ;
; HEX1[2]     ; No output delay, min/max delays, false-path exceptions, or max skew assignments found ;
; HEX1[3]     ; No output delay, min/max delays, false-path exceptions, or max skew assignments found ;
; HEX1[4]     ; No output delay, min/max delays, false-path exceptions, or max skew assignments found ;
; HEX1[5]     ; No output delay, min/max delays, false-path exceptions, or max skew assignments found ;
; HEX1[6]     ; No output delay, min/max delays, false-path exceptions, or max skew assignments found ;
; HEX2[0]     ; No output delay, min/max delays, false-path exceptions, or max skew assignments found ;
; HEX2[1]     ; No output delay, min/max delays, false-path exceptions, or max skew assignments found ;
; HEX2[2]     ; No output delay, min/max delays, false-path exceptions, or max skew assignments found ;
; HEX2[3]     ; No output delay, min/max delays, false-path exceptions, or max skew assignments found ;
; HEX2[4]     ; No output delay, min/max delays, false-path exceptions, or max skew assignments found ;
; HEX2[5]     ; No output delay, min/max delays, false-path exceptions, or max skew assignments found ;
; HEX2[6]     ; No output delay, min/max delays, false-path exceptions, or max skew assignments found ;
; HEX3[0]     ; No output delay, min/max delays, false-path exceptions, or max skew assignments found ;
; HEX3[1]     ; No output delay, min/max delays, false-path exceptions, or max skew assignments found ;
; HEX3[2]     ; No output delay, min/max delays, false-path exceptions, or max skew assignments found ;
; HEX3[3]     ; No output delay, min/max delays, false-path exceptions, or max skew assignments found ;
; HEX3[4]     ; No output delay, min/max delays, false-path exceptions, or max skew assignments found ;
; HEX3[5]     ; No output delay, min/max delays, false-path exceptions, or max skew assignments found ;
; HEX3[6]     ; No output delay, min/max delays, false-path exceptions, or max skew assignments found ;
; HEX4[0]     ; No output delay, min/max delays, false-path exceptions, or max skew assignments found ;
; HEX4[1]     ; No output delay, min/max delays, false-path exceptions, or max skew assignments found ;
; HEX4[2]     ; No output delay, min/max delays, false-path exceptions, or max skew assignments found ;
; HEX4[3]     ; No output delay, min/max delays, false-path exceptions, or max skew assignments found ;
; HEX4[4]     ; No output delay, min/max delays, false-path exceptions, or max skew assignments found ;
; HEX4[5]     ; No output delay, min/max delays, false-path exceptions, or max skew assignments found ;
; HEX4[6]     ; No output delay, min/max delays, false-path exceptions, or max skew assignments found ;
; HEX5[0]     ; No output delay, min/max delays, false-path exceptions, or max skew assignments found ;
; HEX5[1]     ; No output delay, min/max delays, false-path exceptions, or max skew assignments found ;
; HEX5[2]     ; No output delay, min/max delays, false-path exceptions, or max skew assignments found ;
; HEX5[3]     ; No output delay, min/max delays, false-path exceptions, or max skew assignments found ;
; HEX5[4]     ; No output delay, min/max delays, false-path exceptions, or max skew assignments found ;
; HEX5[5]     ; No output delay, min/max delays, false-path exceptions, or max skew assignments found ;
; HEX5[6]     ; No output delay, min/max delays, false-path exceptions, or max skew assignments found ;
+-------------+---------------------------------------------------------------------------------------+


+--------------------------+
; Timing Analyzer Messages ;
+--------------------------+
Info: *******************************************************************
Info: Running Quartus Prime Timing Analyzer
    Info: Version 18.1.0 Build 625 09/12/2018 SJ Lite Edition
    Info: Processing started: Sat Mar 15 15:01:14 2025
Info: Command: quartus_sta top -c top
Info: qsta_default_script.tcl version: #1
Warning (20013): Ignored 24 assignments for entity "ual_fpga" -- entity does not exist in design
    Warning (20014): Assignment for entity set_instance_assignment -name PARTITION_HIERARCHY root_partition -to | -entity ual_fpga -section_id Top was ignored
    Warning (20014): Assignment for entity set_global_assignment -name PARTITION_NETLIST_TYPE SOURCE -entity ual_fpga -section_id Top was ignored
    Warning (20014): Assignment for entity set_global_assignment -name PARTITION_FITTER_PRESERVATION_LEVEL PLACEMENT_AND_ROUTING -entity ual_fpga -section_id Top was ignored
    Warning (20014): Assignment for entity set_global_assignment -name PARTITION_PRESERVE_HIGH_SPEED_TILES ON -entity ual_fpga -section_id Top was ignored
    Warning (20014): Assignment for entity set_global_assignment -name PARTITION_IGNORE_SOURCE_FILE_CHANGES OFF -entity ual_fpga -section_id Top was ignored
    Warning (20014): Assignment for entity set_global_assignment -name PARTITION_ALWAYS_USE_QXP_NETLIST OFF -entity ual_fpga -section_id Top was ignored
    Warning (20014): Assignment for entity set_global_assignment -name PARTITION_COLOR 16764057 -entity ual_fpga -section_id Top was ignored
    Warning (20014): Assignment for entity set_global_assignment -name PARTITION_IMPORT_ASSIGNMENTS ON -entity ual_fpga -section_id Top was ignored
    Warning (20014): Assignment for entity set_global_assignment -name PARTITION_IMPORT_EXISTING_ASSIGNMENTS REPLACE_CONFLICTING -entity ual_fpga -section_id Top was ignored
    Warning (20014): Assignment for entity set_global_assignment -name PARTITION_IMPORT_EXISTING_LOGICLOCK_REGIONS UPDATE_CONFLICTING -entity ual_fpga -section_id Top was ignored
    Warning (20014): Assignment for entity set_global_assignment -name PARTITION_IMPORT_PIN_ASSIGNMENTS ON -entity ual_fpga -section_id Top was ignored
    Warning (20014): Assignment for entity set_global_assignment -name PARTITION_IMPORT_PROMOTE_ASSIGNMENTS ON -entity ual_fpga -section_id Top was ignored
    Warning (20014): Assignment for entity set_global_assignment -name PARTITION_TYPE STANDARD_PARTITION -entity ual_fpga -section_id Top was ignored
    Warning (20014): Assignment for entity set_global_assignment -name ALLOW_MULTIPLE_PERSONAS OFF -entity ual_fpga -section_id Top was ignored
    Warning (20014): Assignment for entity set_global_assignment -name PARTITION_ASD_REGION_ID 1 -entity ual_fpga -section_id Top was ignored
    Warning (20014): Assignment for entity set_global_assignment -name CROSS_BOUNDARY_OPTIMIZATIONS OFF -entity ual_fpga -section_id Top was ignored
    Warning (20014): Assignment for entity set_global_assignment -name PROPAGATE_CONSTANTS_ON_INPUTS ON -entity ual_fpga -section_id Top was ignored
    Warning (20014): Assignment for entity set_global_assignment -name PROPAGATE_INVERSIONS_ON_INPUTS ON -entity ual_fpga -section_id Top was ignored
    Warning (20014): Assignment for entity set_global_assignment -name REMOVE_LOGIC_ON_UNCONNECTED_OUTPUTS ON -entity ual_fpga -section_id Top was ignored
    Warning (20014): Assignment for entity set_global_assignment -name MERGE_EQUIVALENT_INPUTS ON -entity ual_fpga -section_id Top was ignored
    Warning (20014): Assignment for entity set_global_assignment -name MERGE_EQUIVALENT_BIDIRS ON -entity ual_fpga -section_id Top was ignored
    Warning (20014): Assignment for entity set_global_assignment -name ABSORB_PATHS_FROM_OUTPUTS_TO_INPUTS ON -entity ual_fpga -section_id Top was ignored
    Warning (20014): Assignment for entity set_global_assignment -name PARTITION_EXTRACT_HARD_BLOCK_NODES ON -entity ual_fpga -section_id Top was ignored
    Warning (20014): Assignment for entity set_global_assignment -name PARTITION_ENABLE_STRICT_PRESERVATION OFF -entity ual_fpga -section_id Top was ignored
Warning (18236): Number of processors has not been specified which may cause overloading on shared machines.  Set the global assignment NUM_PARALLEL_PROCESSORS in your QSF to an appropriate value for best performance.
Info (20030): Parallel compilation is enabled and will use 10 of the 10 processors detected
Info (21077): Low junction temperature is 0 degrees C
Info (21077): High junction temperature is 85 degrees C
Info (332104): Reading SDC File: '../../src/top_fpga.sdc'
Warning (332174): Ignored filter at top_fpga.sdc(6): clk could not be matched with a port File: C:/Users/Vinny/Desktop/ETS/Hiver 2025/ELE344/Projet2/ELE344_Projet2_TESV_RAIY/src/top_fpga.sdc Line: 6
Warning (332049): Ignored create_clock at top_fpga.sdc(6): Argument <targets> is an empty collection File: C:/Users/Vinny/Desktop/ETS/Hiver 2025/ELE344/Projet2/ELE344_Projet2_TESV_RAIY/src/top_fpga.sdc Line: 6
    Info (332050): create_clock -name {CLK} -period 20.000 -waveform { 0.000 10.000 } [get_ports {clk}] File: C:/Users/Vinny/Desktop/ETS/Hiver 2025/ELE344/Projet2/ELE344_Projet2_TESV_RAIY/src/top_fpga.sdc Line: 6
Info (332142): No user constrained base clocks found in the design. Calling "derive_clocks -period 1.0"
Info (332105): Deriving Clocks
    Info (332105): create_clock -period 1.000 -name KEY[1] KEY[1]
Info (332143): No user constrained clock uncertainty found in the design. Calling "derive_clock_uncertainty"
Info (332154): The derive_clock_uncertainty command did not apply clock uncertainty to any clock-to-clock transfers.
Info: Found TIMING_ANALYZER_REPORT_SCRIPT_INCLUDE_DEFAULT_ANALYSIS = ON
Info: Analyzing Slow 1200mV 85C Model
Info: Can't run Report Timing Closure Recommendations. The current device family is not supported.
Critical Warning (332148): Timing requirements not met
Info (332146): Worst-case setup slack is -16.076
    Info (332119):     Slack       End Point TNS Clock 
    Info (332119): ========= =================== =====================
    Info (332119):   -16.076          -53647.416 KEY[1] 
Info (332146): Worst-case hold slack is 0.930
    Info (332119):     Slack       End Point TNS Clock 
    Info (332119): ========= =================== =====================
    Info (332119):     0.930               0.000 KEY[1] 
Info (332140): No Recovery paths to report
Info (332140): No Removal paths to report
Info (332146): Worst-case minimum pulse width slack is -3.000
    Info (332119):     Slack       End Point TNS Clock 
    Info (332119): ========= =================== =====================
    Info (332119):    -3.000           -5985.392 KEY[1] 
Info: Analyzing Slow 1200mV 0C Model
Info (334003): Started post-fitting delay annotation
Info (334004): Delay annotation completed successfully
Info (332154): The derive_clock_uncertainty command did not apply clock uncertainty to any clock-to-clock transfers.
Critical Warning (332148): Timing requirements not met
Info (332146): Worst-case setup slack is -14.781
    Info (332119):     Slack       End Point TNS Clock 
    Info (332119): ========= =================== =====================
    Info (332119):   -14.781          -48978.131 KEY[1] 
Info (332146): Worst-case hold slack is 0.855
    Info (332119):     Slack       End Point TNS Clock 
    Info (332119): ========= =================== =====================
    Info (332119):     0.855               0.000 KEY[1] 
Info (332140): No Recovery paths to report
Info (332140): No Removal paths to report
Info (332146): Worst-case minimum pulse width slack is -3.000
    Info (332119):     Slack       End Point TNS Clock 
    Info (332119): ========= =================== =====================
    Info (332119):    -3.000           -5985.392 KEY[1] 
Info: Analyzing Fast 1200mV 0C Model
Info (332154): The derive_clock_uncertainty command did not apply clock uncertainty to any clock-to-clock transfers.
Critical Warning (332148): Timing requirements not met
Info (332146): Worst-case setup slack is -6.610
    Info (332119):     Slack       End Point TNS Clock 
    Info (332119): ========= =================== =====================
    Info (332119):    -6.610          -21034.160 KEY[1] 
Info (332146): Worst-case hold slack is 0.377
    Info (332119):     Slack       End Point TNS Clock 
    Info (332119): ========= =================== =====================
    Info (332119):     0.377               0.000 KEY[1] 
Info (332140): No Recovery paths to report
Info (332140): No Removal paths to report
Info (332146): Worst-case minimum pulse width slack is -3.000
    Info (332119):     Slack       End Point TNS Clock 
    Info (332119): ========= =================== =====================
    Info (332119):    -3.000           -4878.994 KEY[1] 
Info (332102): Design is not fully constrained for setup requirements
Info (332102): Design is not fully constrained for hold requirements
Info: Quartus Prime Timing Analyzer was successful. 0 errors, 31 warnings
    Info: Peak virtual memory: 4964 megabytes
    Info: Processing ended: Sat Mar 15 15:01:20 2025
    Info: Elapsed time: 00:00:06
    Info: Total CPU time (on all processors): 00:00:17


