Fitter report for top_fpga
Sun Mar 16 14:42:09 2025
Quartus Prime Version 23.1std.1 Build 993 05/14/2024 SC Lite Edition


---------------------
; Table of Contents ;
---------------------
  1. Legal Notice
  2. Fitter Summary
  3. Fitter Settings
  4. Parallel Compilation
  5. Incremental Compilation Preservation Summary
  6. Incremental Compilation Partition Settings
  7. Incremental Compilation Placement Preservation
  8. Pin-Out File
  9. Fitter Resource Usage Summary
 10. Fitter Partition Statistics
 11. Input Pins
 12. Output Pins
 13. Dual Purpose and Dedicated Pins
 14. I/O Bank Usage
 15. All Package Pins
 16. I/O Assignment Warnings
 17. Fitter Resource Utilization by Entity
 18. Delay Chain Summary
 19. Pad To Core Delay Chain Fanout
 20. Control Signals
 21. Non-Global High Fan-Out Signals
 22. Routing Usage Summary
 23. LAB Logic Elements
 24. LAB-wide Signals
 25. LAB Signals Sourced
 26. LAB Signals Sourced Out
 27. LAB Distinct Inputs
 28. I/O Rules Summary
 29. I/O Rules Details
 30. I/O Rules Matrix
 31. Fitter Device Options
 32. Operating Settings and Conditions
 33. Estimated Delay Added for Hold Timing Summary
 34. Estimated Delay Added for Hold Timing Details
 35. Fitter Messages
 36. Fitter Suppressed Messages



----------------
; Legal Notice ;
----------------
Copyright (C) 2024  Intel Corporation. All rights reserved.
Your use of Intel Corporation's design tools, logic functions 
and other software and tools, and any partner logic 
functions, and any output files from any of the foregoing 
(including device programming or simulation files), and any 
associated documentation or information are expressly subject 
to the terms and conditions of the Intel Program License 
Subscription Agreement, the Intel Quartus Prime License Agreement,
the Intel FPGA IP License Agreement, or other applicable license
agreement, including, without limitation, that your use is for
the sole purpose of programming logic devices manufactured by
Intel and sold by Intel or its authorized distributors.  Please
refer to the applicable agreement for further details, at
https://fpgasoftware.intel.com/eula.



+-------------------------------------------------------------------------------------+
; Fitter Summary                                                                      ;
+------------------------------------+------------------------------------------------+
; Fitter Status                      ; Successful - Sun Mar 16 14:42:09 2025          ;
; Quartus Prime Version              ; 23.1std.1 Build 993 05/14/2024 SC Lite Edition ;
; Revision Name                      ; top_fpga                                       ;
; Top-level Entity Name              ; TOP_FPGA                                       ;
; Family                             ; MAX 10                                         ;
; Device                             ; 10M50DAF484C7G                                 ;
; Timing Models                      ; Final                                          ;
; Total logic elements               ; 5,484 / 49,760 ( 11 % )                        ;
;     Total combinational functions  ; 3,426 / 49,760 ( 7 % )                         ;
;     Dedicated logic registers      ; 4,262 / 49,760 ( 9 % )                         ;
; Total registers                    ; 4262                                           ;
; Total pins                         ; 44 / 360 ( 12 % )                              ;
; Total virtual pins                 ; 0                                              ;
; Total memory bits                  ; 0 / 1,677,312 ( 0 % )                          ;
; Embedded Multiplier 9-bit elements ; 0 / 288 ( 0 % )                                ;
; Total PLLs                         ; 0 / 4 ( 0 % )                                  ;
; UFM blocks                         ; 0 / 1 ( 0 % )                                  ;
; ADC blocks                         ; 0 / 2 ( 0 % )                                  ;
+------------------------------------+------------------------------------------------+


+----------------------------------------------------------------------------------------------------------------------------------------------------+
; Fitter Settings                                                                                                                                    ;
+--------------------------------------------------------------------+---------------------------------------+---------------------------------------+
; Option                                                             ; Setting                               ; Default Value                         ;
+--------------------------------------------------------------------+---------------------------------------+---------------------------------------+
; Device                                                             ; 10M50DAF484C7G                        ;                                       ;
; Maximum processors allowed for parallel compilation                ; 8                                     ;                                       ;
; Minimum Core Junction Temperature                                  ; 0                                     ;                                       ;
; Maximum Core Junction Temperature                                  ; 85                                    ;                                       ;
; Fit Attempts to Skip                                               ; 0                                     ; 0.0                                   ;
; Use smart compilation                                              ; Off                                   ; Off                                   ;
; Enable parallel Assembler and Timing Analyzer during compilation   ; On                                    ; On                                    ;
; Enable compact report table                                        ; Off                                   ; Off                                   ;
; Auto Merge PLLs                                                    ; On                                    ; On                                    ;
; Router Timing Optimization Level                                   ; Normal                                ; Normal                                ;
; Perform Clocking Topology Analysis During Routing                  ; Off                                   ; Off                                   ;
; Placement Effort Multiplier                                        ; 1.0                                   ; 1.0                                   ;
; Router Effort Multiplier                                           ; 1.0                                   ; 1.0                                   ;
; Optimize Hold Timing                                               ; All Paths                             ; All Paths                             ;
; Optimize Multi-Corner Timing                                       ; On                                    ; On                                    ;
; Power Optimization During Fitting                                  ; Normal compilation                    ; Normal compilation                    ;
; SSN Optimization                                                   ; Off                                   ; Off                                   ;
; Optimize Timing                                                    ; Normal compilation                    ; Normal compilation                    ;
; Optimize Timing for ECOs                                           ; Off                                   ; Off                                   ;
; Regenerate Full Fit Report During ECO Compiles                     ; Off                                   ; Off                                   ;
; Optimize IOC Register Placement for Timing                         ; Normal                                ; Normal                                ;
; Final Placement Optimizations                                      ; Automatically                         ; Automatically                         ;
; Fitter Initial Placement Seed                                      ; 1                                     ; 1                                     ;
; Periphery to Core Placement and Routing Optimization               ; Off                                   ; Off                                   ;
; PCI I/O                                                            ; Off                                   ; Off                                   ;
; Weak Pull-Up Resistor                                              ; Off                                   ; Off                                   ;
; Enable Bus-Hold Circuitry                                          ; Off                                   ; Off                                   ;
; Auto Packed Registers                                              ; Auto                                  ; Auto                                  ;
; Auto Delay Chains                                                  ; On                                    ; On                                    ;
; Auto Delay Chains for High Fanout Input Pins                       ; Off                                   ; Off                                   ;
; Allow Single-ended Buffer for Differential-XSTL Input              ; Off                                   ; Off                                   ;
; Treat Bidirectional Pin as Output Pin                              ; Off                                   ; Off                                   ;
; Perform Physical Synthesis for Combinational Logic for Fitting     ; Off                                   ; Off                                   ;
; Perform Physical Synthesis for Combinational Logic for Performance ; Off                                   ; Off                                   ;
; Perform Register Duplication for Performance                       ; Off                                   ; Off                                   ;
; Perform Logic to Memory Mapping for Fitting                        ; Off                                   ; Off                                   ;
; Perform Register Retiming for Performance                          ; Off                                   ; Off                                   ;
; Perform Asynchronous Signal Pipelining                             ; Off                                   ; Off                                   ;
; Fitter Effort                                                      ; Auto Fit                              ; Auto Fit                              ;
; Physical Synthesis Effort Level                                    ; Normal                                ; Normal                                ;
; Logic Cell Insertion - Logic Duplication                           ; Auto                                  ; Auto                                  ;
; Auto Register Duplication                                          ; Auto                                  ; Auto                                  ;
; Auto Global Clock                                                  ; On                                    ; On                                    ;
; Auto Global Register Control Signals                               ; On                                    ; On                                    ;
; Reserve all unused pins                                            ; As input tri-stated with weak pull-up ; As input tri-stated with weak pull-up ;
; Synchronizer Identification                                        ; Auto                                  ; Auto                                  ;
; Enable Beneficial Skew Optimization                                ; On                                    ; On                                    ;
; Optimize Design for Metastability                                  ; On                                    ; On                                    ;
; Force Fitter to Avoid Periphery Placement Warnings                 ; Off                                   ; Off                                   ;
; Enable input tri-state on active configuration pins in user mode   ; Off                                   ; Off                                   ;
+--------------------------------------------------------------------+---------------------------------------+---------------------------------------+


+------------------------------------------+
; Parallel Compilation                     ;
+----------------------------+-------------+
; Processors                 ; Number      ;
+----------------------------+-------------+
; Number detected on machine ; 16          ;
; Maximum allowed            ; 8           ;
;                            ;             ;
; Average used               ; 1.62        ;
; Maximum used               ; 8           ;
;                            ;             ;
; Usage by Processor         ; % Time Used ;
;     Processor 1            ; 100.0%      ;
;     Processor 2            ;   9.0%      ;
;     Processor 3            ;   9.0%      ;
;     Processor 4            ;   8.9%      ;
;     Processor 5            ;   8.8%      ;
;     Processor 6            ;   8.8%      ;
;     Processor 7            ;   8.8%      ;
;     Processor 8            ;   8.7%      ;
+----------------------------+-------------+


+---------------------------------------------------------------------------------------------------+
; Incremental Compilation Preservation Summary                                                      ;
+---------------------+---------------------+----------------------------+--------------------------+
; Type                ; Total [A + B]       ; From Design Partitions [A] ; From Rapid Recompile [B] ;
+---------------------+---------------------+----------------------------+--------------------------+
; Placement (by node) ;                     ;                            ;                          ;
;     -- Requested    ; 0.00 % ( 0 / 7795 ) ; 0.00 % ( 0 / 7795 )        ; 0.00 % ( 0 / 7795 )      ;
;     -- Achieved     ; 0.00 % ( 0 / 7795 ) ; 0.00 % ( 0 / 7795 )        ; 0.00 % ( 0 / 7795 )      ;
;                     ;                     ;                            ;                          ;
; Routing (by net)    ;                     ;                            ;                          ;
;     -- Requested    ; 0.00 % ( 0 / 0 )    ; 0.00 % ( 0 / 0 )           ; 0.00 % ( 0 / 0 )         ;
;     -- Achieved     ; 0.00 % ( 0 / 0 )    ; 0.00 % ( 0 / 0 )           ; 0.00 % ( 0 / 0 )         ;
+---------------------+---------------------+----------------------------+--------------------------+


+----------------------------------------------------------------------------------------------------------------------------------------------------------------------------------------+
; Incremental Compilation Partition Settings                                                                                                                                             ;
+--------------------------------+----------------+-------------------+-------------------------+------------------------+------------------------------+--------------------------------+
; Partition Name                 ; Partition Type ; Netlist Type Used ; Preservation Level Used ; Netlist Type Requested ; Preservation Level Requested ; Contents                       ;
+--------------------------------+----------------+-------------------+-------------------------+------------------------+------------------------------+--------------------------------+
; Top                            ; User-created   ; Source File       ; N/A                     ; Source File            ; N/A                          ;                                ;
; hard_block:auto_generated_inst ; Auto-generated ; Source File       ; N/A                     ; Source File            ; N/A                          ; hard_block:auto_generated_inst ;
+--------------------------------+----------------+-------------------+-------------------------+------------------------+------------------------------+--------------------------------+


+------------------------------------------------------------------------------------------------------------------------------------+
; Incremental Compilation Placement Preservation                                                                                     ;
+--------------------------------+-----------------------+-------------------------+-------------------+---------------------+-------+
; Partition Name                 ; Preservation Achieved ; Preservation Level Used ; Netlist Type Used ; Preservation Method ; Notes ;
+--------------------------------+-----------------------+-------------------------+-------------------+---------------------+-------+
; Top                            ; 0.00 % ( 0 / 7779 )   ; N/A                     ; Source File       ; N/A                 ;       ;
; hard_block:auto_generated_inst ; 0.00 % ( 0 / 16 )     ; N/A                     ; Source File       ; N/A                 ;       ;
+--------------------------------+-----------------------+-------------------------+-------------------+---------------------+-------+


+--------------+
; Pin-Out File ;
+--------------+
The pin-out file can be found in C:/Users/yraies/Documents/ELE344_Projet2_TESV_RAIY/syn/top_fpga/output_files/top_fpga.pin.


+-----------------------------------------------------------------------+
; Fitter Resource Usage Summary                                         ;
+---------------------------------------------+-------------------------+
; Resource                                    ; Usage                   ;
+---------------------------------------------+-------------------------+
; Total logic elements                        ; 5,484 / 49,760 ( 11 % ) ;
;     -- Combinational with no register       ; 1222                    ;
;     -- Register only                        ; 2058                    ;
;     -- Combinational with a register        ; 2204                    ;
;                                             ;                         ;
; Logic element usage by number of LUT inputs ;                         ;
;     -- 4 input functions                    ; 3221                    ;
;     -- 3 input functions                    ; 171                     ;
;     -- <=2 input functions                  ; 34                      ;
;     -- Register only                        ; 2058                    ;
;                                             ;                         ;
; Logic elements by mode                      ;                         ;
;     -- normal mode                          ; 3384                    ;
;     -- arithmetic mode                      ; 42                      ;
;                                             ;                         ;
; Total registers*                            ; 4,262 / 51,509 ( 8 % )  ;
;     -- Dedicated logic registers            ; 4,262 / 49,760 ( 9 % )  ;
;     -- I/O registers                        ; 0 / 1,749 ( 0 % )       ;
;                                             ;                         ;
; Total LABs:  partially or completely used   ; 390 / 3,110 ( 13 % )    ;
; Virtual pins                                ; 0                       ;
; I/O pins                                    ; 44 / 360 ( 12 % )       ;
;     -- Clock pins                           ; 0 / 8 ( 0 % )           ;
;     -- Dedicated input pins                 ; 1 / 1 ( 100 % )         ;
;                                             ;                         ;
; M9Ks                                        ; 0 / 182 ( 0 % )         ;
; UFM blocks                                  ; 0 / 1 ( 0 % )           ;
; ADC blocks                                  ; 0 / 2 ( 0 % )           ;
; Total block memory bits                     ; 0 / 1,677,312 ( 0 % )   ;
; Total block memory implementation bits      ; 0 / 1,677,312 ( 0 % )   ;
; Embedded Multiplier 9-bit elements          ; 0 / 288 ( 0 % )         ;
; PLLs                                        ; 0 / 4 ( 0 % )           ;
; Global signals                              ; 0                       ;
;     -- Global clocks                        ; 0 / 20 ( 0 % )          ;
; JTAGs                                       ; 0 / 1 ( 0 % )           ;
; CRC blocks                                  ; 0 / 1 ( 0 % )           ;
; Remote update blocks                        ; 0 / 1 ( 0 % )           ;
; Oscillator blocks                           ; 0 / 1 ( 0 % )           ;
; Impedance control blocks                    ; 0 / 1 ( 0 % )           ;
; Average interconnect usage (total/H/V)      ; 6.0% / 5.7% / 6.4%      ;
; Peak interconnect usage (total/H/V)         ; 57.2% / 56.7% / 57.8%   ;
; Maximum fan-out                             ; 4262                    ;
; Highest non-global fan-out                  ; 4262                    ;
; Total fan-out                               ; 28413                   ;
; Average fan-out                             ; 2.88                    ;
+---------------------------------------------+-------------------------+
*  Register count does not include registers inside RAM blocks or DSP blocks.



+------------------------------------------------------------------------------------------------------+
; Fitter Partition Statistics                                                                          ;
+---------------------------------------------+-----------------------+--------------------------------+
; Statistic                                   ; Top                   ; hard_block:auto_generated_inst ;
+---------------------------------------------+-----------------------+--------------------------------+
; Difficulty Clustering Region                ; Low                   ; Low                            ;
;                                             ;                       ;                                ;
; Total logic elements                        ; 5484 / 49760 ( 11 % ) ; 0 / 49760 ( 0 % )              ;
;     -- Combinational with no register       ; 1222                  ; 0                              ;
;     -- Register only                        ; 2058                  ; 0                              ;
;     -- Combinational with a register        ; 2204                  ; 0                              ;
;                                             ;                       ;                                ;
; Logic element usage by number of LUT inputs ;                       ;                                ;
;     -- 4 input functions                    ; 3221                  ; 0                              ;
;     -- 3 input functions                    ; 171                   ; 0                              ;
;     -- <=2 input functions                  ; 34                    ; 0                              ;
;     -- Register only                        ; 2058                  ; 0                              ;
;                                             ;                       ;                                ;
; Logic elements by mode                      ;                       ;                                ;
;     -- normal mode                          ; 3384                  ; 0                              ;
;     -- arithmetic mode                      ; 42                    ; 0                              ;
;                                             ;                       ;                                ;
; Total registers                             ; 4262                  ; 0                              ;
;     -- Dedicated logic registers            ; 4262 / 49760 ( 9 % )  ; 0 / 49760 ( 0 % )              ;
;     -- I/O registers                        ; 0                     ; 0                              ;
;                                             ;                       ;                                ;
; Total LABs:  partially or completely used   ; 390 / 3110 ( 13 % )   ; 0 / 3110 ( 0 % )               ;
;                                             ;                       ;                                ;
; Virtual pins                                ; 0                     ; 0                              ;
; I/O pins                                    ; 44                    ; 0                              ;
; Embedded Multiplier 9-bit elements          ; 0 / 288 ( 0 % )       ; 0 / 288 ( 0 % )                ;
; Total memory bits                           ; 0                     ; 0                              ;
; Total RAM block bits                        ; 0                     ; 0                              ;
; User Flash Memory                           ; 1 / 1 ( 100 % )       ; 0 / 1 ( 0 % )                  ;
; Analog-to-Digital Converter                 ; 2 / 2 ( 100 % )       ; 0 / 2 ( 0 % )                  ;
;                                             ;                       ;                                ;
; Connections                                 ;                       ;                                ;
;     -- Input Connections                    ; 0                     ; 0                              ;
;     -- Registered Input Connections         ; 0                     ; 0                              ;
;     -- Output Connections                   ; 0                     ; 0                              ;
;     -- Registered Output Connections        ; 0                     ; 0                              ;
;                                             ;                       ;                                ;
; Internal Connections                        ;                       ;                                ;
;     -- Total Connections                    ; 28419                 ; 8                              ;
;     -- Registered Connections               ; 4632                  ; 0                              ;
;                                             ;                       ;                                ;
; External Connections                        ;                       ;                                ;
;     -- Top                                  ; 0                     ; 0                              ;
;     -- hard_block:auto_generated_inst       ; 0                     ; 0                              ;
;                                             ;                       ;                                ;
; Partition Interface                         ;                       ;                                ;
;     -- Input Ports                          ; 2                     ; 0                              ;
;     -- Output Ports                         ; 42                    ; 0                              ;
;     -- Bidir Ports                          ; 0                     ; 0                              ;
;                                             ;                       ;                                ;
; Registered Ports                            ;                       ;                                ;
;     -- Registered Input Ports               ; 0                     ; 0                              ;
;     -- Registered Output Ports              ; 0                     ; 0                              ;
;                                             ;                       ;                                ;
; Port Connectivity                           ;                       ;                                ;
;     -- Input Ports driven by GND            ; 0                     ; 0                              ;
;     -- Output Ports driven by GND           ; 0                     ; 0                              ;
;     -- Input Ports driven by VCC            ; 0                     ; 0                              ;
;     -- Output Ports driven by VCC           ; 0                     ; 0                              ;
;     -- Input Ports with no Source           ; 0                     ; 0                              ;
;     -- Output Ports with no Source          ; 0                     ; 0                              ;
;     -- Input Ports with no Fanout           ; 0                     ; 0                              ;
;     -- Output Ports with no Fanout          ; 0                     ; 0                              ;
+---------------------------------------------+-----------------------+--------------------------------+


+-----------------------------------------------------------------------------------------------------------------------------------------------------------------------------------------------------------------------------------------------------------------------------------------+
; Input Pins                                                                                                                                                                                                                                                                              ;
+--------+-------+----------+--------------+--------------+--------------+-----------------------+--------------------+--------+----------------+---------------+-----------------+----------+--------------+--------------+---------------------------+----------------------+-----------+
; Name   ; Pin # ; I/O Bank ; X coordinate ; Y coordinate ; Z coordinate ; Combinational Fan-Out ; Registered Fan-Out ; Global ; Input Register ; Power Up High ; PCI I/O Enabled ; Bus Hold ; Weak Pull Up ; I/O Standard ; Termination Control Block ; Location assigned by ; Slew Rate ;
+--------+-------+----------+--------------+--------------+--------------+-----------------------+--------------------+--------+----------------+---------------+-----------------+----------+--------------+--------------+---------------------------+----------------------+-----------+
; KEY[0] ; B8    ; 7        ; 46           ; 54           ; 28           ; 6                     ; 0                  ; no     ; no             ; no            ; yes             ; no       ; Off          ; 2.5 V        ; --                        ; User                 ; 0         ;
; KEY[1] ; A7    ; 7        ; 49           ; 54           ; 28           ; 4262                  ; 0                  ; no     ; no             ; no            ; yes             ; no       ; Off          ; 2.5 V        ; --                        ; User                 ; 0         ;
+--------+-------+----------+--------------+--------------+--------------+-----------------------+--------------------+--------+----------------+---------------+-----------------+----------+--------------+--------------+---------------------------+----------------------+-----------+


+----------------------------------------------------------------------------------------------------------------------------------------------------------------------------------------------------------------------------------------------------------------------------------------------------------------------------------------------------------------------------------------------------------------------------------------------------------+
; Output Pins                                                                                                                                                                                                                                                                                                                                                                                                                                              ;
+---------+-------+----------+--------------+--------------+--------------+-----------------+------------------------+---------------+-----------+-----------------+------------+---------------+----------+--------------+--------------+------------------+-----------------------------------+---------------------------+----------------------------+-----------------------------+----------------------+----------------------+---------------------+
; Name    ; Pin # ; I/O Bank ; X coordinate ; Y coordinate ; Z coordinate ; Output Register ; Output Enable Register ; Power Up High ; Slew Rate ; PCI I/O Enabled ; Open Drain ; TRI Primitive ; Bus Hold ; Weak Pull Up ; I/O Standard ; Current Strength ; Termination                       ; Termination Control Block ; Output Buffer Pre-emphasis ; Voltage Output Differential ; Location assigned by ; Output Enable Source ; Output Enable Group ;
+---------+-------+----------+--------------+--------------+--------------+-----------------+------------------------+---------------+-----------+-----------------+------------+---------------+----------+--------------+--------------+------------------+-----------------------------------+---------------------------+----------------------------+-----------------------------+----------------------+----------------------+---------------------+
; HEX0[0] ; C14   ; 7        ; 58           ; 54           ; 14           ; no              ; no                     ; no            ; 2         ; no              ; no         ; no            ; no       ; Off          ; 2.5 V        ; Default          ; Series 50 Ohm without Calibration ; --                        ; no                         ; no                          ; User                 ; -                    ; -                   ;
; HEX0[1] ; E15   ; 7        ; 74           ; 54           ; 7            ; no              ; no                     ; no            ; 2         ; no              ; no         ; no            ; no       ; Off          ; 2.5 V        ; Default          ; Series 50 Ohm without Calibration ; --                        ; no                         ; no                          ; User                 ; -                    ; -                   ;
; HEX0[2] ; C15   ; 7        ; 60           ; 54           ; 0            ; no              ; no                     ; no            ; 2         ; no              ; no         ; no            ; no       ; Off          ; 2.5 V        ; Default          ; Series 50 Ohm without Calibration ; --                        ; no                         ; no                          ; User                 ; -                    ; -                   ;
; HEX0[3] ; C16   ; 7        ; 62           ; 54           ; 28           ; no              ; no                     ; no            ; 2         ; no              ; no         ; no            ; no       ; Off          ; 2.5 V        ; Default          ; Series 50 Ohm without Calibration ; --                        ; no                         ; no                          ; User                 ; -                    ; -                   ;
; HEX0[4] ; E16   ; 7        ; 74           ; 54           ; 0            ; no              ; no                     ; no            ; 2         ; no              ; no         ; no            ; no       ; Off          ; 2.5 V        ; Default          ; Series 50 Ohm without Calibration ; --                        ; no                         ; no                          ; User                 ; -                    ; -                   ;
; HEX0[5] ; D17   ; 7        ; 74           ; 54           ; 14           ; no              ; no                     ; no            ; 2         ; no              ; no         ; no            ; no       ; Off          ; 2.5 V        ; Default          ; Series 50 Ohm without Calibration ; --                        ; no                         ; no                          ; User                 ; -                    ; -                   ;
; HEX0[6] ; C17   ; 7        ; 74           ; 54           ; 21           ; no              ; no                     ; no            ; 2         ; no              ; no         ; no            ; no       ; Off          ; 2.5 V        ; Default          ; Series 50 Ohm without Calibration ; --                        ; no                         ; no                          ; User                 ; -                    ; -                   ;
; HEX1[0] ; C18   ; 7        ; 69           ; 54           ; 21           ; no              ; no                     ; no            ; 2         ; no              ; no         ; no            ; no       ; Off          ; 2.5 V        ; Default          ; Series 50 Ohm without Calibration ; --                        ; no                         ; no                          ; User                 ; -                    ; -                   ;
; HEX1[1] ; D18   ; 6        ; 78           ; 49           ; 7            ; no              ; no                     ; no            ; 2         ; no              ; no         ; no            ; no       ; Off          ; 2.5 V        ; Default          ; Series 50 Ohm without Calibration ; --                        ; no                         ; no                          ; User                 ; -                    ; -                   ;
; HEX1[2] ; E18   ; 6        ; 78           ; 49           ; 0            ; no              ; no                     ; no            ; 2         ; no              ; no         ; no            ; no       ; Off          ; 2.5 V        ; Default          ; Series 50 Ohm without Calibration ; --                        ; no                         ; no                          ; User                 ; -                    ; -                   ;
; HEX1[3] ; B16   ; 7        ; 60           ; 54           ; 7            ; no              ; no                     ; no            ; 2         ; no              ; no         ; no            ; no       ; Off          ; 2.5 V        ; Default          ; Series 50 Ohm without Calibration ; --                        ; no                         ; no                          ; User                 ; -                    ; -                   ;
; HEX1[4] ; A17   ; 7        ; 64           ; 54           ; 0            ; no              ; no                     ; no            ; 2         ; no              ; no         ; no            ; no       ; Off          ; 2.5 V        ; Default          ; Series 50 Ohm without Calibration ; --                        ; no                         ; no                          ; User                 ; -                    ; -                   ;
; HEX1[5] ; A18   ; 7        ; 66           ; 54           ; 28           ; no              ; no                     ; no            ; 2         ; no              ; no         ; no            ; no       ; Off          ; 2.5 V        ; Default          ; Series 50 Ohm without Calibration ; --                        ; no                         ; no                          ; User                 ; -                    ; -                   ;
; HEX1[6] ; B17   ; 7        ; 69           ; 54           ; 28           ; no              ; no                     ; no            ; 2         ; no              ; no         ; no            ; no       ; Off          ; 2.5 V        ; Default          ; Series 50 Ohm without Calibration ; --                        ; no                         ; no                          ; User                 ; -                    ; -                   ;
; HEX2[0] ; B20   ; 6        ; 78           ; 44           ; 7            ; no              ; no                     ; no            ; 2         ; no              ; no         ; no            ; no       ; Off          ; 2.5 V        ; Default          ; Series 50 Ohm without Calibration ; --                        ; no                         ; no                          ; User                 ; -                    ; -                   ;
; HEX2[1] ; A20   ; 7        ; 66           ; 54           ; 0            ; no              ; no                     ; no            ; 2         ; no              ; no         ; no            ; no       ; Off          ; 2.5 V        ; Default          ; Series 50 Ohm without Calibration ; --                        ; no                         ; no                          ; User                 ; -                    ; -                   ;
; HEX2[2] ; B19   ; 7        ; 69           ; 54           ; 14           ; no              ; no                     ; no            ; 2         ; no              ; no         ; no            ; no       ; Off          ; 2.5 V        ; Default          ; Series 50 Ohm without Calibration ; --                        ; no                         ; no                          ; User                 ; -                    ; -                   ;
; HEX2[3] ; A21   ; 6        ; 78           ; 44           ; 0            ; no              ; no                     ; no            ; 2         ; no              ; no         ; no            ; no       ; Off          ; 2.5 V        ; Default          ; Series 50 Ohm without Calibration ; --                        ; no                         ; no                          ; User                 ; -                    ; -                   ;
; HEX2[4] ; B21   ; 6        ; 78           ; 43           ; 0            ; no              ; no                     ; no            ; 2         ; no              ; no         ; no            ; no       ; Off          ; 2.5 V        ; Default          ; Series 50 Ohm without Calibration ; --                        ; no                         ; no                          ; User                 ; -                    ; -                   ;
; HEX2[5] ; C22   ; 6        ; 78           ; 35           ; 0            ; no              ; no                     ; no            ; 2         ; no              ; no         ; no            ; no       ; Off          ; 2.5 V        ; Default          ; Series 50 Ohm without Calibration ; --                        ; no                         ; no                          ; User                 ; -                    ; -                   ;
; HEX2[6] ; B22   ; 6        ; 78           ; 43           ; 7            ; no              ; no                     ; no            ; 2         ; no              ; no         ; no            ; no       ; Off          ; 2.5 V        ; Default          ; Series 50 Ohm without Calibration ; --                        ; no                         ; no                          ; User                 ; -                    ; -                   ;
; HEX3[0] ; F21   ; 6        ; 78           ; 35           ; 21           ; no              ; no                     ; no            ; 2         ; no              ; no         ; no            ; no       ; Off          ; 2.5 V        ; Default          ; Series 50 Ohm without Calibration ; --                        ; no                         ; no                          ; User                 ; -                    ; -                   ;
; HEX3[1] ; E22   ; 6        ; 78           ; 33           ; 7            ; no              ; no                     ; no            ; 2         ; no              ; no         ; no            ; no       ; Off          ; 2.5 V        ; Default          ; Series 50 Ohm without Calibration ; --                        ; no                         ; no                          ; User                 ; -                    ; -                   ;
; HEX3[2] ; E21   ; 6        ; 78           ; 33           ; 0            ; no              ; no                     ; no            ; 2         ; no              ; no         ; no            ; no       ; Off          ; 2.5 V        ; Default          ; Series 50 Ohm without Calibration ; --                        ; no                         ; no                          ; User                 ; -                    ; -                   ;
; HEX3[3] ; C19   ; 7        ; 69           ; 54           ; 7            ; no              ; no                     ; no            ; 2         ; no              ; no         ; no            ; no       ; Off          ; 2.5 V        ; Default          ; Series 50 Ohm without Calibration ; --                        ; no                         ; no                          ; User                 ; -                    ; -                   ;
; HEX3[4] ; C20   ; 6        ; 78           ; 41           ; 7            ; no              ; no                     ; no            ; 2         ; no              ; no         ; no            ; no       ; Off          ; 2.5 V        ; Default          ; Series 50 Ohm without Calibration ; --                        ; no                         ; no                          ; User                 ; -                    ; -                   ;
; HEX3[5] ; D19   ; 6        ; 78           ; 41           ; 0            ; no              ; no                     ; no            ; 2         ; no              ; no         ; no            ; no       ; Off          ; 2.5 V        ; Default          ; Series 50 Ohm without Calibration ; --                        ; no                         ; no                          ; User                 ; -                    ; -                   ;
; HEX3[6] ; E17   ; 6        ; 78           ; 43           ; 14           ; no              ; no                     ; no            ; 2         ; no              ; no         ; no            ; no       ; Off          ; 2.5 V        ; Default          ; Series 50 Ohm without Calibration ; --                        ; no                         ; no                          ; User                 ; -                    ; -                   ;
; HEX4[0] ; F18   ; 6        ; 78           ; 40           ; 14           ; no              ; no                     ; no            ; 2         ; no              ; no         ; no            ; no       ; Off          ; 2.5 V        ; Default          ; Series 50 Ohm without Calibration ; --                        ; no                         ; no                          ; User                 ; -                    ; -                   ;
; HEX4[1] ; E20   ; 6        ; 78           ; 40           ; 0            ; no              ; no                     ; no            ; 2         ; no              ; no         ; no            ; no       ; Off          ; 2.5 V        ; Default          ; Series 50 Ohm without Calibration ; --                        ; no                         ; no                          ; User                 ; -                    ; -                   ;
; HEX4[2] ; E19   ; 6        ; 78           ; 40           ; 21           ; no              ; no                     ; no            ; 2         ; no              ; no         ; no            ; no       ; Off          ; 2.5 V        ; Default          ; Series 50 Ohm without Calibration ; --                        ; no                         ; no                          ; User                 ; -                    ; -                   ;
; HEX4[3] ; J18   ; 6        ; 78           ; 42           ; 14           ; no              ; no                     ; no            ; 2         ; no              ; no         ; no            ; no       ; Off          ; 2.5 V        ; Default          ; Series 50 Ohm without Calibration ; --                        ; no                         ; no                          ; User                 ; -                    ; -                   ;
; HEX4[4] ; H19   ; 6        ; 78           ; 45           ; 21           ; no              ; no                     ; no            ; 2         ; no              ; no         ; no            ; no       ; Off          ; 2.5 V        ; Default          ; Series 50 Ohm without Calibration ; --                        ; no                         ; no                          ; User                 ; -                    ; -                   ;
; HEX4[5] ; F19   ; 6        ; 78           ; 40           ; 7            ; no              ; no                     ; no            ; 2         ; no              ; no         ; no            ; no       ; Off          ; 2.5 V        ; Default          ; Series 50 Ohm without Calibration ; --                        ; no                         ; no                          ; User                 ; -                    ; -                   ;
; HEX4[6] ; F20   ; 6        ; 78           ; 35           ; 14           ; no              ; no                     ; no            ; 2         ; no              ; no         ; no            ; no       ; Off          ; 2.5 V        ; Default          ; Series 50 Ohm without Calibration ; --                        ; no                         ; no                          ; User                 ; -                    ; -                   ;
; HEX5[0] ; J20   ; 6        ; 78           ; 45           ; 7            ; no              ; no                     ; no            ; 2         ; no              ; no         ; no            ; no       ; Off          ; 2.5 V        ; Default          ; Series 50 Ohm without Calibration ; --                        ; no                         ; no                          ; User                 ; -                    ; -                   ;
; HEX5[1] ; K20   ; 6        ; 78           ; 42           ; 0            ; no              ; no                     ; no            ; 2         ; no              ; no         ; no            ; no       ; Off          ; 2.5 V        ; Default          ; Series 50 Ohm without Calibration ; --                        ; no                         ; no                          ; User                 ; -                    ; -                   ;
; HEX5[2] ; L18   ; 6        ; 78           ; 37           ; 14           ; no              ; no                     ; no            ; 2         ; no              ; no         ; no            ; no       ; Off          ; 2.5 V        ; Default          ; Series 50 Ohm without Calibration ; --                        ; no                         ; no                          ; User                 ; -                    ; -                   ;
; HEX5[3] ; N18   ; 6        ; 78           ; 34           ; 22           ; no              ; no                     ; no            ; 2         ; no              ; no         ; no            ; no       ; Off          ; 2.5 V        ; Default          ; Series 50 Ohm without Calibration ; --                        ; no                         ; no                          ; User                 ; -                    ; -                   ;
; HEX5[4] ; M20   ; 6        ; 78           ; 34           ; 7            ; no              ; no                     ; no            ; 2         ; no              ; no         ; no            ; no       ; Off          ; 2.5 V        ; Default          ; Series 50 Ohm without Calibration ; --                        ; no                         ; no                          ; User                 ; -                    ; -                   ;
; HEX5[5] ; N19   ; 6        ; 78           ; 34           ; 14           ; no              ; no                     ; no            ; 2         ; no              ; no         ; no            ; no       ; Off          ; 2.5 V        ; Default          ; Series 50 Ohm without Calibration ; --                        ; no                         ; no                          ; User                 ; -                    ; -                   ;
; HEX5[6] ; N20   ; 6        ; 78           ; 34           ; 0            ; no              ; no                     ; no            ; 2         ; no              ; no         ; no            ; no       ; Off          ; 2.5 V        ; Default          ; Series 50 Ohm without Calibration ; --                        ; no                         ; no                          ; User                 ; -                    ; -                   ;
+---------+-------+----------+--------------+--------------+--------------+-----------------+------------------------+---------------+-----------+-----------------+------------+---------------+----------+--------------+--------------+------------------+-----------------------------------+---------------------------+----------------------------+-----------------------------+----------------------+----------------------+---------------------+


+-----------------------------------------------------------------------------------------------------------------------------------------+
; Dual Purpose and Dedicated Pins                                                                                                         ;
+----------+----------------------------------------------------+--------------------------------+---------------------+------------------+
; Location ; Pin Name                                           ; Reserved As                    ; User Signal Name    ; Pin Type         ;
+----------+----------------------------------------------------+--------------------------------+---------------------+------------------+
; H2       ; DIFFIO_RX_L17n, DIFFOUT_L17n, TMS, Low_Speed       ; Reserved as secondary function ; ~ALTERA_TMS~        ; Dual Purpose Pin ;
; G2       ; DIFFIO_RX_L17p, DIFFOUT_L17p, TCK, Low_Speed       ; Reserved as secondary function ; ~ALTERA_TCK~        ; Dual Purpose Pin ;
; L4       ; DIFFIO_RX_L18n, DIFFOUT_L18n, TDI, Low_Speed       ; Reserved as secondary function ; ~ALTERA_TDI~        ; Dual Purpose Pin ;
; M5       ; DIFFIO_RX_L18p, DIFFOUT_L18p, TDO, Low_Speed       ; Reserved as secondary function ; ~ALTERA_TDO~        ; Dual Purpose Pin ;
; H10      ; CONFIG_SEL, Low_Speed                              ; Reserved as secondary function ; ~ALTERA_CONFIG_SEL~ ; Dual Purpose Pin ;
; H9       ; nCONFIG, Low_Speed                                 ; Reserved as secondary function ; ~ALTERA_nCONFIG~    ; Dual Purpose Pin ;
; G9       ; DIFFIO_RX_T50p, DIFFOUT_T50p, nSTATUS, Low_Speed   ; Reserved as secondary function ; ~ALTERA_nSTATUS~    ; Dual Purpose Pin ;
; F8       ; DIFFIO_RX_T50n, DIFFOUT_T50n, CONF_DONE, Low_Speed ; Reserved as secondary function ; ~ALTERA_CONF_DONE~  ; Dual Purpose Pin ;
+----------+----------------------------------------------------+--------------------------------+---------------------+------------------+


+------------------------------------------------------------+
; I/O Bank Usage                                             ;
+----------+------------------+---------------+--------------+
; I/O Bank ; Usage            ; VCCIO Voltage ; VREF Voltage ;
+----------+------------------+---------------+--------------+
; 1A       ; 0 / 16 ( 0 % )   ; 2.5V          ; --           ;
; 1B       ; 4 / 24 ( 17 % )  ; 2.5V          ; --           ;
; 2        ; 0 / 36 ( 0 % )   ; 2.5V          ; --           ;
; 3        ; 0 / 48 ( 0 % )   ; 2.5V          ; --           ;
; 4        ; 0 / 48 ( 0 % )   ; 2.5V          ; --           ;
; 5        ; 0 / 40 ( 0 % )   ; 2.5V          ; --           ;
; 6        ; 27 / 60 ( 45 % ) ; 2.5V          ; --           ;
; 7        ; 17 / 52 ( 33 % ) ; 2.5V          ; --           ;
; 8        ; 4 / 36 ( 11 % )  ; 2.5V          ; --           ;
+----------+------------------+---------------+--------------+


+---------------------------------------------------------------------------------------------------------------------------------------------------------------------------------------+
; All Package Pins                                                                                                                                                                      ;
+----------+------------+----------+------------------------------------------------+--------+-----------------------+---------+------------+-----------------+----------+--------------+
; Location ; Pad Number ; I/O Bank ; Pin Name/Usage                                 ; Dir.   ; I/O Standard          ; Voltage ; I/O Type   ; User Assignment ; Bus Hold ; Weak Pull Up ;
+----------+------------+----------+------------------------------------------------+--------+-----------------------+---------+------------+-----------------+----------+--------------+
; A1       ;            ;          ; GND                                            ; gnd    ;                       ;         ; --         ;                 ; --       ; --           ;
; A2       ; 481        ; 8        ; RESERVED_INPUT_WITH_WEAK_PULLUP                ;        ;                       ;         ; Column I/O ;                 ; no       ; On           ;
; A3       ; 483        ; 8        ; RESERVED_INPUT_WITH_WEAK_PULLUP                ;        ;                       ;         ; Column I/O ;                 ; no       ; On           ;
; A4       ; 475        ; 8        ; RESERVED_INPUT_WITH_WEAK_PULLUP                ;        ;                       ;         ; Column I/O ;                 ; no       ; On           ;
; A5       ; 473        ; 8        ; RESERVED_INPUT_WITH_WEAK_PULLUP                ;        ;                       ;         ; Column I/O ;                 ; no       ; On           ;
; A6       ; 471        ; 8        ; RESERVED_INPUT_WITH_WEAK_PULLUP                ;        ;                       ;         ; Column I/O ;                 ; no       ; On           ;
; A7       ; 445        ; 7        ; KEY[1]                                         ; input  ; 2.5 V                 ;         ; Column I/O ; Y               ; no       ; Off          ;
; A8       ; 447        ; 7        ; RESERVED_INPUT_WITH_WEAK_PULLUP                ;        ;                       ;         ; Column I/O ;                 ; no       ; On           ;
; A9       ; 449        ; 7        ; RESERVED_INPUT_WITH_WEAK_PULLUP                ;        ;                       ;         ; Column I/O ;                 ; no       ; On           ;
; A10      ; 439        ; 7        ; RESERVED_INPUT_WITH_WEAK_PULLUP                ;        ;                       ;         ; Column I/O ;                 ; no       ; On           ;
; A11      ; 437        ; 7        ; RESERVED_INPUT_WITH_WEAK_PULLUP                ;        ;                       ;         ; Column I/O ;                 ; no       ; On           ;
; A12      ; 435        ; 7        ; RESERVED_INPUT_WITH_WEAK_PULLUP                ;        ;                       ;         ; Column I/O ;                 ; no       ; On           ;
; A13      ; 433        ; 7        ; RESERVED_INPUT_WITH_WEAK_PULLUP                ;        ;                       ;         ; Column I/O ;                 ; no       ; On           ;
; A14      ; 425        ; 7        ; RESERVED_INPUT_WITH_WEAK_PULLUP                ;        ;                       ;         ; Column I/O ;                 ; no       ; On           ;
; A15      ; 421        ; 7        ; RESERVED_INPUT_WITH_WEAK_PULLUP                ;        ;                       ;         ; Column I/O ;                 ; no       ; On           ;
; A16      ; 419        ; 7        ; RESERVED_INPUT_WITH_WEAK_PULLUP                ;        ;                       ;         ; Column I/O ;                 ; no       ; On           ;
; A17      ; 407        ; 7        ; HEX1[4]                                        ; output ; 2.5 V                 ;         ; Column I/O ; Y               ; no       ; Off          ;
; A18      ; 405        ; 7        ; HEX1[5]                                        ; output ; 2.5 V                 ;         ; Column I/O ; Y               ; no       ; Off          ;
; A19      ; 403        ; 7        ; RESERVED_INPUT_WITH_WEAK_PULLUP                ;        ;                       ;         ; Column I/O ;                 ; no       ; On           ;
; A20      ; 401        ; 7        ; HEX2[1]                                        ; output ; 2.5 V                 ;         ; Column I/O ; Y               ; no       ; Off          ;
; A21      ; 371        ; 6        ; HEX2[3]                                        ; output ; 2.5 V                 ;         ; Row I/O    ; Y               ; no       ; Off          ;
; A22      ;            ;          ; GND                                            ; gnd    ;                       ;         ; --         ;                 ; --       ; --           ;
; AA1      ; 133        ; 3        ; RESERVED_INPUT_WITH_WEAK_PULLUP                ;        ;                       ;         ; Column I/O ;                 ; no       ; On           ;
; AA2      ; 135        ; 3        ; RESERVED_INPUT_WITH_WEAK_PULLUP                ;        ;                       ;         ; Column I/O ;                 ; no       ; On           ;
; AA3      ; 153        ; 3        ; RESERVED_INPUT_WITH_WEAK_PULLUP                ;        ;                       ;         ; Column I/O ;                 ; --       ; --           ;
; AA4      ;            ;          ; GND                                            ; gnd    ;                       ;         ; --         ;                 ; --       ; --           ;
; AA5      ; 157        ; 3        ; RESERVED_INPUT_WITH_WEAK_PULLUP                ;        ;                       ;         ; Column I/O ;                 ; no       ; On           ;
; AA6      ; 156        ; 3        ; RESERVED_INPUT_WITH_WEAK_PULLUP                ;        ;                       ;         ; Column I/O ;                 ; no       ; On           ;
; AA7      ; 158        ; 3        ; RESERVED_INPUT_WITH_WEAK_PULLUP                ;        ;                       ;         ; Column I/O ;                 ; no       ; On           ;
; AA8      ; 165        ; 3        ; RESERVED_INPUT_WITH_WEAK_PULLUP                ;        ;                       ;         ; Column I/O ;                 ; no       ; On           ;
; AA9      ; 169        ; 3        ; RESERVED_INPUT_WITH_WEAK_PULLUP                ;        ;                       ;         ; Column I/O ;                 ; no       ; On           ;
; AA10     ; 170        ; 3        ; RESERVED_INPUT_WITH_WEAK_PULLUP                ;        ;                       ;         ; Column I/O ;                 ; no       ; On           ;
; AA11     ; 180        ; 4        ; RESERVED_INPUT_WITH_WEAK_PULLUP                ;        ;                       ;         ; Column I/O ;                 ; no       ; On           ;
; AA12     ; 182        ; 4        ; RESERVED_INPUT_WITH_WEAK_PULLUP                ;        ;                       ;         ; Column I/O ;                 ; no       ; On           ;
; AA13     ; 197        ; 4        ; RESERVED_INPUT_WITH_WEAK_PULLUP                ;        ;                       ;         ; Column I/O ;                 ; --       ; --           ;
; AA14     ; 201        ; 4        ; RESERVED_INPUT_WITH_WEAK_PULLUP                ;        ;                       ;         ; Column I/O ;                 ; no       ; On           ;
; AA15     ; 205        ; 4        ; RESERVED_INPUT_WITH_WEAK_PULLUP                ;        ;                       ;         ; Column I/O ;                 ; no       ; On           ;
; AA16     ; 211        ; 4        ; RESERVED_INPUT_WITH_WEAK_PULLUP                ;        ;                       ;         ; Column I/O ;                 ; no       ; On           ;
; AA17     ; 212        ; 4        ; RESERVED_INPUT_WITH_WEAK_PULLUP                ;        ;                       ;         ; Column I/O ;                 ; no       ; On           ;
; AA18     ;            ;          ; GND                                            ; gnd    ;                       ;         ; --         ;                 ; --       ; --           ;
; AA19     ; 217        ; 4        ; RESERVED_INPUT_WITH_WEAK_PULLUP                ;        ;                       ;         ; Column I/O ;                 ; no       ; On           ;
; AA20     ; 227        ; 4        ; RESERVED_INPUT_WITH_WEAK_PULLUP                ;        ;                       ;         ; Column I/O ;                 ; no       ; On           ;
; AA21     ; 245        ; 5        ; RESERVED_INPUT_WITH_WEAK_PULLUP                ;        ;                       ;         ; Row I/O    ;                 ; no       ; On           ;
; AA22     ; 247        ; 5        ; RESERVED_INPUT_WITH_WEAK_PULLUP                ;        ;                       ;         ; Row I/O    ;                 ; no       ; On           ;
; AB1      ;            ;          ; GND                                            ; gnd    ;                       ;         ; --         ;                 ; --       ; --           ;
; AB2      ; 145        ; 3        ; RESERVED_INPUT_WITH_WEAK_PULLUP                ;        ;                       ;         ; Column I/O ;                 ; no       ; On           ;
; AB3      ; 147        ; 3        ; RESERVED_INPUT_WITH_WEAK_PULLUP                ;        ;                       ;         ; Column I/O ;                 ; no       ; On           ;
; AB4      ; 155        ; 3        ; RESERVED_INPUT_WITH_WEAK_PULLUP                ;        ;                       ;         ; Column I/O ;                 ; no       ; On           ;
; AB5      ; 159        ; 3        ; RESERVED_INPUT_WITH_WEAK_PULLUP                ;        ;                       ;         ; Column I/O ;                 ; no       ; On           ;
; AB6      ; 161        ; 3        ; RESERVED_INPUT_WITH_WEAK_PULLUP                ;        ;                       ;         ; Column I/O ;                 ; no       ; On           ;
; AB7      ; 163        ; 3        ; RESERVED_INPUT_WITH_WEAK_PULLUP                ;        ;                       ;         ; Column I/O ;                 ; no       ; On           ;
; AB8      ; 167        ; 3        ; RESERVED_INPUT_WITH_WEAK_PULLUP                ;        ;                       ;         ; Column I/O ;                 ; no       ; On           ;
; AB9      ; 171        ; 3        ; RESERVED_INPUT_WITH_WEAK_PULLUP                ;        ;                       ;         ; Column I/O ;                 ; no       ; On           ;
; AB10     ; 177        ; 4        ; RESERVED_INPUT_WITH_WEAK_PULLUP                ;        ;                       ;         ; Column I/O ;                 ; no       ; On           ;
; AB11     ; 179        ; 4        ; RESERVED_INPUT_WITH_WEAK_PULLUP                ;        ;                       ;         ; Column I/O ;                 ; no       ; On           ;
; AB12     ; 181        ; 4        ; RESERVED_INPUT_WITH_WEAK_PULLUP                ;        ;                       ;         ; Column I/O ;                 ; no       ; On           ;
; AB13     ; 183        ; 4        ; RESERVED_INPUT_WITH_WEAK_PULLUP                ;        ;                       ;         ; Column I/O ;                 ; no       ; On           ;
; AB14     ; 199        ; 4        ; RESERVED_INPUT_WITH_WEAK_PULLUP                ;        ;                       ;         ; Column I/O ;                 ; no       ; On           ;
; AB15     ; 203        ; 4        ; RESERVED_INPUT_WITH_WEAK_PULLUP                ;        ;                       ;         ; Column I/O ;                 ; no       ; On           ;
; AB16     ; 209        ; 4        ; RESERVED_INPUT_WITH_WEAK_PULLUP                ;        ;                       ;         ; Column I/O ;                 ; no       ; On           ;
; AB17     ; 241        ; 4        ; RESERVED_INPUT_WITH_WEAK_PULLUP                ;        ;                       ;         ; Column I/O ;                 ; no       ; On           ;
; AB18     ; 243        ; 4        ; RESERVED_INPUT_WITH_WEAK_PULLUP                ;        ;                       ;         ; Column I/O ;                 ; no       ; On           ;
; AB19     ; 213        ; 4        ; RESERVED_INPUT_WITH_WEAK_PULLUP                ;        ;                       ;         ; Column I/O ;                 ; no       ; On           ;
; AB20     ; 215        ; 4        ; RESERVED_INPUT_WITH_WEAK_PULLUP                ;        ;                       ;         ; Column I/O ;                 ; no       ; On           ;
; AB21     ; 225        ; 4        ; RESERVED_INPUT_WITH_WEAK_PULLUP                ;        ;                       ;         ; Column I/O ;                 ; no       ; On           ;
; AB22     ;            ;          ; GND                                            ; gnd    ;                       ;         ; --         ;                 ; --       ; --           ;
; B1       ; 495        ; 8        ; RESERVED_INPUT_WITH_WEAK_PULLUP                ;        ;                       ;         ; Column I/O ;                 ; no       ; On           ;
; B2       ; 493        ; 8        ; RESERVED_INPUT_WITH_WEAK_PULLUP                ;        ;                       ;         ; Column I/O ;                 ; no       ; On           ;
; B3       ; 484        ; 8        ; RESERVED_INPUT_WITH_WEAK_PULLUP                ;        ;                       ;         ; Column I/O ;                 ; no       ; On           ;
; B4       ; 486        ; 8        ; RESERVED_INPUT_WITH_WEAK_PULLUP                ;        ;                       ;         ; Column I/O ;                 ; no       ; On           ;
; B5       ; 485        ; 8        ; RESERVED_INPUT_WITH_WEAK_PULLUP                ;        ;                       ;         ; Column I/O ;                 ; no       ; On           ;
; B6       ;            ;          ; GND                                            ; gnd    ;                       ;         ; --         ;                 ; --       ; --           ;
; B7       ; 469        ; 8        ; RESERVED_INPUT_WITH_WEAK_PULLUP                ;        ;                       ;         ; Column I/O ;                 ; no       ; On           ;
; B8       ; 451        ; 7        ; KEY[0]                                         ; input  ; 2.5 V                 ;         ; Column I/O ; Y               ; no       ; Off          ;
; B9       ;            ;          ; GND                                            ; gnd    ;                       ;         ; --         ;                 ; --       ; --           ;
; B10      ; 448        ; 7        ; RESERVED_INPUT_WITH_WEAK_PULLUP                ;        ;                       ;         ; Column I/O ;                 ; no       ; On           ;
; B11      ; 443        ; 7        ; RESERVED_INPUT_WITH_WEAK_PULLUP                ;        ;                       ;         ; Column I/O ;                 ; no       ; On           ;
; B12      ; 441        ; 7        ; RESERVED_INPUT_WITH_WEAK_PULLUP                ;        ;                       ;         ; Column I/O ;                 ; no       ; On           ;
; B13      ;            ;          ; GND                                            ; gnd    ;                       ;         ; --         ;                 ; --       ; --           ;
; B14      ; 427        ; 7        ; RESERVED_INPUT_WITH_WEAK_PULLUP                ;        ;                       ;         ; Column I/O ;                 ; no       ; On           ;
; B15      ; 423        ; 7        ; RESERVED_INPUT_WITH_WEAK_PULLUP                ;        ;                       ;         ; Column I/O ;                 ; --       ; --           ;
; B16      ; 417        ; 7        ; HEX1[3]                                        ; output ; 2.5 V                 ;         ; Column I/O ; Y               ; no       ; Off          ;
; B17      ; 402        ; 7        ; HEX1[6]                                        ; output ; 2.5 V                 ;         ; Column I/O ; Y               ; no       ; Off          ;
; B18      ;            ;          ; GND                                            ; gnd    ;                       ;         ; --         ;                 ; --       ; --           ;
; B19      ; 399        ; 7        ; HEX2[2]                                        ; output ; 2.5 V                 ;         ; Column I/O ; Y               ; no       ; Off          ;
; B20      ; 369        ; 6        ; HEX2[0]                                        ; output ; 2.5 V                 ;         ; Row I/O    ; Y               ; no       ; Off          ;
; B21      ; 367        ; 6        ; HEX2[4]                                        ; output ; 2.5 V                 ;         ; Row I/O    ; Y               ; no       ; Off          ;
; B22      ; 365        ; 6        ; HEX2[6]                                        ; output ; 2.5 V                 ;         ; Row I/O    ; Y               ; no       ; Off          ;
; C1       ; 33         ; 1B       ; RESERVED_INPUT_WITH_WEAK_PULLUP                ;        ;                       ;         ; Row I/O    ;                 ; --       ; --           ;
; C2       ; 499        ; 8        ; RESERVED_INPUT_WITH_WEAK_PULLUP                ;        ;                       ;         ; Column I/O ;                 ; no       ; On           ;
; C3       ; 497        ; 8        ; RESERVED_INPUT_WITH_WEAK_PULLUP                ;        ;                       ;         ; Column I/O ;                 ; no       ; On           ;
; C4       ; 487        ; 8        ; RESERVED_INPUT_WITH_WEAK_PULLUP                ;        ;                       ;         ; Column I/O ;                 ; no       ; On           ;
; C5       ; 489        ; 8        ; RESERVED_INPUT_WITH_WEAK_PULLUP                ;        ;                       ;         ; Column I/O ;                 ; no       ; On           ;
; C6       ; 477        ; 8        ; RESERVED_INPUT_WITH_WEAK_PULLUP                ;        ;                       ;         ; Column I/O ;                 ; no       ; On           ;
; C7       ; 467        ; 8        ; RESERVED_INPUT_WITH_WEAK_PULLUP                ;        ;                       ;         ; Column I/O ;                 ; no       ; On           ;
; C8       ; 465        ; 8        ; RESERVED_INPUT_WITH_WEAK_PULLUP                ;        ;                       ;         ; Column I/O ;                 ; no       ; On           ;
; C9       ; 450        ; 7        ; RESERVED_INPUT_WITH_WEAK_PULLUP                ;        ;                       ;         ; Column I/O ;                 ; no       ; On           ;
; C10      ; 442        ; 7        ; RESERVED_INPUT_WITH_WEAK_PULLUP                ;        ;                       ;         ; Column I/O ;                 ; no       ; On           ;
; C11      ; 440        ; 7        ; RESERVED_INPUT_WITH_WEAK_PULLUP                ;        ;                       ;         ; Column I/O ;                 ; no       ; On           ;
; C12      ; 436        ; 7        ; RESERVED_INPUT_WITH_WEAK_PULLUP                ;        ;                       ;         ; Column I/O ;                 ; no       ; On           ;
; C13      ; 426        ; 7        ; RESERVED_INPUT_WITH_WEAK_PULLUP                ;        ;                       ;         ; Column I/O ;                 ; no       ; On           ;
; C14      ; 424        ; 7        ; HEX0[0]                                        ; output ; 2.5 V                 ;         ; Column I/O ; Y               ; no       ; Off          ;
; C15      ; 418        ; 7        ; HEX0[2]                                        ; output ; 2.5 V                 ;         ; Column I/O ; Y               ; no       ; Off          ;
; C16      ; 416        ; 7        ; HEX0[3]                                        ; output ; 2.5 V                 ;         ; Column I/O ; Y               ; no       ; Off          ;
; C17      ; 391        ; 7        ; HEX0[6]                                        ; output ; 2.5 V                 ;         ; Column I/O ; Y               ; no       ; Off          ;
; C18      ; 400        ; 7        ; HEX1[0]                                        ; output ; 2.5 V                 ;         ; Column I/O ; Y               ; no       ; Off          ;
; C19      ; 397        ; 7        ; HEX3[3]                                        ; output ; 2.5 V                 ;         ; Column I/O ; Y               ; no       ; Off          ;
; C20      ; 357        ; 6        ; HEX3[4]                                        ; output ; 2.5 V                 ;         ; Row I/O    ; Y               ; no       ; Off          ;
; C21      ; 347        ; 6        ; RESERVED_INPUT_WITH_WEAK_PULLUP                ;        ;                       ;         ; Row I/O    ;                 ; no       ; On           ;
; C22      ; 343        ; 6        ; HEX2[5]                                        ; output ; 2.5 V                 ;         ; Row I/O    ; Y               ; no       ; Off          ;
; D1       ; 35         ; 1B       ; RESERVED_INPUT_WITH_WEAK_PULLUP                ;        ;                       ;         ; Row I/O    ;                 ; no       ; On           ;
; D2       ; 31         ; 1B       ; RESERVED_INPUT_WITH_WEAK_PULLUP                ;        ;                       ;         ; Row I/O    ;                 ; no       ; On           ;
; D3       ; 29         ; 1B       ; RESERVED_INPUT_WITH_WEAK_PULLUP                ;        ;                       ;         ; Row I/O    ;                 ; no       ; On           ;
; D4       ;            ;          ; GND                                            ; gnd    ;                       ;         ; --         ;                 ; --       ; --           ;
; D5       ; 491        ; 8        ; RESERVED_INPUT_WITH_WEAK_PULLUP                ;        ;                       ;         ; Column I/O ;                 ; no       ; On           ;
; D6       ; 496        ; 8        ; RESERVED_INPUT_WITH_WEAK_PULLUP                ;        ;                       ;         ; Column I/O ;                 ; no       ; On           ;
; D7       ; 479        ; 8        ; RESERVED_INPUT_WITH_WEAK_PULLUP                ;        ;                       ;         ; Column I/O ;                 ; --       ; --           ;
; D8       ; 472        ; 8        ; RESERVED_INPUT_WITH_WEAK_PULLUP                ;        ;                       ;         ; Column I/O ;                 ; no       ; On           ;
; D9       ; 474        ; 8        ; RESERVED_INPUT_WITH_WEAK_PULLUP                ;        ;                       ;         ; Column I/O ;                 ; no       ; On           ;
; D10      ; 476        ; 8        ; RESERVED_INPUT_WITH_WEAK_PULLUP                ;        ;                       ;         ; Column I/O ;                 ; no       ; On           ;
; D11      ;            ;          ; GND                                            ; gnd    ;                       ;         ; --         ;                 ; --       ; --           ;
; D12      ; 438        ; 7        ; RESERVED_INPUT_WITH_WEAK_PULLUP                ;        ;                       ;         ; Column I/O ;                 ; no       ; On           ;
; D13      ; 431        ; 7        ; RESERVED_INPUT_WITH_WEAK_PULLUP                ;        ;                       ;         ; Column I/O ;                 ; no       ; On           ;
; D14      ; 428        ; 7        ; RESERVED_INPUT_WITH_WEAK_PULLUP                ;        ;                       ;         ; Column I/O ;                 ; no       ; On           ;
; D15      ; 404        ; 7        ; RESERVED_INPUT_WITH_WEAK_PULLUP                ;        ;                       ;         ; Column I/O ;                 ; no       ; On           ;
; D16      ;            ;          ; GND                                            ; gnd    ;                       ;         ; --         ;                 ; --       ; --           ;
; D17      ; 389        ; 7        ; HEX0[5]                                        ; output ; 2.5 V                 ;         ; Column I/O ; Y               ; no       ; Off          ;
; D18      ; 385        ; 6        ; HEX1[1]                                        ; output ; 2.5 V                 ;         ; Row I/O    ; Y               ; no       ; Off          ;
; D19      ; 359        ; 6        ; HEX3[5]                                        ; output ; 2.5 V                 ;         ; Row I/O    ; Y               ; no       ; Off          ;
; D20      ;            ;          ; GND                                            ; gnd    ;                       ;         ; --         ;                 ; --       ; --           ;
; D21      ; 345        ; 6        ; RESERVED_INPUT_WITH_WEAK_PULLUP                ;        ;                       ;         ; Row I/O    ;                 ; --       ; --           ;
; D22      ; 341        ; 6        ; RESERVED_INPUT_WITH_WEAK_PULLUP                ;        ;                       ;         ; Row I/O    ;                 ; no       ; On           ;
; E1       ; 41         ; 1B       ; RESERVED_INPUT_WITH_WEAK_PULLUP                ;        ;                       ;         ; Row I/O    ;                 ; no       ; On           ;
; E2       ;            ;          ; GND                                            ; gnd    ;                       ;         ; --         ;                 ; --       ; --           ;
; E3       ; 3          ; 1A       ; RESERVED_INPUT_WITH_WEAK_PULLUP                ;        ;                       ;         ; Row I/O    ;                 ; no       ; On           ;
; E4       ; 1          ; 1A       ; RESERVED_INPUT_WITH_WEAK_PULLUP                ;        ;                       ;         ; Row I/O    ;                 ; no       ; On           ;
; E5       ;            ;          ; NC                                             ;        ;                       ;         ; --         ;                 ; --       ; --           ;
; E6       ; 498        ; 8        ; RESERVED_INPUT_WITH_WEAK_PULLUP                ;        ;                       ;         ; Column I/O ;                 ; no       ; On           ;
; E7       ;            ;          ; GND                                            ; gnd    ;                       ;         ; --         ;                 ; --       ; --           ;
; E8       ; 488        ; 8        ; RESERVED_INPUT_WITH_WEAK_PULLUP                ;        ;                       ;         ; Column I/O ;                 ; no       ; On           ;
; E9       ; 478        ; 8        ; RESERVED_INPUT_WITH_WEAK_PULLUP                ;        ;                       ;         ; Column I/O ;                 ; no       ; On           ;
; E10      ; 466        ; 8        ; RESERVED_INPUT_WITH_WEAK_PULLUP                ;        ;                       ;         ; Column I/O ;                 ; no       ; On           ;
; E11      ; 464        ; 8        ; RESERVED_INPUT_WITH_WEAK_PULLUP                ;        ;                       ;         ; Column I/O ;                 ; no       ; On           ;
; E12      ; 429        ; 7        ; RESERVED_INPUT_WITH_WEAK_PULLUP                ;        ;                       ;         ; Column I/O ;                 ; no       ; On           ;
; E13      ; 430        ; 7        ; RESERVED_INPUT_WITH_WEAK_PULLUP                ;        ;                       ;         ; Column I/O ;                 ; no       ; On           ;
; E14      ; 406        ; 7        ; RESERVED_INPUT_WITH_WEAK_PULLUP                ;        ;                       ;         ; Column I/O ;                 ; no       ; On           ;
; E15      ; 390        ; 7        ; HEX0[1]                                        ; output ; 2.5 V                 ;         ; Column I/O ; Y               ; no       ; Off          ;
; E16      ; 388        ; 7        ; HEX0[4]                                        ; output ; 2.5 V                 ;         ; Column I/O ; Y               ; no       ; Off          ;
; E17      ; 366        ; 6        ; HEX3[6]                                        ; output ; 2.5 V                 ;         ; Row I/O    ; Y               ; no       ; Off          ;
; E18      ; 387        ; 6        ; HEX1[2]                                        ; output ; 2.5 V                 ;         ; Row I/O    ; Y               ; no       ; Off          ;
; E19      ; 352        ; 6        ; HEX4[2]                                        ; output ; 2.5 V                 ;         ; Row I/O    ; Y               ; no       ; Off          ;
; E20      ; 355        ; 6        ; HEX4[1]                                        ; output ; 2.5 V                 ;         ; Row I/O    ; Y               ; no       ; Off          ;
; E21      ; 335        ; 6        ; HEX3[2]                                        ; output ; 2.5 V                 ;         ; Row I/O    ; Y               ; no       ; Off          ;
; E22      ; 333        ; 6        ; HEX3[1]                                        ; output ; 2.5 V                 ;         ; Row I/O    ; Y               ; no       ; Off          ;
; F1       ; 47         ; 1B       ; RESERVED_INPUT_WITH_WEAK_PULLUP                ;        ;                       ;         ; Row I/O    ;                 ; no       ; On           ;
; F2       ; 43         ; 1B       ; RESERVED_INPUT_WITH_WEAK_PULLUP                ;        ;                       ;         ; Row I/O    ;                 ; no       ; On           ;
; F3       ; 7          ; 1A       ; RESERVED_INPUT_WITH_WEAK_PULLUP                ;        ;                       ;         ; Row I/O    ;                 ; no       ; On           ;
; F4       ; 2          ; 1A       ; RESERVED_INPUT_WITH_WEAK_PULLUP                ;        ;                       ;         ; Row I/O    ;                 ; no       ; On           ;
; F5       ; 0          ; 1A       ; RESERVED_INPUT_WITH_WEAK_PULLUP                ;        ;                       ;         ; Row I/O    ;                 ; no       ; On           ;
; F6       ;            ;          ; NC                                             ;        ;                       ;         ; --         ;                 ; --       ; --           ;
; F7       ; 490        ; 8        ; RESERVED_INPUT_WITH_WEAK_PULLUP                ;        ;                       ;         ; Column I/O ;                 ; no       ; On           ;
; F8       ; 494        ; 8        ; ~ALTERA_CONF_DONE~ / RESERVED_INPUT            ; input  ; 2.5 V Schmitt Trigger ;         ; Column I/O ; N               ; no       ; Off          ;
; F9       ;            ; 8        ; VCCIO8                                         ; power  ;                       ; 2.5V    ; --         ;                 ; --       ; --           ;
; F10      ;            ;          ; GND                                            ; gnd    ;                       ;         ; --         ;                 ; --       ; --           ;
; F11      ;            ; 8        ; VCCIO8                                         ; power  ;                       ; 2.5V    ; --         ;                 ; --       ; --           ;
; F12      ;            ; 7        ; VCCIO7                                         ; power  ;                       ; 2.5V    ; --         ;                 ; --       ; --           ;
; F13      ;            ;          ; GND                                            ; gnd    ;                       ;         ; --         ;                 ; --       ; --           ;
; F14      ;            ; 7        ; VCCIO7                                         ; power  ;                       ; 2.5V    ; --         ;                 ; --       ; --           ;
; F15      ; 398        ; 7        ; RESERVED_INPUT_WITH_WEAK_PULLUP                ;        ;                       ;         ; Column I/O ;                 ; no       ; On           ;
; F16      ; 396        ; 7        ; RESERVED_INPUT_WITH_WEAK_PULLUP                ;        ;                       ;         ; Column I/O ;                 ; no       ; On           ;
; F17      ; 364        ; 6        ; RESERVED_INPUT_WITH_WEAK_PULLUP                ;        ;                       ;         ; Row I/O    ;                 ; no       ; On           ;
; F18      ; 354        ; 6        ; HEX4[0]                                        ; output ; 2.5 V                 ;         ; Row I/O    ; Y               ; no       ; Off          ;
; F19      ; 353        ; 6        ; HEX4[5]                                        ; output ; 2.5 V                 ;         ; Row I/O    ; Y               ; no       ; Off          ;
; F20      ; 342        ; 6        ; HEX4[6]                                        ; output ; 2.5 V                 ;         ; Row I/O    ; Y               ; no       ; Off          ;
; F21      ; 340        ; 6        ; HEX3[0]                                        ; output ; 2.5 V                 ;         ; Row I/O    ; Y               ; no       ; Off          ;
; F22      ; 331        ; 6        ; RESERVED_INPUT_WITH_WEAK_PULLUP                ;        ;                       ;         ; Row I/O    ;                 ; no       ; On           ;
; G1       ; 45         ; 1B       ; RESERVED_INPUT_WITH_WEAK_PULLUP                ;        ;                       ;         ; Row I/O    ;                 ; no       ; On           ;
; G2       ; 34         ; 1B       ; ~ALTERA_TCK~ / RESERVED_INPUT                  ; input  ; 2.5 V Schmitt Trigger ;         ; Row I/O    ; N               ; no       ; Off          ;
; G3       ; 11         ; 1A       ; RESERVED_INPUT_WITH_WEAK_PULLUP                ;        ;                       ;         ; Row I/O    ;                 ; no       ; On           ;
; G4       ; 5          ; 1A       ; RESERVED_INPUT_WITH_WEAK_PULLUP                ;        ;                       ;         ; Row I/O    ;                 ; no       ; On           ;
; G5       ;            ;          ; ANAIN1                                         ;        ;                       ;         ; --         ;                 ; --       ; --           ;
; G6       ;            ;          ; GND                                            ; gnd    ;                       ;         ; --         ;                 ; --       ; --           ;
; G7       ;            ;          ; VCCD_PLL3                                      ; power  ;                       ; 1.2V    ; --         ;                 ; --       ; --           ;
; G8       ;            ;          ; GND                                            ; gnd    ;                       ;         ; --         ;                 ; --       ; --           ;
; G9       ; 492        ; 8        ; ~ALTERA_nSTATUS~ / RESERVED_INPUT              ; input  ; 2.5 V Schmitt Trigger ;         ; Column I/O ; N               ; no       ; Off          ;
; G10      ;            ; 8        ; VCCIO8                                         ; power  ;                       ; 2.5V    ; --         ;                 ; --       ; --           ;
; G11      ;            ; 8        ; VCCIO8                                         ; power  ;                       ; 2.5V    ; --         ;                 ; --       ; --           ;
; G12      ;            ; 7        ; VCCIO7                                         ; power  ;                       ; 2.5V    ; --         ;                 ; --       ; --           ;
; G13      ;            ; 7        ; VCCIO7                                         ; power  ;                       ; 2.5V    ; --         ;                 ; --       ; --           ;
; G14      ;            ; 7        ; VCCIO7                                         ; power  ;                       ; 2.5V    ; --         ;                 ; --       ; --           ;
; G15      ;            ;          ; GND                                            ; gnd    ;                       ;         ; --         ;                 ; --       ; --           ;
; G16      ;            ;          ; VCCD_PLL2                                      ; power  ;                       ; 1.2V    ; --         ;                 ; --       ; --           ;
; G17      ; 386        ; 6        ; RESERVED_INPUT_WITH_WEAK_PULLUP                ;        ;                       ;         ; Row I/O    ;                 ; no       ; On           ;
; G18      ;            ;          ; GND                                            ; gnd    ;                       ;         ; --         ;                 ; --       ; --           ;
; G19      ; 330        ; 6        ; RESERVED_INPUT_WITH_WEAK_PULLUP                ;        ;                       ;         ; Row I/O    ;                 ; no       ; On           ;
; G20      ; 328        ; 6        ; RESERVED_INPUT_WITH_WEAK_PULLUP                ;        ;                       ;         ; Row I/O    ;                 ; no       ; On           ;
; G21      ;            ;          ; GND                                            ; gnd    ;                       ;         ; --         ;                 ; --       ; --           ;
; G22      ; 329        ; 6        ; RESERVED_INPUT_WITH_WEAK_PULLUP                ;        ;                       ;         ; Row I/O    ;                 ; no       ; On           ;
; H1       ; 44         ; 1B       ; RESERVED_INPUT_WITH_WEAK_PULLUP                ;        ;                       ;         ; Row I/O    ;                 ; no       ; On           ;
; H2       ; 32         ; 1B       ; ~ALTERA_TMS~ / RESERVED_INPUT_WITH_WEAK_PULLUP ; input  ; 2.5 V Schmitt Trigger ;         ; Row I/O    ; N               ; no       ; On           ;
; H3       ; 10         ; 1A       ; RESERVED_INPUT_WITH_WEAK_PULLUP                ;        ;                       ;         ; Row I/O    ;                 ; no       ; On           ;
; H4       ; 9          ; 1A       ; RESERVED_INPUT_WITH_WEAK_PULLUP                ;        ;                       ;         ; Row I/O    ;                 ; no       ; On           ;
; H5       ;            ;          ; REFGND                                         ;        ;                       ;         ; --         ;                 ; --       ; --           ;
; H6       ;            ;          ; ADC_VREF                                       ;        ;                       ;         ; --         ;                 ; --       ; --           ;
; H7       ;            ; --       ; VCCA_ADC                                       ; power  ;                       ; 2.5V    ; --         ;                 ; --       ; --           ;
; H8       ;            ; --       ; VCCA3                                          ; power  ;                       ; 2.5V    ; --         ;                 ; --       ; --           ;
; H9       ; 482        ; 8        ; ~ALTERA_nCONFIG~ / RESERVED_INPUT              ; input  ; 2.5 V Schmitt Trigger ;         ; Column I/O ; N               ; no       ; Off          ;
; H10      ; 480        ; 8        ; ~ALTERA_CONFIG_SEL~ / RESERVED_INPUT           ; input  ; 2.5 V                 ;         ; Column I/O ; N               ; no       ; Off          ;
; H11      ; 470        ; 8        ; RESERVED_INPUT_WITH_WEAK_PULLUP                ;        ;                       ;         ; Column I/O ;                 ; no       ; On           ;
; H12      ; 444        ; 7        ; RESERVED_INPUT_WITH_WEAK_PULLUP                ;        ;                       ;         ; Column I/O ;                 ; no       ; On           ;
; H13      ; 432        ; 7        ; RESERVED_INPUT_WITH_WEAK_PULLUP                ;        ;                       ;         ; Column I/O ;                 ; no       ; On           ;
; H14      ; 420        ; 7        ; RESERVED_INPUT_WITH_WEAK_PULLUP                ;        ;                       ;         ; Column I/O ;                 ; no       ; On           ;
; H15      ;            ; --       ; VCCA2                                          ; power  ;                       ; 2.5V    ; --         ;                 ; --       ; --           ;
; H16      ;            ; 6        ; VCCIO6                                         ; power  ;                       ; 2.5V    ; --         ;                 ; --       ; --           ;
; H17      ; 384        ; 6        ; RESERVED_INPUT_WITH_WEAK_PULLUP                ;        ;                       ;         ; Row I/O    ;                 ; no       ; On           ;
; H18      ; 374        ; 6        ; RESERVED_INPUT_WITH_WEAK_PULLUP                ;        ;                       ;         ; Row I/O    ;                 ; no       ; On           ;
; H19      ; 372        ; 6        ; HEX4[4]                                        ; output ; 2.5 V                 ;         ; Row I/O    ; Y               ; no       ; Off          ;
; H20      ; 375        ; 6        ; RESERVED_INPUT_WITH_WEAK_PULLUP                ;        ;                       ;         ; Row I/O    ;                 ; no       ; On           ;
; H21      ; 323        ; 6        ; RESERVED_INPUT_WITH_WEAK_PULLUP                ;        ;                       ;         ; Row I/O    ;                 ; no       ; On           ;
; H22      ; 321        ; 6        ; RESERVED_INPUT_WITH_WEAK_PULLUP                ;        ;                       ;         ; Row I/O    ;                 ; no       ; On           ;
; J1       ; 46         ; 1B       ; RESERVED_INPUT_WITH_WEAK_PULLUP                ;        ;                       ;         ; Row I/O    ;                 ; no       ; On           ;
; J2       ;            ;          ; GND                                            ; gnd    ;                       ;         ; --         ;                 ; --       ; --           ;
; J3       ; 15         ; 1A       ; RESERVED_INPUT_WITH_WEAK_PULLUP                ;        ;                       ;         ; Row I/O    ;                 ; no       ; On           ;
; J4       ; 8          ; 1A       ; RESERVED_INPUT_WITH_WEAK_PULLUP                ;        ;                       ;         ; Row I/O    ;                 ; no       ; On           ;
; J5       ;            ;          ; ANAIN2                                         ;        ;                       ;         ; --         ;                 ; --       ; --           ;
; J6       ;            ;          ; GND                                            ; gnd    ;                       ;         ; --         ;                 ; --       ; --           ;
; J7       ;            ;          ; VCCINT                                         ; power  ;                       ; 1.2V    ; --         ;                 ; --       ; --           ;
; J8       ; 4          ; 1A       ; RESERVED_INPUT_WITH_WEAK_PULLUP                ;        ;                       ;         ; Row I/O    ;                 ; no       ; On           ;
; J9       ; 6          ; 1A       ; RESERVED_INPUT_WITH_WEAK_PULLUP                ;        ;                       ;         ; Row I/O    ;                 ; no       ; On           ;
; J10      ; 468        ; 8        ; RESERVED_INPUT_WITH_WEAK_PULLUP                ;        ;                       ;         ; Column I/O ;                 ; no       ; On           ;
; J11      ; 446        ; 7        ; RESERVED_INPUT_WITH_WEAK_PULLUP                ;        ;                       ;         ; Column I/O ;                 ; no       ; On           ;
; J12      ; 434        ; 7        ; RESERVED_INPUT_WITH_WEAK_PULLUP                ;        ;                       ;         ; Column I/O ;                 ; no       ; On           ;
; J13      ; 422        ; 7        ; RESERVED_INPUT_WITH_WEAK_PULLUP                ;        ;                       ;         ; Column I/O ;                 ; no       ; On           ;
; J14      ; 368        ; 6        ; RESERVED_INPUT_WITH_WEAK_PULLUP                ;        ;                       ;         ; Row I/O    ;                 ; no       ; On           ;
; J15      ; 370        ; 6        ; RESERVED_INPUT_WITH_WEAK_PULLUP                ;        ;                       ;         ; Row I/O    ;                 ; no       ; On           ;
; J16      ;            ;          ; GND                                            ; gnd    ;                       ;         ; --         ;                 ; --       ; --           ;
; J17      ;            ; 6        ; VCCIO6                                         ; power  ;                       ; 2.5V    ; --         ;                 ; --       ; --           ;
; J18      ; 362        ; 6        ; HEX4[3]                                        ; output ; 2.5 V                 ;         ; Row I/O    ; Y               ; no       ; Off          ;
; J19      ;            ;          ; GND                                            ; gnd    ;                       ;         ; --         ;                 ; --       ; --           ;
; J20      ; 373        ; 6        ; HEX5[0]                                        ; output ; 2.5 V                 ;         ; Row I/O    ; Y               ; no       ; Off          ;
; J21      ; 327        ; 6        ; RESERVED_INPUT_WITH_WEAK_PULLUP                ;        ;                       ;         ; Row I/O    ;                 ; no       ; On           ;
; J22      ; 325        ; 6        ; RESERVED_INPUT_WITH_WEAK_PULLUP                ;        ;                       ;         ; Row I/O    ;                 ; no       ; On           ;
; K1       ; 49         ; 1B       ; RESERVED_INPUT_WITH_WEAK_PULLUP                ;        ;                       ;         ; Row I/O    ;                 ; no       ; On           ;
; K2       ; 37         ; 1B       ; RESERVED_INPUT_WITH_WEAK_PULLUP                ;        ;                       ;         ; Row I/O    ;                 ; no       ; On           ;
; K3       ;            ;          ; GND                                            ; gnd    ;                       ;         ; --         ;                 ; --       ; --           ;
; K4       ; 13         ; 1A       ; RESERVED_INPUT_WITH_WEAK_PULLUP                ;        ;                       ;         ; Row I/O    ;                 ; no       ; On           ;
; K5       ; 12         ; 1A       ; RESERVED_INPUT_WITH_WEAK_PULLUP                ;        ;                       ;         ; Row I/O    ;                 ; no       ; On           ;
; K6       ; 14         ; 1A       ; RESERVED_INPUT_WITH_WEAK_PULLUP                ;        ;                       ;         ; Row I/O    ;                 ; no       ; On           ;
; K7       ;            ; 1A       ; VCCIO1A                                        ; power  ;                       ; 2.5V    ; --         ;                 ; --       ; --           ;
; K8       ; 28         ; 1B       ; RESERVED_INPUT_WITH_WEAK_PULLUP                ;        ;                       ;         ; Row I/O    ;                 ; no       ; On           ;
; K9       ; 30         ; 1B       ; RESERVED_INPUT_WITH_WEAK_PULLUP                ;        ;                       ;         ; Row I/O    ;                 ; no       ; On           ;
; K10      ;            ;          ; GND                                            ; gnd    ;                       ;         ; --         ;                 ; --       ; --           ;
; K11      ;            ; --       ; VCC                                            ; power  ;                       ; 1.2V    ; --         ;                 ; --       ; --           ;
; K12      ;            ;          ; GND                                            ; gnd    ;                       ;         ; --         ;                 ; --       ; --           ;
; K13      ;            ; --       ; VCC                                            ; power  ;                       ; 1.2V    ; --         ;                 ; --       ; --           ;
; K14      ; 356        ; 6        ; RESERVED_INPUT_WITH_WEAK_PULLUP                ;        ;                       ;         ; Row I/O    ;                 ; no       ; On           ;
; K15      ; 358        ; 6        ; RESERVED_INPUT_WITH_WEAK_PULLUP                ;        ;                       ;         ; Row I/O    ;                 ; no       ; On           ;
; K16      ;            ; 6        ; VCCIO6                                         ; power  ;                       ; 2.5V    ; --         ;                 ; --       ; --           ;
; K17      ;            ; 6        ; VCCIO6                                         ; power  ;                       ; 2.5V    ; --         ;                 ; --       ; --           ;
; K18      ; 360        ; 6        ; RESERVED_INPUT_WITH_WEAK_PULLUP                ;        ;                       ;         ; Row I/O    ;                 ; no       ; On           ;
; K19      ; 361        ; 6        ; RESERVED_INPUT_WITH_WEAK_PULLUP                ;        ;                       ;         ; Row I/O    ;                 ; no       ; On           ;
; K20      ; 363        ; 6        ; HEX5[1]                                        ; output ; 2.5 V                 ;         ; Row I/O    ; Y               ; no       ; Off          ;
; K21      ; 326        ; 6        ; RESERVED_INPUT_WITH_WEAK_PULLUP                ;        ;                       ;         ; Row I/O    ;                 ; no       ; On           ;
; K22      ; 324        ; 6        ; RESERVED_INPUT_WITH_WEAK_PULLUP                ;        ;                       ;         ; Row I/O    ;                 ; no       ; On           ;
; L1       ; 51         ; 1B       ; RESERVED_INPUT_WITH_WEAK_PULLUP                ;        ;                       ;         ; Row I/O    ;                 ; no       ; On           ;
; L2       ; 39         ; 1B       ; RESERVED_INPUT_WITH_WEAK_PULLUP                ;        ;                       ;         ; Row I/O    ;                 ; no       ; On           ;
; L3       ;            ;          ; DNU                                            ;        ;                       ;         ; --         ;                 ; --       ; --           ;
; L4       ; 36         ; 1B       ; ~ALTERA_TDI~ / RESERVED_INPUT_WITH_WEAK_PULLUP ; input  ; 2.5 V Schmitt Trigger ;         ; Row I/O    ; N               ; no       ; On           ;
; L5       ;            ;          ; GND                                            ; gnd    ;                       ;         ; --         ;                 ; --       ; --           ;
; L6       ;            ; 1A       ; VCCIO1A                                        ; power  ;                       ; 2.5V    ; --         ;                 ; --       ; --           ;
; L7       ;            ; 1B       ; VCCIO1B                                        ; power  ;                       ; 2.5V    ; --         ;                 ; --       ; --           ;
; L8       ; 40         ; 1B       ; RESERVED_INPUT_WITH_WEAK_PULLUP                ;        ;                       ;         ; Row I/O    ;                 ; no       ; On           ;
; L9       ; 42         ; 1B       ; RESERVED_INPUT_WITH_WEAK_PULLUP                ;        ;                       ;         ; Row I/O    ;                 ; no       ; On           ;
; L10      ;            ; --       ; VCC                                            ; power  ;                       ; 1.2V    ; --         ;                 ; --       ; --           ;
; L11      ;            ; --       ; VCC                                            ; power  ;                       ; 1.2V    ; --         ;                 ; --       ; --           ;
; L12      ;            ; --       ; VCC                                            ; power  ;                       ; 1.2V    ; --         ;                 ; --       ; --           ;
; L13      ;            ;          ; GND                                            ; gnd    ;                       ;         ; --         ;                 ; --       ; --           ;
; L14      ; 344        ; 6        ; RESERVED_INPUT_WITH_WEAK_PULLUP                ;        ;                       ;         ; Row I/O    ;                 ; no       ; On           ;
; L15      ; 346        ; 6        ; RESERVED_INPUT_WITH_WEAK_PULLUP                ;        ;                       ;         ; Row I/O    ;                 ; no       ; On           ;
; L16      ;            ; 6        ; VCCIO6                                         ; power  ;                       ; 2.5V    ; --         ;                 ; --       ; --           ;
; L17      ;            ;          ; GND                                            ; gnd    ;                       ;         ; --         ;                 ; --       ; --           ;
; L18      ; 350        ; 6        ; HEX5[2]                                        ; output ; 2.5 V                 ;         ; Row I/O    ; Y               ; no       ; Off          ;
; L19      ; 349        ; 6        ; RESERVED_INPUT_WITH_WEAK_PULLUP                ;        ;                       ;         ; Row I/O    ;                 ; no       ; On           ;
; L20      ; 351        ; 6        ; RESERVED_INPUT_WITH_WEAK_PULLUP                ;        ;                       ;         ; Row I/O    ;                 ; no       ; On           ;
; L21      ;            ;          ; GND                                            ; gnd    ;                       ;         ; --         ;                 ; --       ; --           ;
; L22      ; 314        ; 5        ; RESERVED_INPUT_WITH_WEAK_PULLUP                ;        ;                       ;         ; Row I/O    ;                 ; no       ; On           ;
; M1       ; 79         ; 2        ; RESERVED_INPUT_WITH_WEAK_PULLUP                ;        ;                       ;         ; Row I/O    ;                 ; no       ; On           ;
; M2       ; 77         ; 2        ; RESERVED_INPUT_WITH_WEAK_PULLUP                ;        ;                       ;         ; Row I/O    ;                 ; --       ; --           ;
; M3       ; 50         ; 1B       ; RESERVED_INPUT_WITH_WEAK_PULLUP                ;        ;                       ;         ; Row I/O    ;                 ; no       ; On           ;
; M4       ; 48         ; 1B       ; RESERVED_INPUT_WITH_WEAK_PULLUP                ;        ;                       ;         ; Row I/O    ;                 ; no       ; On           ;
; M5       ; 38         ; 1B       ; ~ALTERA_TDO~                                   ; output ; 2.5 V                 ;         ; Row I/O    ; N               ; no       ; Off          ;
; M6       ;            ; 1B       ; VCCIO1B                                        ; power  ;                       ; 2.5V    ; --         ;                 ; --       ; --           ;
; M7       ;            ;          ; GND                                            ; gnd    ;                       ;         ; --         ;                 ; --       ; --           ;
; M8       ; 72         ; 2        ; RESERVED_INPUT_WITH_WEAK_PULLUP                ;        ;                       ;         ; Row I/O    ;                 ; no       ; On           ;
; M9       ; 74         ; 2        ; RESERVED_INPUT_WITH_WEAK_PULLUP                ;        ;                       ;         ; Row I/O    ;                 ; no       ; On           ;
; M10      ;            ;          ; GND                                            ; gnd    ;                       ;         ; --         ;                 ; --       ; --           ;
; M11      ;            ; --       ; VCC                                            ; power  ;                       ; 1.2V    ; --         ;                 ; --       ; --           ;
; M12      ;            ; --       ; VCC                                            ; power  ;                       ; 1.2V    ; --         ;                 ; --       ; --           ;
; M13      ;            ; --       ; VCC                                            ; power  ;                       ; 1.2V    ; --         ;                 ; --       ; --           ;
; M14      ; 334        ; 6        ; RESERVED_INPUT_WITH_WEAK_PULLUP                ;        ;                       ;         ; Row I/O    ;                 ; no       ; On           ;
; M15      ; 332        ; 6        ; RESERVED_INPUT_WITH_WEAK_PULLUP                ;        ;                       ;         ; Row I/O    ;                 ; no       ; On           ;
; M16      ;            ;          ; GND                                            ; gnd    ;                       ;         ; --         ;                 ; --       ; --           ;
; M17      ;            ; 6        ; VCCIO6                                         ; power  ;                       ; 2.5V    ; --         ;                 ; --       ; --           ;
; M18      ; 348        ; 6        ; RESERVED_INPUT_WITH_WEAK_PULLUP                ;        ;                       ;         ; Row I/O    ;                 ; no       ; On           ;
; M19      ;            ;          ; GND                                            ; gnd    ;                       ;         ; --         ;                 ; --       ; --           ;
; M20      ; 337        ; 6        ; HEX5[4]                                        ; output ; 2.5 V                 ;         ; Row I/O    ; Y               ; no       ; Off          ;
; M21      ; 312        ; 5        ; RESERVED_INPUT_WITH_WEAK_PULLUP                ;        ;                       ;         ; Row I/O    ;                 ; no       ; On           ;
; M22      ; 315        ; 5        ; RESERVED_INPUT_WITH_WEAK_PULLUP                ;        ;                       ;         ; Row I/O    ;                 ; no       ; On           ;
; N1       ; 87         ; 2        ; RESERVED_INPUT_WITH_WEAK_PULLUP                ;        ;                       ;         ; Row I/O    ;                 ; no       ; On           ;
; N2       ; 75         ; 2        ; RESERVED_INPUT_WITH_WEAK_PULLUP                ;        ;                       ;         ; Row I/O    ;                 ; no       ; On           ;
; N3       ; 73         ; 2        ; RESERVED_INPUT_WITH_WEAK_PULLUP                ;        ;                       ;         ; Row I/O    ;                 ; no       ; On           ;
; N4       ; 56         ; 2        ; RESERVED_INPUT_WITH_WEAK_PULLUP                ;        ;                       ;         ; Row I/O    ;                 ; no       ; On           ;
; N5       ; 58         ; 2        ; RESERVED_INPUT_WITH_WEAK_PULLUP                ;        ;                       ;         ; Row I/O    ;                 ; no       ; On           ;
; N6       ;            ; 2        ; VCCIO2                                         ; power  ;                       ; 2.5V    ; --         ;                 ; --       ; --           ;
; N7       ;            ; 2        ; VCCIO2                                         ; power  ;                       ; 2.5V    ; --         ;                 ; --       ; --           ;
; N8       ; 84         ; 2        ; RESERVED_INPUT_WITH_WEAK_PULLUP                ;        ;                       ;         ; Row I/O    ;                 ; no       ; On           ;
; N9       ; 86         ; 2        ; RESERVED_INPUT_WITH_WEAK_PULLUP                ;        ;                       ;         ; Row I/O    ;                 ; no       ; On           ;
; N10      ;            ; --       ; VCC                                            ; power  ;                       ; 1.2V    ; --         ;                 ; --       ; --           ;
; N11      ;            ;          ; GND                                            ; gnd    ;                       ;         ; --         ;                 ; --       ; --           ;
; N12      ;            ; --       ; VCC                                            ; power  ;                       ; 1.2V    ; --         ;                 ; --       ; --           ;
; N13      ;            ;          ; GND                                            ; gnd    ;                       ;         ; --         ;                 ; --       ; --           ;
; N14      ; 320        ; 6        ; RESERVED_INPUT_WITH_WEAK_PULLUP                ;        ;                       ;         ; Row I/O    ;                 ; no       ; On           ;
; N15      ; 322        ; 6        ; RESERVED_INPUT_WITH_WEAK_PULLUP                ;        ;                       ;         ; Row I/O    ;                 ; no       ; On           ;
; N16      ;            ; 5        ; VCCIO5                                         ; power  ;                       ; 2.5V    ; --         ;                 ; --       ; --           ;
; N17      ;            ; 6        ; VCCIO6                                         ; power  ;                       ; 2.5V    ; --         ;                 ; --       ; --           ;
; N18      ; 336        ; 6        ; HEX5[3]                                        ; output ; 2.5 V                 ;         ; Row I/O    ; Y               ; no       ; Off          ;
; N19      ; 338        ; 6        ; HEX5[5]                                        ; output ; 2.5 V                 ;         ; Row I/O    ; Y               ; no       ; Off          ;
; N20      ; 339        ; 6        ; HEX5[6]                                        ; output ; 2.5 V                 ;         ; Row I/O    ; Y               ; no       ; Off          ;
; N21      ; 313        ; 5        ; RESERVED_INPUT_WITH_WEAK_PULLUP                ;        ;                       ;         ; Row I/O    ;                 ; no       ; On           ;
; N22      ; 307        ; 5        ; RESERVED_INPUT_WITH_WEAK_PULLUP                ;        ;                       ;         ; Row I/O    ;                 ; no       ; On           ;
; P1       ; 85         ; 2        ; RESERVED_INPUT_WITH_WEAK_PULLUP                ;        ;                       ;         ; Row I/O    ;                 ; no       ; On           ;
; P2       ;            ;          ; GND                                            ; gnd    ;                       ;         ; --         ;                 ; --       ; --           ;
; P3       ; 76         ; 2        ; RESERVED_INPUT_WITH_WEAK_PULLUP                ;        ;                       ;         ; Row I/O    ;                 ; no       ; On           ;
; P4       ; 57         ; 2        ; RESERVED_INPUT_WITH_WEAK_PULLUP                ;        ;                       ;         ; Row I/O    ;                 ; no       ; On           ;
; P5       ; 59         ; 2        ; RESERVED_INPUT_WITH_WEAK_PULLUP                ;        ;                       ;         ; Row I/O    ;                 ; no       ; On           ;
; P6       ;            ;          ; GND                                            ; gnd    ;                       ;         ; --         ;                 ; --       ; --           ;
; P7       ;            ; 2        ; VCCIO2                                         ; power  ;                       ; 2.5V    ; --         ;                 ; --       ; --           ;
; P8       ; 96         ; 2        ; RESERVED_INPUT_WITH_WEAK_PULLUP                ;        ;                       ;         ; Row I/O    ;                 ; no       ; On           ;
; P9       ; 142        ; 3        ; RESERVED_INPUT_WITH_WEAK_PULLUP                ;        ;                       ;         ; Column I/O ;                 ; no       ; On           ;
; P10      ; 154        ; 3        ; RESERVED_INPUT_WITH_WEAK_PULLUP                ;        ;                       ;         ; Column I/O ;                 ; no       ; On           ;
; P11      ; 166        ; 3        ; RESERVED_INPUT_WITH_WEAK_PULLUP                ;        ;                       ;         ; Column I/O ;                 ; no       ; On           ;
; P12      ; 178        ; 4        ; RESERVED_INPUT_WITH_WEAK_PULLUP                ;        ;                       ;         ; Column I/O ;                 ; no       ; On           ;
; P13      ; 198        ; 4        ; RESERVED_INPUT_WITH_WEAK_PULLUP                ;        ;                       ;         ; Column I/O ;                 ; no       ; On           ;
; P14      ; 306        ; 5        ; RESERVED_INPUT_WITH_WEAK_PULLUP                ;        ;                       ;         ; Row I/O    ;                 ; no       ; On           ;
; P15      ; 304        ; 5        ; RESERVED_INPUT_WITH_WEAK_PULLUP                ;        ;                       ;         ; Row I/O    ;                 ; no       ; On           ;
; P16      ;            ; 5        ; VCCIO5                                         ; power  ;                       ; 2.5V    ; --         ;                 ; --       ; --           ;
; P17      ;            ;          ; GND                                            ; gnd    ;                       ;         ; --         ;                 ; --       ; --           ;
; P18      ; 310        ; 5        ; RESERVED_INPUT_WITH_WEAK_PULLUP                ;        ;                       ;         ; Row I/O    ;                 ; no       ; On           ;
; P19      ; 309        ; 5        ; RESERVED_INPUT_WITH_WEAK_PULLUP                ;        ;                       ;         ; Row I/O    ;                 ; no       ; On           ;
; P20      ; 311        ; 5        ; RESERVED_INPUT_WITH_WEAK_PULLUP                ;        ;                       ;         ; Row I/O    ;                 ; no       ; On           ;
; P21      ; 305        ; 5        ; RESERVED_INPUT_WITH_WEAK_PULLUP                ;        ;                       ;         ; Row I/O    ;                 ; no       ; On           ;
; P22      ; 303        ; 5        ; RESERVED_INPUT_WITH_WEAK_PULLUP                ;        ;                       ;         ; Row I/O    ;                 ; --       ; --           ;
; R1       ; 121        ; 2        ; RESERVED_INPUT_WITH_WEAK_PULLUP                ;        ;                       ;         ; Row I/O    ;                 ; no       ; On           ;
; R2       ; 123        ; 2        ; RESERVED_INPUT_WITH_WEAK_PULLUP                ;        ;                       ;         ; Row I/O    ;                 ; no       ; On           ;
; R3       ; 78         ; 2        ; RESERVED_INPUT_WITH_WEAK_PULLUP                ;        ;                       ;         ; Row I/O    ;                 ; no       ; On           ;
; R4       ; 80         ; 2        ; RESERVED_INPUT_WITH_WEAK_PULLUP                ;        ;                       ;         ; Row I/O    ;                 ; no       ; On           ;
; R5       ; 82         ; 2        ; RESERVED_INPUT_WITH_WEAK_PULLUP                ;        ;                       ;         ; Row I/O    ;                 ; no       ; On           ;
; R6       ;            ; 2        ; VCCIO2                                         ; power  ;                       ; 2.5V    ; --         ;                 ; --       ; --           ;
; R7       ; 98         ; 2        ; RESERVED_INPUT_WITH_WEAK_PULLUP                ;        ;                       ;         ; Row I/O    ;                 ; no       ; On           ;
; R8       ;            ; --       ; VCCA1                                          ; power  ;                       ; 2.5V    ; --         ;                 ; --       ; --           ;
; R9       ; 140        ; 3        ; RESERVED_INPUT_WITH_WEAK_PULLUP                ;        ;                       ;         ; Column I/O ;                 ; no       ; On           ;
; R10      ; 152        ; 3        ; RESERVED_INPUT_WITH_WEAK_PULLUP                ;        ;                       ;         ; Column I/O ;                 ; no       ; On           ;
; R11      ; 164        ; 3        ; RESERVED_INPUT_WITH_WEAK_PULLUP                ;        ;                       ;         ; Column I/O ;                 ; no       ; On           ;
; R12      ; 176        ; 4        ; RESERVED_INPUT_WITH_WEAK_PULLUP                ;        ;                       ;         ; Column I/O ;                 ; no       ; On           ;
; R13      ; 196        ; 4        ; RESERVED_INPUT_WITH_WEAK_PULLUP                ;        ;                       ;         ; Column I/O ;                 ; no       ; On           ;
; R14      ; 294        ; 5        ; RESERVED_INPUT_WITH_WEAK_PULLUP                ;        ;                       ;         ; Row I/O    ;                 ; no       ; On           ;
; R15      ; 292        ; 5        ; RESERVED_INPUT_WITH_WEAK_PULLUP                ;        ;                       ;         ; Row I/O    ;                 ; no       ; On           ;
; R16      ;            ; 5        ; VCCIO5                                         ; power  ;                       ; 2.5V    ; --         ;                 ; --       ; --           ;
; R17      ;            ; 5        ; VCCIO5                                         ; power  ;                       ; 2.5V    ; --         ;                 ; --       ; --           ;
; R18      ; 308        ; 5        ; RESERVED_INPUT_WITH_WEAK_PULLUP                ;        ;                       ;         ; Row I/O    ;                 ; no       ; On           ;
; R19      ;            ;          ; GND                                            ; gnd    ;                       ;         ; --         ;                 ; --       ; --           ;
; R20      ; 299        ; 5        ; RESERVED_INPUT_WITH_WEAK_PULLUP                ;        ;                       ;         ; Row I/O    ;                 ; no       ; On           ;
; R21      ;            ;          ; GND                                            ; gnd    ;                       ;         ; --         ;                 ; --       ; --           ;
; R22      ; 301        ; 5        ; RESERVED_INPUT_WITH_WEAK_PULLUP                ;        ;                       ;         ; Row I/O    ;                 ; no       ; On           ;
; T1       ; 81         ; 2        ; RESERVED_INPUT_WITH_WEAK_PULLUP                ;        ;                       ;         ; Row I/O    ;                 ; no       ; On           ;
; T2       ; 83         ; 2        ; RESERVED_INPUT_WITH_WEAK_PULLUP                ;        ;                       ;         ; Row I/O    ;                 ; no       ; On           ;
; T3       ; 88         ; 2        ; RESERVED_INPUT_WITH_WEAK_PULLUP                ;        ;                       ;         ; Row I/O    ;                 ; no       ; On           ;
; T4       ;            ;          ; GND                                            ; gnd    ;                       ;         ; --         ;                 ; --       ; --           ;
; T5       ; 120        ; 2        ; RESERVED_INPUT_WITH_WEAK_PULLUP                ;        ;                       ;         ; Row I/O    ;                 ; no       ; On           ;
; T6       ; 122        ; 2        ; RESERVED_INPUT_WITH_WEAK_PULLUP                ;        ;                       ;         ; Row I/O    ;                 ; no       ; On           ;
; T7       ;            ;          ; VCCD_PLL1                                      ; power  ;                       ; 1.2V    ; --         ;                 ; --       ; --           ;
; T8       ;            ;          ; GND                                            ; gnd    ;                       ;         ; --         ;                 ; --       ; --           ;
; T9       ;            ; 3        ; VCCIO3                                         ; power  ;                       ; 2.5V    ; --         ;                 ; --       ; --           ;
; T10      ;            ; 3        ; VCCIO3                                         ; power  ;                       ; 2.5V    ; --         ;                 ; --       ; --           ;
; T11      ;            ; 3        ; VCCIO3                                         ; power  ;                       ; 2.5V    ; --         ;                 ; --       ; --           ;
; T12      ;            ; 4        ; VCCIO4                                         ; power  ;                       ; 2.5V    ; --         ;                 ; --       ; --           ;
; T13      ;            ; 4        ; VCCIO4                                         ; power  ;                       ; 2.5V    ; --         ;                 ; --       ; --           ;
; T14      ;            ;          ; GND                                            ; gnd    ;                       ;         ; --         ;                 ; --       ; --           ;
; T15      ;            ; --       ; VCCA4                                          ; power  ;                       ; 2.5V    ; --         ;                 ; --       ; --           ;
; T16      ;            ;          ; GND                                            ; gnd    ;                       ;         ; --         ;                 ; --       ; --           ;
; T17      ;            ; 5        ; VCCIO5                                         ; power  ;                       ; 2.5V    ; --         ;                 ; --       ; --           ;
; T18      ; 298        ; 5        ; RESERVED_INPUT_WITH_WEAK_PULLUP                ;        ;                       ;         ; Row I/O    ;                 ; no       ; On           ;
; T19      ; 296        ; 5        ; RESERVED_INPUT_WITH_WEAK_PULLUP                ;        ;                       ;         ; Row I/O    ;                 ; no       ; On           ;
; T20      ; 297        ; 5        ; RESERVED_INPUT_WITH_WEAK_PULLUP                ;        ;                       ;         ; Row I/O    ;                 ; no       ; On           ;
; T21      ; 293        ; 5        ; RESERVED_INPUT_WITH_WEAK_PULLUP                ;        ;                       ;         ; Row I/O    ;                 ; no       ; On           ;
; T22      ; 295        ; 5        ; RESERVED_INPUT_WITH_WEAK_PULLUP                ;        ;                       ;         ; Row I/O    ;                 ; no       ; On           ;
; U1       ; 89         ; 2        ; RESERVED_INPUT_WITH_WEAK_PULLUP                ;        ;                       ;         ; Row I/O    ;                 ; no       ; On           ;
; U2       ; 90         ; 2        ; RESERVED_INPUT_WITH_WEAK_PULLUP                ;        ;                       ;         ; Row I/O    ;                 ; no       ; On           ;
; U3       ; 93         ; 2        ; RESERVED_INPUT_WITH_WEAK_PULLUP                ;        ;                       ;         ; Row I/O    ;                 ; no       ; On           ;
; U4       ; 92         ; 2        ; RESERVED_INPUT_WITH_WEAK_PULLUP                ;        ;                       ;         ; Row I/O    ;                 ; no       ; On           ;
; U5       ; 94         ; 2        ; RESERVED_INPUT_WITH_WEAK_PULLUP                ;        ;                       ;         ; Row I/O    ;                 ; no       ; On           ;
; U6       ; 128        ; 3        ; RESERVED_INPUT_WITH_WEAK_PULLUP                ;        ;                       ;         ; Column I/O ;                 ; no       ; On           ;
; U7       ; 130        ; 3        ; RESERVED_INPUT_WITH_WEAK_PULLUP                ;        ;                       ;         ; Column I/O ;                 ; no       ; On           ;
; U8       ;            ; 3        ; VCCIO3                                         ; power  ;                       ; 2.5V    ; --         ;                 ; --       ; --           ;
; U9       ;            ; 3        ; VCCIO3                                         ; power  ;                       ; 2.5V    ; --         ;                 ; --       ; --           ;
; U10      ;            ;          ; GND                                            ; gnd    ;                       ;         ; --         ;                 ; --       ; --           ;
; U11      ;            ; 4        ; VCCIO4                                         ; power  ;                       ; 2.5V    ; --         ;                 ; --       ; --           ;
; U12      ;            ; 4        ; VCCIO4                                         ; power  ;                       ; 2.5V    ; --         ;                 ; --       ; --           ;
; U13      ;            ;          ; GND                                            ; gnd    ;                       ;         ; --         ;                 ; --       ; --           ;
; U14      ;            ; 4        ; VCCIO4                                         ; power  ;                       ; 2.5V    ; --         ;                 ; --       ; --           ;
; U15      ; 208        ; 4        ; RESERVED_INPUT_WITH_WEAK_PULLUP                ;        ;                       ;         ; Column I/O ;                 ; no       ; On           ;
; U16      ;            ;          ; VCCD_PLL4                                      ; power  ;                       ; 1.2V    ; --         ;                 ; --       ; --           ;
; U17      ; 246        ; 5        ; RESERVED_INPUT_WITH_WEAK_PULLUP                ;        ;                       ;         ; Row I/O    ;                 ; no       ; On           ;
; U18      ; 244        ; 5        ; RESERVED_INPUT_WITH_WEAK_PULLUP                ;        ;                       ;         ; Row I/O    ;                 ; no       ; On           ;
; U19      ; 282        ; 5        ; RESERVED_INPUT_WITH_WEAK_PULLUP                ;        ;                       ;         ; Row I/O    ;                 ; no       ; On           ;
; U20      ; 290        ; 5        ; RESERVED_INPUT_WITH_WEAK_PULLUP                ;        ;                       ;         ; Row I/O    ;                 ; no       ; On           ;
; U21      ; 300        ; 5        ; RESERVED_INPUT_WITH_WEAK_PULLUP                ;        ;                       ;         ; Row I/O    ;                 ; no       ; On           ;
; U22      ; 302        ; 5        ; RESERVED_INPUT_WITH_WEAK_PULLUP                ;        ;                       ;         ; Row I/O    ;                 ; no       ; On           ;
; V1       ; 91         ; 2        ; RESERVED_INPUT_WITH_WEAK_PULLUP                ;        ;                       ;         ; Row I/O    ;                 ; no       ; On           ;
; V2       ;            ;          ; GND                                            ; gnd    ;                       ;         ; --         ;                 ; --       ; --           ;
; V3       ; 95         ; 2        ; RESERVED_INPUT_WITH_WEAK_PULLUP                ;        ;                       ;         ; Row I/O    ;                 ; no       ; On           ;
; V4       ; 125        ; 3        ; RESERVED_INPUT_WITH_WEAK_PULLUP                ;        ;                       ;         ; Column I/O ;                 ; no       ; On           ;
; V5       ; 127        ; 3        ; RESERVED_INPUT_WITH_WEAK_PULLUP                ;        ;                       ;         ; Column I/O ;                 ; no       ; On           ;
; V6       ;            ;          ; GND                                            ; gnd    ;                       ;         ; --         ;                 ; --       ; --           ;
; V7       ; 136        ; 3        ; RESERVED_INPUT_WITH_WEAK_PULLUP                ;        ;                       ;         ; Column I/O ;                 ; no       ; On           ;
; V8       ; 138        ; 3        ; RESERVED_INPUT_WITH_WEAK_PULLUP                ;        ;                       ;         ; Column I/O ;                 ; no       ; On           ;
; V9       ; 160        ; 3        ; RESERVED_INPUT_WITH_WEAK_PULLUP                ;        ;                       ;         ; Column I/O ;                 ; no       ; On           ;
; V10      ; 162        ; 3        ; RESERVED_INPUT_WITH_WEAK_PULLUP                ;        ;                       ;         ; Column I/O ;                 ; no       ; On           ;
; V11      ; 172        ; 4        ; RESERVED_INPUT_WITH_WEAK_PULLUP                ;        ;                       ;         ; Column I/O ;                 ; no       ; On           ;
; V12      ; 174        ; 4        ; RESERVED_INPUT_WITH_WEAK_PULLUP                ;        ;                       ;         ; Column I/O ;                 ; no       ; On           ;
; V13      ; 192        ; 4        ; RESERVED_INPUT_WITH_WEAK_PULLUP                ;        ;                       ;         ; Column I/O ;                 ; no       ; On           ;
; V14      ; 204        ; 4        ; RESERVED_INPUT_WITH_WEAK_PULLUP                ;        ;                       ;         ; Column I/O ;                 ; no       ; On           ;
; V15      ; 216        ; 4        ; RESERVED_INPUT_WITH_WEAK_PULLUP                ;        ;                       ;         ; Column I/O ;                 ; no       ; On           ;
; V16      ; 210        ; 4        ; RESERVED_INPUT_WITH_WEAK_PULLUP                ;        ;                       ;         ; Column I/O ;                 ; no       ; On           ;
; V17      ; 242        ; 4        ; RESERVED_INPUT_WITH_WEAK_PULLUP                ;        ;                       ;         ; Column I/O ;                 ; no       ; On           ;
; V18      ; 280        ; 5        ; RESERVED_INPUT_WITH_WEAK_PULLUP                ;        ;                       ;         ; Row I/O    ;                 ; no       ; On           ;
; V19      ;            ;          ; GND                                            ; gnd    ;                       ;         ; --         ;                 ; --       ; --           ;
; V20      ; 288        ; 5        ; RESERVED_INPUT_WITH_WEAK_PULLUP                ;        ;                       ;         ; Row I/O    ;                 ; no       ; On           ;
; V21      ; 289        ; 5        ; RESERVED_INPUT_WITH_WEAK_PULLUP                ;        ;                       ;         ; Row I/O    ;                 ; no       ; On           ;
; V22      ; 291        ; 5        ; RESERVED_INPUT_WITH_WEAK_PULLUP                ;        ;                       ;         ; Row I/O    ;                 ; no       ; On           ;
; W1       ; 97         ; 2        ; RESERVED_INPUT_WITH_WEAK_PULLUP                ;        ;                       ;         ; Row I/O    ;                 ; no       ; On           ;
; W2       ; 99         ; 2        ; RESERVED_INPUT_WITH_WEAK_PULLUP                ;        ;                       ;         ; Row I/O    ;                 ; no       ; On           ;
; W3       ; 134        ; 3        ; RESERVED_INPUT_WITH_WEAK_PULLUP                ;        ;                       ;         ; Column I/O ;                 ; no       ; On           ;
; W4       ; 132        ; 3        ; RESERVED_INPUT_WITH_WEAK_PULLUP                ;        ;                       ;         ; Column I/O ;                 ; no       ; On           ;
; W5       ; 124        ; 3        ; RESERVED_INPUT_WITH_WEAK_PULLUP                ;        ;                       ;         ; Column I/O ;                 ; no       ; On           ;
; W6       ; 126        ; 3        ; RESERVED_INPUT_WITH_WEAK_PULLUP                ;        ;                       ;         ; Column I/O ;                 ; no       ; On           ;
; W7       ; 148        ; 3        ; RESERVED_INPUT_WITH_WEAK_PULLUP                ;        ;                       ;         ; Column I/O ;                 ; no       ; On           ;
; W8       ; 150        ; 3        ; RESERVED_INPUT_WITH_WEAK_PULLUP                ;        ;                       ;         ; Column I/O ;                 ; no       ; On           ;
; W9       ; 144        ; 3        ; RESERVED_INPUT_WITH_WEAK_PULLUP                ;        ;                       ;         ; Column I/O ;                 ; no       ; On           ;
; W10      ; 146        ; 3        ; RESERVED_INPUT_WITH_WEAK_PULLUP                ;        ;                       ;         ; Column I/O ;                 ; no       ; On           ;
; W11      ; 173        ; 4        ; RESERVED_INPUT_WITH_WEAK_PULLUP                ;        ;                       ;         ; Column I/O ;                 ; no       ; On           ;
; W12      ; 193        ; 4        ; RESERVED_INPUT_WITH_WEAK_PULLUP                ;        ;                       ;         ; Column I/O ;                 ; no       ; On           ;
; W13      ; 195        ; 4        ; RESERVED_INPUT_WITH_WEAK_PULLUP                ;        ;                       ;         ; Column I/O ;                 ; no       ; On           ;
; W14      ; 194        ; 4        ; RESERVED_INPUT_WITH_WEAK_PULLUP                ;        ;                       ;         ; Column I/O ;                 ; no       ; On           ;
; W15      ; 206        ; 4        ; RESERVED_INPUT_WITH_WEAK_PULLUP                ;        ;                       ;         ; Column I/O ;                 ; no       ; On           ;
; W16      ; 218        ; 4        ; RESERVED_INPUT_WITH_WEAK_PULLUP                ;        ;                       ;         ; Column I/O ;                 ; no       ; On           ;
; W17      ; 240        ; 4        ; RESERVED_INPUT_WITH_WEAK_PULLUP                ;        ;                       ;         ; Column I/O ;                 ; no       ; On           ;
; W18      ; 226        ; 4        ; RESERVED_INPUT_WITH_WEAK_PULLUP                ;        ;                       ;         ; Column I/O ;                 ; no       ; On           ;
; W19      ; 284        ; 5        ; RESERVED_INPUT_WITH_WEAK_PULLUP                ;        ;                       ;         ; Row I/O    ;                 ; no       ; On           ;
; W20      ; 286        ; 5        ; RESERVED_INPUT_WITH_WEAK_PULLUP                ;        ;                       ;         ; Row I/O    ;                 ; no       ; On           ;
; W21      ;            ;          ; GND                                            ; gnd    ;                       ;         ; --         ;                 ; --       ; --           ;
; W22      ; 283        ; 5        ; RESERVED_INPUT_WITH_WEAK_PULLUP                ;        ;                       ;         ; Row I/O    ;                 ; no       ; On           ;
; Y1       ; 129        ; 3        ; RESERVED_INPUT_WITH_WEAK_PULLUP                ;        ;                       ;         ; Column I/O ;                 ; no       ; On           ;
; Y2       ; 131        ; 3        ; RESERVED_INPUT_WITH_WEAK_PULLUP                ;        ;                       ;         ; Column I/O ;                 ; no       ; On           ;
; Y3       ; 149        ; 3        ; RESERVED_INPUT_WITH_WEAK_PULLUP                ;        ;                       ;         ; Column I/O ;                 ; no       ; On           ;
; Y4       ; 151        ; 3        ; RESERVED_INPUT_WITH_WEAK_PULLUP                ;        ;                       ;         ; Column I/O ;                 ; no       ; On           ;
; Y5       ; 137        ; 3        ; RESERVED_INPUT_WITH_WEAK_PULLUP                ;        ;                       ;         ; Column I/O ;                 ; no       ; On           ;
; Y6       ; 139        ; 3        ; RESERVED_INPUT_WITH_WEAK_PULLUP                ;        ;                       ;         ; Column I/O ;                 ; no       ; On           ;
; Y7       ; 141        ; 3        ; RESERVED_INPUT_WITH_WEAK_PULLUP                ;        ;                       ;         ; Column I/O ;                 ; no       ; On           ;
; Y8       ; 143        ; 3        ; RESERVED_INPUT_WITH_WEAK_PULLUP                ;        ;                       ;         ; Column I/O ;                 ; no       ; On           ;
; Y9       ;            ;          ; GND                                            ; gnd    ;                       ;         ; --         ;                 ; --       ; --           ;
; Y10      ; 168        ; 3        ; RESERVED_INPUT_WITH_WEAK_PULLUP                ;        ;                       ;         ; Column I/O ;                 ; no       ; On           ;
; Y11      ; 175        ; 4        ; RESERVED_INPUT_WITH_WEAK_PULLUP                ;        ;                       ;         ; Column I/O ;                 ; no       ; On           ;
; Y12      ;            ;          ; GND                                            ; gnd    ;                       ;         ; --         ;                 ; --       ; --           ;
; Y13      ; 200        ; 4        ; RESERVED_INPUT_WITH_WEAK_PULLUP                ;        ;                       ;         ; Column I/O ;                 ; no       ; On           ;
; Y14      ; 202        ; 4        ; RESERVED_INPUT_WITH_WEAK_PULLUP                ;        ;                       ;         ; Column I/O ;                 ; no       ; On           ;
; Y15      ;            ;          ; GND                                            ; gnd    ;                       ;         ; --         ;                 ; --       ; --           ;
; Y16      ; 207        ; 4        ; RESERVED_INPUT_WITH_WEAK_PULLUP                ;        ;                       ;         ; Column I/O ;                 ; no       ; On           ;
; Y17      ; 214        ; 4        ; RESERVED_INPUT_WITH_WEAK_PULLUP                ;        ;                       ;         ; Column I/O ;                 ; no       ; On           ;
; Y18      ; 219        ; 4        ; RESERVED_INPUT_WITH_WEAK_PULLUP                ;        ;                       ;         ; Column I/O ;                 ; no       ; On           ;
; Y19      ; 224        ; 4        ; RESERVED_INPUT_WITH_WEAK_PULLUP                ;        ;                       ;         ; Column I/O ;                 ; no       ; On           ;
; Y20      ; 285        ; 5        ; RESERVED_INPUT_WITH_WEAK_PULLUP                ;        ;                       ;         ; Row I/O    ;                 ; no       ; On           ;
; Y21      ; 287        ; 5        ; RESERVED_INPUT_WITH_WEAK_PULLUP                ;        ;                       ;         ; Row I/O    ;                 ; no       ; On           ;
; Y22      ; 281        ; 5        ; RESERVED_INPUT_WITH_WEAK_PULLUP                ;        ;                       ;         ; Row I/O    ;                 ; no       ; On           ;
+----------+------------+----------+------------------------------------------------+--------+-----------------------+---------+------------+-----------------+----------+--------------+
Note: Pin directions (input, output or bidir) are based on device operating in user mode.


+------------------------------------------+
; I/O Assignment Warnings                  ;
+----------+-------------------------------+
; Pin Name ; Reason                        ;
+----------+-------------------------------+
; HEX0[6]  ; Incomplete set of assignments ;
; HEX0[5]  ; Incomplete set of assignments ;
; HEX0[4]  ; Incomplete set of assignments ;
; HEX0[3]  ; Incomplete set of assignments ;
; HEX0[2]  ; Incomplete set of assignments ;
; HEX0[1]  ; Incomplete set of assignments ;
; HEX0[0]  ; Incomplete set of assignments ;
; HEX1[6]  ; Incomplete set of assignments ;
; HEX1[5]  ; Incomplete set of assignments ;
; HEX1[4]  ; Incomplete set of assignments ;
; HEX1[3]  ; Incomplete set of assignments ;
; HEX1[2]  ; Incomplete set of assignments ;
; HEX1[1]  ; Incomplete set of assignments ;
; HEX1[0]  ; Incomplete set of assignments ;
; HEX2[6]  ; Incomplete set of assignments ;
; HEX2[5]  ; Incomplete set of assignments ;
; HEX2[4]  ; Incomplete set of assignments ;
; HEX2[3]  ; Incomplete set of assignments ;
; HEX2[2]  ; Incomplete set of assignments ;
; HEX2[1]  ; Incomplete set of assignments ;
; HEX2[0]  ; Incomplete set of assignments ;
; HEX3[6]  ; Incomplete set of assignments ;
; HEX3[5]  ; Incomplete set of assignments ;
; HEX3[4]  ; Incomplete set of assignments ;
; HEX3[3]  ; Incomplete set of assignments ;
; HEX3[2]  ; Incomplete set of assignments ;
; HEX3[1]  ; Incomplete set of assignments ;
; HEX3[0]  ; Incomplete set of assignments ;
; HEX4[6]  ; Incomplete set of assignments ;
; HEX4[5]  ; Incomplete set of assignments ;
; HEX4[4]  ; Incomplete set of assignments ;
; HEX4[3]  ; Incomplete set of assignments ;
; HEX4[2]  ; Incomplete set of assignments ;
; HEX4[1]  ; Incomplete set of assignments ;
; HEX4[0]  ; Incomplete set of assignments ;
; HEX5[6]  ; Incomplete set of assignments ;
; HEX5[5]  ; Incomplete set of assignments ;
; HEX5[4]  ; Incomplete set of assignments ;
; HEX5[3]  ; Incomplete set of assignments ;
; HEX5[2]  ; Incomplete set of assignments ;
; HEX5[1]  ; Incomplete set of assignments ;
; HEX5[0]  ; Incomplete set of assignments ;
; KEY[1]   ; Incomplete set of assignments ;
; KEY[0]   ; Incomplete set of assignments ;
+----------+-------------------------------+


+------------------------------------------------------------------------------------------------------------------------------------------------------------------------------------------------------------------------------------------------------------------------------------------------------------------------------------------------------------------------------+
; Fitter Resource Utilization by Entity                                                                                                                                                                                                                                                                                                                                        ;
+---------------------------------------+-------------+---------------------------+---------------+-------------+------+------------+--------------+---------+-----------+------+--------------+--------------+-------------------+------------------+------------+-------------------------------------------------------------------------------+-------------+--------------+
; Compilation Hierarchy Node            ; Logic Cells ; Dedicated Logic Registers ; I/O Registers ; Memory Bits ; M9Ks ; UFM Blocks ; DSP Elements ; DSP 9x9 ; DSP 18x18 ; Pins ; Virtual Pins ; LUT-Only LCs ; Register-Only LCs ; LUT/Register LCs ; ADC blocks ; Full Hierarchy Name                                                           ; Entity Name ; Library Name ;
+---------------------------------------+-------------+---------------------------+---------------+-------------+------+------------+--------------+---------+-----------+------+--------------+--------------+-------------------+------------------+------------+-------------------------------------------------------------------------------+-------------+--------------+
; |TOP_FPGA                             ; 5484 (1)    ; 4262 (0)                  ; 0 (0)         ; 0           ; 0    ; 1          ; 0            ; 0       ; 0         ; 44   ; 0            ; 1222 (1)     ; 2058 (0)          ; 2204 (0)         ; 0          ; |TOP_FPGA                                                                     ; TOP_FPGA    ; work         ;
;    |TOP:DUT|                          ; 5447 (0)    ; 4262 (0)                  ; 0 (0)         ; 0           ; 0    ; 0          ; 0            ; 0       ; 0         ; 0    ; 0            ; 1185 (0)     ; 2058 (0)          ; 2204 (0)         ; 0          ; |TOP_FPGA|TOP:DUT                                                             ; TOP         ; work         ;
;       |MIPS:MIPS_INST|                ; 552 (0)     ; 166 (0)                   ; 0 (0)         ; 0           ; 0    ; 0          ; 0            ; 0       ; 0         ; 0    ; 0            ; 359 (0)      ; 37 (0)            ; 156 (0)          ; 0          ; |TOP_FPGA|TOP:DUT|MIPS:MIPS_INST                                              ; MIPS        ; work         ;
;          |CONTROLLER:CONTROLLER_INST| ; 7 (7)       ; 0 (0)                     ; 0 (0)         ; 0           ; 0    ; 0          ; 0            ; 0       ; 0         ; 0    ; 0            ; 7 (7)        ; 0 (0)             ; 0 (0)            ; 0          ; |TOP_FPGA|TOP:DUT|MIPS:MIPS_INST|CONTROLLER:CONTROLLER_INST                   ; CONTROLLER  ; work         ;
;          |DATAPATH:DATAPATH_INST|     ; 545 (88)    ; 166 (6)                   ; 0 (0)         ; 0           ; 0    ; 0          ; 0            ; 0       ; 0         ; 0    ; 0            ; 352 (82)     ; 37 (0)            ; 156 (20)         ; 0          ; |TOP_FPGA|TOP:DUT|MIPS:MIPS_INST|DATAPATH:DATAPATH_INST                       ; DATAPATH    ; work         ;
;             |RegFile:REGISTER_FILE|   ; 326 (326)   ; 160 (160)                 ; 0 (0)         ; 0           ; 0    ; 0          ; 0            ; 0       ; 0         ; 0    ; 0            ; 140 (140)    ; 37 (37)           ; 149 (149)        ; 0          ; |TOP_FPGA|TOP:DUT|MIPS:MIPS_INST|DATAPATH:DATAPATH_INST|RegFile:REGISTER_FILE ; RegFile     ; work         ;
;             |UAL:UAL|                 ; 132 (132)   ; 0 (0)                     ; 0 (0)         ; 0           ; 0    ; 0          ; 0            ; 0       ; 0         ; 0    ; 0            ; 130 (130)    ; 0 (0)             ; 2 (2)            ; 0          ; |TOP_FPGA|TOP:DUT|MIPS:MIPS_INST|DATAPATH:DATAPATH_INST|UAL:UAL               ; UAL         ; work         ;
;       |dmem:DMEM_INST|                ; 4887 (4887) ; 4096 (4096)               ; 0 (0)         ; 0           ; 0    ; 0          ; 0            ; 0       ; 0         ; 0    ; 0            ; 791 (791)    ; 2021 (2021)       ; 2075 (2075)      ; 0          ; |TOP_FPGA|TOP:DUT|dmem:DMEM_INST                                              ; dmem        ; work         ;
;       |imem:IMEM_INST|                ; 38 (38)     ; 0 (0)                     ; 0 (0)         ; 0           ; 0    ; 0          ; 0            ; 0       ; 0         ; 0    ; 0            ; 35 (35)      ; 0 (0)             ; 3 (3)            ; 0          ; |TOP_FPGA|TOP:DUT|imem:IMEM_INST                                              ; imem        ; work         ;
;    |dec7seg:dec7seg_0|                ; 3 (3)       ; 0 (0)                     ; 0 (0)         ; 0           ; 0    ; 0          ; 0            ; 0       ; 0         ; 0    ; 0            ; 1 (1)        ; 0 (0)             ; 2 (2)            ; 0          ; |TOP_FPGA|dec7seg:dec7seg_0                                                   ; dec7seg     ; work         ;
;    |dec7seg:dec7seg_1|                ; 7 (7)       ; 0 (0)                     ; 0 (0)         ; 0           ; 0    ; 0          ; 0            ; 0       ; 0         ; 0    ; 0            ; 7 (7)        ; 0 (0)             ; 0 (0)            ; 0          ; |TOP_FPGA|dec7seg:dec7seg_1                                                   ; dec7seg     ; work         ;
;    |dec7seg:dec7seg_2|                ; 7 (7)       ; 0 (0)                     ; 0 (0)         ; 0           ; 0    ; 0          ; 0            ; 0       ; 0         ; 0    ; 0            ; 7 (7)        ; 0 (0)             ; 0 (0)            ; 0          ; |TOP_FPGA|dec7seg:dec7seg_2                                                   ; dec7seg     ; work         ;
;    |dec7seg:dec7seg_3|                ; 7 (7)       ; 0 (0)                     ; 0 (0)         ; 0           ; 0    ; 0          ; 0            ; 0       ; 0         ; 0    ; 0            ; 7 (7)        ; 0 (0)             ; 0 (0)            ; 0          ; |TOP_FPGA|dec7seg:dec7seg_3                                                   ; dec7seg     ; work         ;
;    |dec7seg:dec7seg_4|                ; 7 (7)       ; 0 (0)                     ; 0 (0)         ; 0           ; 0    ; 0          ; 0            ; 0       ; 0         ; 0    ; 0            ; 7 (7)        ; 0 (0)             ; 0 (0)            ; 0          ; |TOP_FPGA|dec7seg:dec7seg_4                                                   ; dec7seg     ; work         ;
;    |dec7seg:dec7seg_5|                ; 7 (7)       ; 0 (0)                     ; 0 (0)         ; 0           ; 0    ; 0          ; 0            ; 0       ; 0         ; 0    ; 0            ; 7 (7)        ; 0 (0)             ; 0 (0)            ; 0          ; |TOP_FPGA|dec7seg:dec7seg_5                                                   ; dec7seg     ; work         ;
+---------------------------------------+-------------+---------------------------+---------------+-------------+------+------------+--------------+---------+-----------+------+--------------+--------------+-------------------+------------------+------------+-------------------------------------------------------------------------------+-------------+--------------+
Note: For table entries with two numbers listed, the numbers in parentheses indicate the number of resources of the given type used by the specific entity alone. The numbers listed outside of parentheses indicate the total resources of the given type used by the specific entity and all of its sub-entities in the hierarchy.


+-----------------------------------------------------------------------------------------+
; Delay Chain Summary                                                                     ;
+---------+----------+---------------+---------------+-----------------------+-----+------+
; Name    ; Pin Type ; Pad to Core 0 ; Pad to Core 1 ; Pad to Input Register ; TCO ; TCOE ;
+---------+----------+---------------+---------------+-----------------------+-----+------+
; HEX0[6] ; Output   ; --            ; --            ; --                    ; --  ; --   ;
; HEX0[5] ; Output   ; --            ; --            ; --                    ; --  ; --   ;
; HEX0[4] ; Output   ; --            ; --            ; --                    ; --  ; --   ;
; HEX0[3] ; Output   ; --            ; --            ; --                    ; --  ; --   ;
; HEX0[2] ; Output   ; --            ; --            ; --                    ; --  ; --   ;
; HEX0[1] ; Output   ; --            ; --            ; --                    ; --  ; --   ;
; HEX0[0] ; Output   ; --            ; --            ; --                    ; --  ; --   ;
; HEX1[6] ; Output   ; --            ; --            ; --                    ; --  ; --   ;
; HEX1[5] ; Output   ; --            ; --            ; --                    ; --  ; --   ;
; HEX1[4] ; Output   ; --            ; --            ; --                    ; --  ; --   ;
; HEX1[3] ; Output   ; --            ; --            ; --                    ; --  ; --   ;
; HEX1[2] ; Output   ; --            ; --            ; --                    ; --  ; --   ;
; HEX1[1] ; Output   ; --            ; --            ; --                    ; --  ; --   ;
; HEX1[0] ; Output   ; --            ; --            ; --                    ; --  ; --   ;
; HEX2[6] ; Output   ; --            ; --            ; --                    ; --  ; --   ;
; HEX2[5] ; Output   ; --            ; --            ; --                    ; --  ; --   ;
; HEX2[4] ; Output   ; --            ; --            ; --                    ; --  ; --   ;
; HEX2[3] ; Output   ; --            ; --            ; --                    ; --  ; --   ;
; HEX2[2] ; Output   ; --            ; --            ; --                    ; --  ; --   ;
; HEX2[1] ; Output   ; --            ; --            ; --                    ; --  ; --   ;
; HEX2[0] ; Output   ; --            ; --            ; --                    ; --  ; --   ;
; HEX3[6] ; Output   ; --            ; --            ; --                    ; --  ; --   ;
; HEX3[5] ; Output   ; --            ; --            ; --                    ; --  ; --   ;
; HEX3[4] ; Output   ; --            ; --            ; --                    ; --  ; --   ;
; HEX3[3] ; Output   ; --            ; --            ; --                    ; --  ; --   ;
; HEX3[2] ; Output   ; --            ; --            ; --                    ; --  ; --   ;
; HEX3[1] ; Output   ; --            ; --            ; --                    ; --  ; --   ;
; HEX3[0] ; Output   ; --            ; --            ; --                    ; --  ; --   ;
; HEX4[6] ; Output   ; --            ; --            ; --                    ; --  ; --   ;
; HEX4[5] ; Output   ; --            ; --            ; --                    ; --  ; --   ;
; HEX4[4] ; Output   ; --            ; --            ; --                    ; --  ; --   ;
; HEX4[3] ; Output   ; --            ; --            ; --                    ; --  ; --   ;
; HEX4[2] ; Output   ; --            ; --            ; --                    ; --  ; --   ;
; HEX4[1] ; Output   ; --            ; --            ; --                    ; --  ; --   ;
; HEX4[0] ; Output   ; --            ; --            ; --                    ; --  ; --   ;
; HEX5[6] ; Output   ; --            ; --            ; --                    ; --  ; --   ;
; HEX5[5] ; Output   ; --            ; --            ; --                    ; --  ; --   ;
; HEX5[4] ; Output   ; --            ; --            ; --                    ; --  ; --   ;
; HEX5[3] ; Output   ; --            ; --            ; --                    ; --  ; --   ;
; HEX5[2] ; Output   ; --            ; --            ; --                    ; --  ; --   ;
; HEX5[1] ; Output   ; --            ; --            ; --                    ; --  ; --   ;
; HEX5[0] ; Output   ; --            ; --            ; --                    ; --  ; --   ;
; KEY[1]  ; Input    ; (0) 0 ps      ; (0) 0 ps      ; --                    ; --  ; --   ;
; KEY[0]  ; Input    ; (6) 868 ps    ; --            ; --                    ; --  ; --   ;
+---------+----------+---------------+---------------+-----------------------+-----+------+


+------------------------------------------------------------------------------------------------------------------+
; Pad To Core Delay Chain Fanout                                                                                   ;
+------------------------------------------------------------------------------------+-------------------+---------+
; Source Pin / Fanout                                                                ; Pad To Core Index ; Setting ;
+------------------------------------------------------------------------------------+-------------------+---------+
; KEY[1]                                                                             ;                   ;         ;
;      - TOP:DUT|MIPS:MIPS_INST|DATAPATH:DATAPATH_INST|RegFile:REGISTER_FILE|mem~102 ; 1                 ; 0       ;
;      - TOP:DUT|MIPS:MIPS_INST|DATAPATH:DATAPATH_INST|RegFile:REGISTER_FILE|mem~103 ; 0                 ; 0       ;
;      - TOP:DUT|MIPS:MIPS_INST|DATAPATH:DATAPATH_INST|RegFile:REGISTER_FILE|mem~104 ; 0                 ; 0       ;
;      - TOP:DUT|MIPS:MIPS_INST|DATAPATH:DATAPATH_INST|RegFile:REGISTER_FILE|mem~105 ; 1                 ; 0       ;
;      - TOP:DUT|MIPS:MIPS_INST|DATAPATH:DATAPATH_INST|RegFile:REGISTER_FILE|mem~106 ; 0                 ; 0       ;
;      - TOP:DUT|MIPS:MIPS_INST|DATAPATH:DATAPATH_INST|RegFile:REGISTER_FILE|mem~107 ; 0                 ; 0       ;
;      - TOP:DUT|MIPS:MIPS_INST|DATAPATH:DATAPATH_INST|RegFile:REGISTER_FILE|mem~108 ; 1                 ; 0       ;
;      - TOP:DUT|MIPS:MIPS_INST|DATAPATH:DATAPATH_INST|RegFile:REGISTER_FILE|mem~109 ; 0                 ; 0       ;
;      - TOP:DUT|MIPS:MIPS_INST|DATAPATH:DATAPATH_INST|RegFile:REGISTER_FILE|mem~110 ; 0                 ; 0       ;
;      - TOP:DUT|MIPS:MIPS_INST|DATAPATH:DATAPATH_INST|RegFile:REGISTER_FILE|mem~111 ; 0                 ; 0       ;
;      - TOP:DUT|MIPS:MIPS_INST|DATAPATH:DATAPATH_INST|RegFile:REGISTER_FILE|mem~112 ; 0                 ; 0       ;
;      - TOP:DUT|MIPS:MIPS_INST|DATAPATH:DATAPATH_INST|RegFile:REGISTER_FILE|mem~113 ; 0                 ; 0       ;
;      - TOP:DUT|MIPS:MIPS_INST|DATAPATH:DATAPATH_INST|RegFile:REGISTER_FILE|mem~114 ; 0                 ; 0       ;
;      - TOP:DUT|MIPS:MIPS_INST|DATAPATH:DATAPATH_INST|RegFile:REGISTER_FILE|mem~115 ; 0                 ; 0       ;
;      - TOP:DUT|MIPS:MIPS_INST|DATAPATH:DATAPATH_INST|RegFile:REGISTER_FILE|mem~116 ; 1                 ; 0       ;
;      - TOP:DUT|MIPS:MIPS_INST|DATAPATH:DATAPATH_INST|RegFile:REGISTER_FILE|mem~117 ; 1                 ; 0       ;
;      - TOP:DUT|MIPS:MIPS_INST|DATAPATH:DATAPATH_INST|RegFile:REGISTER_FILE|mem~118 ; 0                 ; 0       ;
;      - TOP:DUT|MIPS:MIPS_INST|DATAPATH:DATAPATH_INST|RegFile:REGISTER_FILE|mem~119 ; 0                 ; 0       ;
;      - TOP:DUT|MIPS:MIPS_INST|DATAPATH:DATAPATH_INST|RegFile:REGISTER_FILE|mem~120 ; 0                 ; 0       ;
;      - TOP:DUT|MIPS:MIPS_INST|DATAPATH:DATAPATH_INST|RegFile:REGISTER_FILE|mem~121 ; 1                 ; 0       ;
;      - TOP:DUT|MIPS:MIPS_INST|DATAPATH:DATAPATH_INST|RegFile:REGISTER_FILE|mem~122 ; 1                 ; 0       ;
;      - TOP:DUT|MIPS:MIPS_INST|DATAPATH:DATAPATH_INST|RegFile:REGISTER_FILE|mem~123 ; 0                 ; 0       ;
;      - TOP:DUT|MIPS:MIPS_INST|DATAPATH:DATAPATH_INST|RegFile:REGISTER_FILE|mem~124 ; 0                 ; 0       ;
;      - TOP:DUT|MIPS:MIPS_INST|DATAPATH:DATAPATH_INST|RegFile:REGISTER_FILE|mem~125 ; 1                 ; 0       ;
;      - TOP:DUT|MIPS:MIPS_INST|DATAPATH:DATAPATH_INST|RegFile:REGISTER_FILE|mem~126 ; 1                 ; 0       ;
;      - TOP:DUT|MIPS:MIPS_INST|DATAPATH:DATAPATH_INST|RegFile:REGISTER_FILE|mem~127 ; 0                 ; 0       ;
;      - TOP:DUT|MIPS:MIPS_INST|DATAPATH:DATAPATH_INST|RegFile:REGISTER_FILE|mem~128 ; 1                 ; 0       ;
;      - TOP:DUT|MIPS:MIPS_INST|DATAPATH:DATAPATH_INST|RegFile:REGISTER_FILE|mem~129 ; 0                 ; 0       ;
;      - TOP:DUT|MIPS:MIPS_INST|DATAPATH:DATAPATH_INST|RegFile:REGISTER_FILE|mem~130 ; 1                 ; 0       ;
;      - TOP:DUT|MIPS:MIPS_INST|DATAPATH:DATAPATH_INST|RegFile:REGISTER_FILE|mem~131 ; 1                 ; 0       ;
;      - TOP:DUT|MIPS:MIPS_INST|DATAPATH:DATAPATH_INST|RegFile:REGISTER_FILE|mem~132 ; 1                 ; 0       ;
;      - TOP:DUT|MIPS:MIPS_INST|DATAPATH:DATAPATH_INST|RegFile:REGISTER_FILE|mem~133 ; 0                 ; 0       ;
;      - TOP:DUT|MIPS:MIPS_INST|DATAPATH:DATAPATH_INST|RegFile:REGISTER_FILE|mem~134 ; 0                 ; 0       ;
;      - TOP:DUT|MIPS:MIPS_INST|DATAPATH:DATAPATH_INST|RegFile:REGISTER_FILE|mem~135 ; 0                 ; 0       ;
;      - TOP:DUT|MIPS:MIPS_INST|DATAPATH:DATAPATH_INST|RegFile:REGISTER_FILE|mem~136 ; 1                 ; 0       ;
;      - TOP:DUT|MIPS:MIPS_INST|DATAPATH:DATAPATH_INST|RegFile:REGISTER_FILE|mem~137 ; 0                 ; 0       ;
;      - TOP:DUT|MIPS:MIPS_INST|DATAPATH:DATAPATH_INST|RegFile:REGISTER_FILE|mem~138 ; 0                 ; 0       ;
;      - TOP:DUT|MIPS:MIPS_INST|DATAPATH:DATAPATH_INST|RegFile:REGISTER_FILE|mem~139 ; 0                 ; 0       ;
;      - TOP:DUT|MIPS:MIPS_INST|DATAPATH:DATAPATH_INST|RegFile:REGISTER_FILE|mem~140 ; 1                 ; 0       ;
;      - TOP:DUT|MIPS:MIPS_INST|DATAPATH:DATAPATH_INST|RegFile:REGISTER_FILE|mem~141 ; 0                 ; 0       ;
;      - TOP:DUT|MIPS:MIPS_INST|DATAPATH:DATAPATH_INST|RegFile:REGISTER_FILE|mem~142 ; 0                 ; 0       ;
;      - TOP:DUT|MIPS:MIPS_INST|DATAPATH:DATAPATH_INST|RegFile:REGISTER_FILE|mem~143 ; 1                 ; 0       ;
;      - TOP:DUT|MIPS:MIPS_INST|DATAPATH:DATAPATH_INST|RegFile:REGISTER_FILE|mem~144 ; 1                 ; 0       ;
;      - TOP:DUT|MIPS:MIPS_INST|DATAPATH:DATAPATH_INST|RegFile:REGISTER_FILE|mem~145 ; 0                 ; 0       ;
;      - TOP:DUT|MIPS:MIPS_INST|DATAPATH:DATAPATH_INST|RegFile:REGISTER_FILE|mem~146 ; 0                 ; 0       ;
;      - TOP:DUT|MIPS:MIPS_INST|DATAPATH:DATAPATH_INST|RegFile:REGISTER_FILE|mem~147 ; 1                 ; 0       ;
;      - TOP:DUT|MIPS:MIPS_INST|DATAPATH:DATAPATH_INST|RegFile:REGISTER_FILE|mem~148 ; 1                 ; 0       ;
;      - TOP:DUT|MIPS:MIPS_INST|DATAPATH:DATAPATH_INST|RegFile:REGISTER_FILE|mem~149 ; 1                 ; 0       ;
;      - TOP:DUT|MIPS:MIPS_INST|DATAPATH:DATAPATH_INST|RegFile:REGISTER_FILE|mem~150 ; 1                 ; 0       ;
;      - TOP:DUT|MIPS:MIPS_INST|DATAPATH:DATAPATH_INST|RegFile:REGISTER_FILE|mem~151 ; 0                 ; 0       ;
;      - TOP:DUT|MIPS:MIPS_INST|DATAPATH:DATAPATH_INST|RegFile:REGISTER_FILE|mem~152 ; 1                 ; 0       ;
;      - TOP:DUT|MIPS:MIPS_INST|DATAPATH:DATAPATH_INST|RegFile:REGISTER_FILE|mem~153 ; 1                 ; 0       ;
;      - TOP:DUT|MIPS:MIPS_INST|DATAPATH:DATAPATH_INST|RegFile:REGISTER_FILE|mem~154 ; 0                 ; 0       ;
;      - TOP:DUT|MIPS:MIPS_INST|DATAPATH:DATAPATH_INST|RegFile:REGISTER_FILE|mem~155 ; 0                 ; 0       ;
;      - TOP:DUT|MIPS:MIPS_INST|DATAPATH:DATAPATH_INST|RegFile:REGISTER_FILE|mem~156 ; 1                 ; 0       ;
;      - TOP:DUT|MIPS:MIPS_INST|DATAPATH:DATAPATH_INST|RegFile:REGISTER_FILE|mem~157 ; 1                 ; 0       ;
;      - TOP:DUT|MIPS:MIPS_INST|DATAPATH:DATAPATH_INST|RegFile:REGISTER_FILE|mem~158 ; 1                 ; 0       ;
;      - TOP:DUT|MIPS:MIPS_INST|DATAPATH:DATAPATH_INST|RegFile:REGISTER_FILE|mem~159 ; 0                 ; 0       ;
;      - TOP:DUT|MIPS:MIPS_INST|DATAPATH:DATAPATH_INST|RegFile:REGISTER_FILE|mem~160 ; 1                 ; 0       ;
;      - TOP:DUT|MIPS:MIPS_INST|DATAPATH:DATAPATH_INST|RegFile:REGISTER_FILE|mem~161 ; 1                 ; 0       ;
;      - TOP:DUT|MIPS:MIPS_INST|DATAPATH:DATAPATH_INST|RegFile:REGISTER_FILE|mem~162 ; 0                 ; 0       ;
;      - TOP:DUT|MIPS:MIPS_INST|DATAPATH:DATAPATH_INST|RegFile:REGISTER_FILE|mem~163 ; 0                 ; 0       ;
;      - TOP:DUT|MIPS:MIPS_INST|DATAPATH:DATAPATH_INST|RegFile:REGISTER_FILE|mem~164 ; 1                 ; 0       ;
;      - TOP:DUT|MIPS:MIPS_INST|DATAPATH:DATAPATH_INST|RegFile:REGISTER_FILE|mem~165 ; 0                 ; 0       ;
;      - TOP:DUT|MIPS:MIPS_INST|DATAPATH:DATAPATH_INST|RegFile:REGISTER_FILE|mem~166 ; 1                 ; 0       ;
;      - TOP:DUT|MIPS:MIPS_INST|DATAPATH:DATAPATH_INST|RegFile:REGISTER_FILE|mem~167 ; 1                 ; 0       ;
;      - TOP:DUT|MIPS:MIPS_INST|DATAPATH:DATAPATH_INST|RegFile:REGISTER_FILE|mem~168 ; 1                 ; 0       ;
;      - TOP:DUT|MIPS:MIPS_INST|DATAPATH:DATAPATH_INST|RegFile:REGISTER_FILE|mem~169 ; 1                 ; 0       ;
;      - TOP:DUT|MIPS:MIPS_INST|DATAPATH:DATAPATH_INST|RegFile:REGISTER_FILE|mem~170 ; 0                 ; 0       ;
;      - TOP:DUT|MIPS:MIPS_INST|DATAPATH:DATAPATH_INST|RegFile:REGISTER_FILE|mem~171 ; 1                 ; 0       ;
;      - TOP:DUT|MIPS:MIPS_INST|DATAPATH:DATAPATH_INST|RegFile:REGISTER_FILE|mem~172 ; 1                 ; 0       ;
;      - TOP:DUT|MIPS:MIPS_INST|DATAPATH:DATAPATH_INST|RegFile:REGISTER_FILE|mem~173 ; 1                 ; 0       ;
;      - TOP:DUT|MIPS:MIPS_INST|DATAPATH:DATAPATH_INST|RegFile:REGISTER_FILE|mem~174 ; 1                 ; 0       ;
;      - TOP:DUT|MIPS:MIPS_INST|DATAPATH:DATAPATH_INST|RegFile:REGISTER_FILE|mem~175 ; 1                 ; 0       ;
;      - TOP:DUT|MIPS:MIPS_INST|DATAPATH:DATAPATH_INST|RegFile:REGISTER_FILE|mem~176 ; 1                 ; 0       ;
;      - TOP:DUT|MIPS:MIPS_INST|DATAPATH:DATAPATH_INST|RegFile:REGISTER_FILE|mem~177 ; 0                 ; 0       ;
;      - TOP:DUT|MIPS:MIPS_INST|DATAPATH:DATAPATH_INST|RegFile:REGISTER_FILE|mem~178 ; 1                 ; 0       ;
;      - TOP:DUT|MIPS:MIPS_INST|DATAPATH:DATAPATH_INST|RegFile:REGISTER_FILE|mem~179 ; 1                 ; 0       ;
;      - TOP:DUT|MIPS:MIPS_INST|DATAPATH:DATAPATH_INST|RegFile:REGISTER_FILE|mem~180 ; 1                 ; 0       ;
;      - TOP:DUT|MIPS:MIPS_INST|DATAPATH:DATAPATH_INST|RegFile:REGISTER_FILE|mem~181 ; 0                 ; 0       ;
;      - TOP:DUT|MIPS:MIPS_INST|DATAPATH:DATAPATH_INST|RegFile:REGISTER_FILE|mem~182 ; 0                 ; 0       ;
;      - TOP:DUT|MIPS:MIPS_INST|DATAPATH:DATAPATH_INST|RegFile:REGISTER_FILE|mem~183 ; 0                 ; 0       ;
;      - TOP:DUT|MIPS:MIPS_INST|DATAPATH:DATAPATH_INST|RegFile:REGISTER_FILE|mem~184 ; 1                 ; 0       ;
;      - TOP:DUT|MIPS:MIPS_INST|DATAPATH:DATAPATH_INST|RegFile:REGISTER_FILE|mem~185 ; 1                 ; 0       ;
;      - TOP:DUT|MIPS:MIPS_INST|DATAPATH:DATAPATH_INST|RegFile:REGISTER_FILE|mem~186 ; 0                 ; 0       ;
;      - TOP:DUT|MIPS:MIPS_INST|DATAPATH:DATAPATH_INST|RegFile:REGISTER_FILE|mem~187 ; 1                 ; 0       ;
;      - TOP:DUT|MIPS:MIPS_INST|DATAPATH:DATAPATH_INST|RegFile:REGISTER_FILE|mem~188 ; 1                 ; 0       ;
;      - TOP:DUT|MIPS:MIPS_INST|DATAPATH:DATAPATH_INST|RegFile:REGISTER_FILE|mem~189 ; 1                 ; 0       ;
;      - TOP:DUT|MIPS:MIPS_INST|DATAPATH:DATAPATH_INST|RegFile:REGISTER_FILE|mem~190 ; 1                 ; 0       ;
;      - TOP:DUT|MIPS:MIPS_INST|DATAPATH:DATAPATH_INST|RegFile:REGISTER_FILE|mem~191 ; 1                 ; 0       ;
;      - TOP:DUT|MIPS:MIPS_INST|DATAPATH:DATAPATH_INST|RegFile:REGISTER_FILE|mem~192 ; 1                 ; 0       ;
;      - TOP:DUT|MIPS:MIPS_INST|DATAPATH:DATAPATH_INST|RegFile:REGISTER_FILE|mem~193 ; 1                 ; 0       ;
;      - TOP:DUT|MIPS:MIPS_INST|DATAPATH:DATAPATH_INST|RegFile:REGISTER_FILE|mem~194 ; 1                 ; 0       ;
;      - TOP:DUT|MIPS:MIPS_INST|DATAPATH:DATAPATH_INST|RegFile:REGISTER_FILE|mem~195 ; 1                 ; 0       ;
;      - TOP:DUT|MIPS:MIPS_INST|DATAPATH:DATAPATH_INST|RegFile:REGISTER_FILE|mem~196 ; 1                 ; 0       ;
;      - TOP:DUT|MIPS:MIPS_INST|DATAPATH:DATAPATH_INST|RegFile:REGISTER_FILE|mem~197 ; 1                 ; 0       ;
;      - TOP:DUT|MIPS:MIPS_INST|DATAPATH:DATAPATH_INST|RegFile:REGISTER_FILE|mem~198 ; 0                 ; 0       ;
;      - TOP:DUT|MIPS:MIPS_INST|DATAPATH:DATAPATH_INST|RegFile:REGISTER_FILE|mem~199 ; 1                 ; 0       ;
;      - TOP:DUT|MIPS:MIPS_INST|DATAPATH:DATAPATH_INST|RegFile:REGISTER_FILE|mem~200 ; 1                 ; 0       ;
;      - TOP:DUT|MIPS:MIPS_INST|DATAPATH:DATAPATH_INST|RegFile:REGISTER_FILE|mem~201 ; 1                 ; 0       ;
;      - TOP:DUT|MIPS:MIPS_INST|DATAPATH:DATAPATH_INST|RegFile:REGISTER_FILE|mem~202 ; 0                 ; 0       ;
;      - TOP:DUT|MIPS:MIPS_INST|DATAPATH:DATAPATH_INST|RegFile:REGISTER_FILE|mem~203 ; 0                 ; 0       ;
;      - TOP:DUT|MIPS:MIPS_INST|DATAPATH:DATAPATH_INST|RegFile:REGISTER_FILE|mem~204 ; 1                 ; 0       ;
;      - TOP:DUT|MIPS:MIPS_INST|DATAPATH:DATAPATH_INST|RegFile:REGISTER_FILE|mem~205 ; 0                 ; 0       ;
;      - TOP:DUT|MIPS:MIPS_INST|DATAPATH:DATAPATH_INST|RegFile:REGISTER_FILE|mem~206 ; 0                 ; 0       ;
;      - TOP:DUT|MIPS:MIPS_INST|DATAPATH:DATAPATH_INST|RegFile:REGISTER_FILE|mem~207 ; 0                 ; 0       ;
;      - TOP:DUT|MIPS:MIPS_INST|DATAPATH:DATAPATH_INST|RegFile:REGISTER_FILE|mem~208 ; 1                 ; 0       ;
;      - TOP:DUT|MIPS:MIPS_INST|DATAPATH:DATAPATH_INST|RegFile:REGISTER_FILE|mem~209 ; 0                 ; 0       ;
;      - TOP:DUT|MIPS:MIPS_INST|DATAPATH:DATAPATH_INST|RegFile:REGISTER_FILE|mem~210 ; 0                 ; 0       ;
;      - TOP:DUT|MIPS:MIPS_INST|DATAPATH:DATAPATH_INST|RegFile:REGISTER_FILE|mem~211 ; 0                 ; 0       ;
;      - TOP:DUT|MIPS:MIPS_INST|DATAPATH:DATAPATH_INST|RegFile:REGISTER_FILE|mem~212 ; 0                 ; 0       ;
;      - TOP:DUT|MIPS:MIPS_INST|DATAPATH:DATAPATH_INST|RegFile:REGISTER_FILE|mem~213 ; 1                 ; 0       ;
;      - TOP:DUT|MIPS:MIPS_INST|DATAPATH:DATAPATH_INST|RegFile:REGISTER_FILE|mem~214 ; 0                 ; 0       ;
;      - TOP:DUT|MIPS:MIPS_INST|DATAPATH:DATAPATH_INST|RegFile:REGISTER_FILE|mem~215 ; 1                 ; 0       ;
;      - TOP:DUT|MIPS:MIPS_INST|DATAPATH:DATAPATH_INST|RegFile:REGISTER_FILE|mem~216 ; 1                 ; 0       ;
;      - TOP:DUT|MIPS:MIPS_INST|DATAPATH:DATAPATH_INST|RegFile:REGISTER_FILE|mem~217 ; 0                 ; 0       ;
;      - TOP:DUT|MIPS:MIPS_INST|DATAPATH:DATAPATH_INST|RegFile:REGISTER_FILE|mem~218 ; 0                 ; 0       ;
;      - TOP:DUT|MIPS:MIPS_INST|DATAPATH:DATAPATH_INST|RegFile:REGISTER_FILE|mem~219 ; 0                 ; 0       ;
;      - TOP:DUT|MIPS:MIPS_INST|DATAPATH:DATAPATH_INST|RegFile:REGISTER_FILE|mem~220 ; 0                 ; 0       ;
;      - TOP:DUT|MIPS:MIPS_INST|DATAPATH:DATAPATH_INST|RegFile:REGISTER_FILE|mem~221 ; 0                 ; 0       ;
;      - TOP:DUT|MIPS:MIPS_INST|DATAPATH:DATAPATH_INST|RegFile:REGISTER_FILE|mem~222 ; 1                 ; 0       ;
;      - TOP:DUT|MIPS:MIPS_INST|DATAPATH:DATAPATH_INST|RegFile:REGISTER_FILE|mem~223 ; 1                 ; 0       ;
;      - TOP:DUT|MIPS:MIPS_INST|DATAPATH:DATAPATH_INST|RegFile:REGISTER_FILE|mem~224 ; 1                 ; 0       ;
;      - TOP:DUT|MIPS:MIPS_INST|DATAPATH:DATAPATH_INST|RegFile:REGISTER_FILE|mem~225 ; 1                 ; 0       ;
;      - TOP:DUT|MIPS:MIPS_INST|DATAPATH:DATAPATH_INST|RegFile:REGISTER_FILE|mem~226 ; 1                 ; 0       ;
;      - TOP:DUT|MIPS:MIPS_INST|DATAPATH:DATAPATH_INST|RegFile:REGISTER_FILE|mem~227 ; 1                 ; 0       ;
;      - TOP:DUT|MIPS:MIPS_INST|DATAPATH:DATAPATH_INST|RegFile:REGISTER_FILE|mem~228 ; 1                 ; 0       ;
;      - TOP:DUT|MIPS:MIPS_INST|DATAPATH:DATAPATH_INST|RegFile:REGISTER_FILE|mem~229 ; 1                 ; 0       ;
;      - TOP:DUT|MIPS:MIPS_INST|DATAPATH:DATAPATH_INST|RegFile:REGISTER_FILE|mem~262 ; 1                 ; 0       ;
;      - TOP:DUT|MIPS:MIPS_INST|DATAPATH:DATAPATH_INST|RegFile:REGISTER_FILE|mem~263 ; 0                 ; 0       ;
;      - TOP:DUT|MIPS:MIPS_INST|DATAPATH:DATAPATH_INST|RegFile:REGISTER_FILE|mem~264 ; 0                 ; 0       ;
;      - TOP:DUT|MIPS:MIPS_INST|DATAPATH:DATAPATH_INST|RegFile:REGISTER_FILE|mem~265 ; 0                 ; 0       ;
;      - TOP:DUT|MIPS:MIPS_INST|DATAPATH:DATAPATH_INST|RegFile:REGISTER_FILE|mem~266 ; 0                 ; 0       ;
;      - TOP:DUT|MIPS:MIPS_INST|DATAPATH:DATAPATH_INST|RegFile:REGISTER_FILE|mem~267 ; 0                 ; 0       ;
;      - TOP:DUT|MIPS:MIPS_INST|DATAPATH:DATAPATH_INST|RegFile:REGISTER_FILE|mem~268 ; 0                 ; 0       ;
;      - TOP:DUT|MIPS:MIPS_INST|DATAPATH:DATAPATH_INST|RegFile:REGISTER_FILE|mem~269 ; 0                 ; 0       ;
;      - TOP:DUT|MIPS:MIPS_INST|DATAPATH:DATAPATH_INST|RegFile:REGISTER_FILE|mem~270 ; 0                 ; 0       ;
;      - TOP:DUT|MIPS:MIPS_INST|DATAPATH:DATAPATH_INST|RegFile:REGISTER_FILE|mem~271 ; 0                 ; 0       ;
;      - TOP:DUT|MIPS:MIPS_INST|DATAPATH:DATAPATH_INST|RegFile:REGISTER_FILE|mem~272 ; 1                 ; 0       ;
;      - TOP:DUT|MIPS:MIPS_INST|DATAPATH:DATAPATH_INST|RegFile:REGISTER_FILE|mem~273 ; 0                 ; 0       ;
;      - TOP:DUT|MIPS:MIPS_INST|DATAPATH:DATAPATH_INST|RegFile:REGISTER_FILE|mem~274 ; 0                 ; 0       ;
;      - TOP:DUT|MIPS:MIPS_INST|DATAPATH:DATAPATH_INST|RegFile:REGISTER_FILE|mem~275 ; 0                 ; 0       ;
;      - TOP:DUT|MIPS:MIPS_INST|DATAPATH:DATAPATH_INST|RegFile:REGISTER_FILE|mem~276 ; 0                 ; 0       ;
;      - TOP:DUT|MIPS:MIPS_INST|DATAPATH:DATAPATH_INST|RegFile:REGISTER_FILE|mem~277 ; 1                 ; 0       ;
;      - TOP:DUT|MIPS:MIPS_INST|DATAPATH:DATAPATH_INST|RegFile:REGISTER_FILE|mem~278 ; 0                 ; 0       ;
;      - TOP:DUT|MIPS:MIPS_INST|DATAPATH:DATAPATH_INST|RegFile:REGISTER_FILE|mem~279 ; 1                 ; 0       ;
;      - TOP:DUT|MIPS:MIPS_INST|DATAPATH:DATAPATH_INST|RegFile:REGISTER_FILE|mem~280 ; 0                 ; 0       ;
;      - TOP:DUT|MIPS:MIPS_INST|DATAPATH:DATAPATH_INST|RegFile:REGISTER_FILE|mem~281 ; 0                 ; 0       ;
;      - TOP:DUT|MIPS:MIPS_INST|DATAPATH:DATAPATH_INST|RegFile:REGISTER_FILE|mem~282 ; 0                 ; 0       ;
;      - TOP:DUT|MIPS:MIPS_INST|DATAPATH:DATAPATH_INST|RegFile:REGISTER_FILE|mem~283 ; 1                 ; 0       ;
;      - TOP:DUT|MIPS:MIPS_INST|DATAPATH:DATAPATH_INST|RegFile:REGISTER_FILE|mem~284 ; 1                 ; 0       ;
;      - TOP:DUT|MIPS:MIPS_INST|DATAPATH:DATAPATH_INST|RegFile:REGISTER_FILE|mem~285 ; 0                 ; 0       ;
;      - TOP:DUT|MIPS:MIPS_INST|DATAPATH:DATAPATH_INST|RegFile:REGISTER_FILE|mem~286 ; 1                 ; 0       ;
;      - TOP:DUT|MIPS:MIPS_INST|DATAPATH:DATAPATH_INST|RegFile:REGISTER_FILE|mem~287 ; 0                 ; 0       ;
;      - TOP:DUT|MIPS:MIPS_INST|DATAPATH:DATAPATH_INST|RegFile:REGISTER_FILE|mem~288 ; 0                 ; 0       ;
;      - TOP:DUT|MIPS:MIPS_INST|DATAPATH:DATAPATH_INST|RegFile:REGISTER_FILE|mem~289 ; 0                 ; 0       ;
;      - TOP:DUT|MIPS:MIPS_INST|DATAPATH:DATAPATH_INST|RegFile:REGISTER_FILE|mem~290 ; 0                 ; 0       ;
;      - TOP:DUT|MIPS:MIPS_INST|DATAPATH:DATAPATH_INST|RegFile:REGISTER_FILE|mem~291 ; 0                 ; 0       ;
;      - TOP:DUT|MIPS:MIPS_INST|DATAPATH:DATAPATH_INST|RegFile:REGISTER_FILE|mem~292 ; 0                 ; 0       ;
;      - TOP:DUT|MIPS:MIPS_INST|DATAPATH:DATAPATH_INST|RegFile:REGISTER_FILE|mem~293 ; 0                 ; 0       ;
;      - TOP:DUT|MIPS:MIPS_INST|DATAPATH:DATAPATH_INST|PCIntern[3]                   ; 1                 ; 0       ;
;      - TOP:DUT|MIPS:MIPS_INST|DATAPATH:DATAPATH_INST|PCIntern[2]                   ; 1                 ; 0       ;
;      - TOP:DUT|MIPS:MIPS_INST|DATAPATH:DATAPATH_INST|PCIntern[4]                   ; 1                 ; 0       ;
;      - TOP:DUT|MIPS:MIPS_INST|DATAPATH:DATAPATH_INST|PCIntern[5]                   ; 1                 ; 0       ;
;      - TOP:DUT|MIPS:MIPS_INST|DATAPATH:DATAPATH_INST|PCIntern[6]                   ; 1                 ; 0       ;
;      - TOP:DUT|MIPS:MIPS_INST|DATAPATH:DATAPATH_INST|PCIntern[7]                   ; 0                 ; 0       ;
;      - TOP:DUT|dmem:DMEM_INST|mem~2760                                             ; 0                 ; 0       ;
;      - TOP:DUT|dmem:DMEM_INST|mem~2888                                             ; 0                 ; 0       ;
;      - TOP:DUT|dmem:DMEM_INST|mem~2632                                             ; 0                 ; 0       ;
;      - TOP:DUT|dmem:DMEM_INST|mem~3016                                             ; 0                 ; 0       ;
;      - TOP:DUT|dmem:DMEM_INST|mem~2920                                             ; 0                 ; 0       ;
;      - TOP:DUT|dmem:DMEM_INST|mem~2792                                             ; 0                 ; 0       ;
;      - TOP:DUT|dmem:DMEM_INST|mem~2664                                             ; 1                 ; 0       ;
;      - TOP:DUT|dmem:DMEM_INST|mem~3048                                             ; 0                 ; 0       ;
;      - TOP:DUT|dmem:DMEM_INST|mem~2856                                             ; 0                 ; 0       ;
;      - TOP:DUT|dmem:DMEM_INST|mem~2728                                             ; 0                 ; 0       ;
;      - TOP:DUT|dmem:DMEM_INST|mem~2600                                             ; 0                 ; 0       ;
;      - TOP:DUT|dmem:DMEM_INST|mem~2984                                             ; 0                 ; 0       ;
;      - TOP:DUT|dmem:DMEM_INST|mem~2824                                             ; 1                 ; 0       ;
;      - TOP:DUT|dmem:DMEM_INST|mem~2952                                             ; 1                 ; 0       ;
;      - TOP:DUT|dmem:DMEM_INST|mem~2696                                             ; 1                 ; 0       ;
;      - TOP:DUT|dmem:DMEM_INST|mem~3080                                             ; 1                 ; 0       ;
;      - TOP:DUT|dmem:DMEM_INST|mem~3432                                             ; 1                 ; 0       ;
;      - TOP:DUT|dmem:DMEM_INST|mem~3400                                             ; 0                 ; 0       ;
;      - TOP:DUT|dmem:DMEM_INST|mem~3368                                             ; 0                 ; 0       ;
;      - TOP:DUT|dmem:DMEM_INST|mem~3464                                             ; 0                 ; 0       ;
;      - TOP:DUT|dmem:DMEM_INST|mem~3272                                             ; 1                 ; 0       ;
;      - TOP:DUT|dmem:DMEM_INST|mem~3304                                             ; 0                 ; 0       ;
;      - TOP:DUT|dmem:DMEM_INST|mem~3240                                             ; 0                 ; 0       ;
;      - TOP:DUT|dmem:DMEM_INST|mem~3336                                             ; 0                 ; 0       ;
;      - TOP:DUT|dmem:DMEM_INST|mem~3176                                             ; 1                 ; 0       ;
;      - TOP:DUT|dmem:DMEM_INST|mem~3144                                             ; 1                 ; 0       ;
;      - TOP:DUT|dmem:DMEM_INST|mem~3112                                             ; 0                 ; 0       ;
;      - TOP:DUT|dmem:DMEM_INST|mem~3208                                             ; 0                 ; 0       ;
;      - TOP:DUT|dmem:DMEM_INST|mem~3528                                             ; 0                 ; 0       ;
;      - TOP:DUT|dmem:DMEM_INST|mem~3560                                             ; 0                 ; 0       ;
;      - TOP:DUT|dmem:DMEM_INST|mem~3496                                             ; 0                 ; 0       ;
;      - TOP:DUT|dmem:DMEM_INST|mem~3592                                             ; 0                 ; 0       ;
;      - TOP:DUT|dmem:DMEM_INST|mem~2280                                             ; 0                 ; 0       ;
;      - TOP:DUT|dmem:DMEM_INST|mem~2248                                             ; 0                 ; 0       ;
;      - TOP:DUT|dmem:DMEM_INST|mem~2216                                             ; 1                 ; 0       ;
;      - TOP:DUT|dmem:DMEM_INST|mem~2312                                             ; 1                 ; 0       ;
;      - TOP:DUT|dmem:DMEM_INST|mem~2376                                             ; 0                 ; 0       ;
;      - TOP:DUT|dmem:DMEM_INST|mem~2408                                             ; 1                 ; 0       ;
;      - TOP:DUT|dmem:DMEM_INST|mem~2344                                             ; 0                 ; 0       ;
;      - TOP:DUT|dmem:DMEM_INST|mem~2440                                             ; 0                 ; 0       ;
;      - TOP:DUT|dmem:DMEM_INST|mem~2120                                             ; 0                 ; 0       ;
;      - TOP:DUT|dmem:DMEM_INST|mem~2152                                             ; 0                 ; 0       ;
;      - TOP:DUT|dmem:DMEM_INST|mem~2088                                             ; 0                 ; 0       ;
;      - TOP:DUT|dmem:DMEM_INST|mem~2184                                             ; 0                 ; 0       ;
;      - TOP:DUT|dmem:DMEM_INST|mem~2536                                             ; 0                 ; 0       ;
;      - TOP:DUT|dmem:DMEM_INST|mem~2504                                             ; 0                 ; 0       ;
;      - TOP:DUT|dmem:DMEM_INST|mem~2472                                             ; 1                 ; 0       ;
;      - TOP:DUT|dmem:DMEM_INST|mem~2568                                             ; 1                 ; 0       ;
;      - TOP:DUT|dmem:DMEM_INST|mem~3816                                             ; 0                 ; 0       ;
;      - TOP:DUT|dmem:DMEM_INST|mem~3944                                             ; 1                 ; 0       ;
;      - TOP:DUT|dmem:DMEM_INST|mem~3688                                             ; 0                 ; 0       ;
;      - TOP:DUT|dmem:DMEM_INST|mem~4072                                             ; 0                 ; 0       ;
;      - TOP:DUT|dmem:DMEM_INST|mem~3912                                             ; 0                 ; 0       ;
;      - TOP:DUT|dmem:DMEM_INST|mem~3784                                             ; 1                 ; 0       ;
;      - TOP:DUT|dmem:DMEM_INST|mem~3656                                             ; 1                 ; 0       ;
;      - TOP:DUT|dmem:DMEM_INST|mem~4040                                             ; 1                 ; 0       ;
;      - TOP:DUT|dmem:DMEM_INST|mem~3752                                             ; 0                 ; 0       ;
;      - TOP:DUT|dmem:DMEM_INST|mem~3880                                             ; 0                 ; 0       ;
;      - TOP:DUT|dmem:DMEM_INST|mem~3624                                             ; 0                 ; 0       ;
;      - TOP:DUT|dmem:DMEM_INST|mem~4008                                             ; 0                 ; 0       ;
;      - TOP:DUT|dmem:DMEM_INST|mem~3976                                             ; 0                 ; 0       ;
;      - TOP:DUT|dmem:DMEM_INST|mem~3848                                             ; 0                 ; 0       ;
;      - TOP:DUT|dmem:DMEM_INST|mem~3720                                             ; 0                 ; 0       ;
;      - TOP:DUT|dmem:DMEM_INST|mem~4104                                             ; 0                 ; 0       ;
;      - TOP:DUT|dmem:DMEM_INST|mem~1384                                             ; 0                 ; 0       ;
;      - TOP:DUT|dmem:DMEM_INST|mem~1352                                             ; 0                 ; 0       ;
;      - TOP:DUT|dmem:DMEM_INST|mem~1320                                             ; 0                 ; 0       ;
;      - TOP:DUT|dmem:DMEM_INST|mem~1416                                             ; 1                 ; 0       ;
;      - TOP:DUT|dmem:DMEM_INST|mem~1224                                             ; 0                 ; 0       ;
;      - TOP:DUT|dmem:DMEM_INST|mem~1256                                             ; 1                 ; 0       ;
;      - TOP:DUT|dmem:DMEM_INST|mem~1192                                             ; 0                 ; 0       ;
;      - TOP:DUT|dmem:DMEM_INST|mem~1288                                             ; 0                 ; 0       ;
;      - TOP:DUT|dmem:DMEM_INST|mem~1128                                             ; 0                 ; 0       ;
;      - TOP:DUT|dmem:DMEM_INST|mem~1096                                             ; 0                 ; 0       ;
;      - TOP:DUT|dmem:DMEM_INST|mem~1064                                             ; 1                 ; 0       ;
;      - TOP:DUT|dmem:DMEM_INST|mem~1160                                             ; 1                 ; 0       ;
;      - TOP:DUT|dmem:DMEM_INST|mem~1480                                             ; 1                 ; 0       ;
;      - TOP:DUT|dmem:DMEM_INST|mem~1512                                             ; 0                 ; 0       ;
;      - TOP:DUT|dmem:DMEM_INST|mem~1448                                             ; 0                 ; 0       ;
;      - TOP:DUT|dmem:DMEM_INST|mem~1544                                             ; 0                 ; 0       ;
;      - TOP:DUT|dmem:DMEM_INST|mem~712                                              ; 0                 ; 0       ;
;      - TOP:DUT|dmem:DMEM_INST|mem~840                                              ; 0                 ; 0       ;
;      - TOP:DUT|dmem:DMEM_INST|mem~584                                              ; 0                 ; 0       ;
;      - TOP:DUT|dmem:DMEM_INST|mem~968                                              ; 1                 ; 0       ;
;      - TOP:DUT|dmem:DMEM_INST|mem~872                                              ; 1                 ; 0       ;
;      - TOP:DUT|dmem:DMEM_INST|mem~744                                              ; 0                 ; 0       ;
;      - TOP:DUT|dmem:DMEM_INST|mem~616                                              ; 0                 ; 0       ;
;      - TOP:DUT|dmem:DMEM_INST|mem~1000                                             ; 1                 ; 0       ;
;      - TOP:DUT|dmem:DMEM_INST|mem~808                                              ; 1                 ; 0       ;
;      - TOP:DUT|dmem:DMEM_INST|mem~680                                              ; 1                 ; 0       ;
;      - TOP:DUT|dmem:DMEM_INST|mem~552                                              ; 0                 ; 0       ;
;      - TOP:DUT|dmem:DMEM_INST|mem~936                                              ; 1                 ; 0       ;
;      - TOP:DUT|dmem:DMEM_INST|mem~776                                              ; 1                 ; 0       ;
;      - TOP:DUT|dmem:DMEM_INST|mem~904                                              ; 1                 ; 0       ;
;      - TOP:DUT|dmem:DMEM_INST|mem~648                                              ; 1                 ; 0       ;
;      - TOP:DUT|dmem:DMEM_INST|mem~1032                                             ; 1                 ; 0       ;
;      - TOP:DUT|dmem:DMEM_INST|mem~232                                              ; 1                 ; 0       ;
;      - TOP:DUT|dmem:DMEM_INST|mem~200                                              ; 0                 ; 0       ;
;      - TOP:DUT|dmem:DMEM_INST|mem~168                                              ; 0                 ; 0       ;
;      - TOP:DUT|dmem:DMEM_INST|mem~264                                              ; 0                 ; 0       ;
;      - TOP:DUT|dmem:DMEM_INST|mem~328                                              ; 0                 ; 0       ;
;      - TOP:DUT|dmem:DMEM_INST|mem~360                                              ; 0                 ; 0       ;
;      - TOP:DUT|dmem:DMEM_INST|mem~296                                              ; 0                 ; 0       ;
;      - TOP:DUT|dmem:DMEM_INST|mem~392                                              ; 0                 ; 0       ;
;      - TOP:DUT|dmem:DMEM_INST|mem~72                                               ; 0                 ; 0       ;
;      - TOP:DUT|dmem:DMEM_INST|mem~104                                              ; 0                 ; 0       ;
;      - TOP:DUT|dmem:DMEM_INST|mem~40                                               ; 0                 ; 0       ;
;      - TOP:DUT|dmem:DMEM_INST|mem~136                                              ; 0                 ; 0       ;
;      - TOP:DUT|dmem:DMEM_INST|mem~488                                              ; 0                 ; 0       ;
;      - TOP:DUT|dmem:DMEM_INST|mem~456                                              ; 1                 ; 0       ;
;      - TOP:DUT|dmem:DMEM_INST|mem~424                                              ; 0                 ; 0       ;
;      - TOP:DUT|dmem:DMEM_INST|mem~520                                              ; 1                 ; 0       ;
;      - TOP:DUT|dmem:DMEM_INST|mem~1768                                             ; 0                 ; 0       ;
;      - TOP:DUT|dmem:DMEM_INST|mem~1896                                             ; 1                 ; 0       ;
;      - TOP:DUT|dmem:DMEM_INST|mem~1640                                             ; 0                 ; 0       ;
;      - TOP:DUT|dmem:DMEM_INST|mem~2024                                             ; 1                 ; 0       ;
;      - TOP:DUT|dmem:DMEM_INST|mem~1864                                             ; 0                 ; 0       ;
;      - TOP:DUT|dmem:DMEM_INST|mem~1736                                             ; 1                 ; 0       ;
;      - TOP:DUT|dmem:DMEM_INST|mem~1608                                             ; 1                 ; 0       ;
;      - TOP:DUT|dmem:DMEM_INST|mem~1992                                             ; 0                 ; 0       ;
;      - TOP:DUT|dmem:DMEM_INST|mem~1704                                             ; 1                 ; 0       ;
;      - TOP:DUT|dmem:DMEM_INST|mem~1832                                             ; 0                 ; 0       ;
;      - TOP:DUT|dmem:DMEM_INST|mem~1576                                             ; 1                 ; 0       ;
;      - TOP:DUT|dmem:DMEM_INST|mem~1960                                             ; 0                 ; 0       ;
;      - TOP:DUT|dmem:DMEM_INST|mem~1928                                             ; 1                 ; 0       ;
;      - TOP:DUT|dmem:DMEM_INST|mem~1800                                             ; 0                 ; 0       ;
;      - TOP:DUT|dmem:DMEM_INST|mem~1672                                             ; 0                 ; 0       ;
;      - TOP:DUT|dmem:DMEM_INST|mem~2056                                             ; 1                 ; 0       ;
;      - TOP:DUT|dmem:DMEM_INST|mem~775                                              ; 1                 ; 0       ;
;      - TOP:DUT|dmem:DMEM_INST|mem~1287                                             ; 1                 ; 0       ;
;      - TOP:DUT|dmem:DMEM_INST|mem~263                                              ; 0                 ; 0       ;
;      - TOP:DUT|dmem:DMEM_INST|mem~1799                                             ; 0                 ; 0       ;
;      - TOP:DUT|dmem:DMEM_INST|mem~1415                                             ; 1                 ; 0       ;
;      - TOP:DUT|dmem:DMEM_INST|mem~903                                              ; 1                 ; 0       ;
;      - TOP:DUT|dmem:DMEM_INST|mem~391                                              ; 0                 ; 0       ;
;      - TOP:DUT|dmem:DMEM_INST|mem~1927                                             ; 0                 ; 0       ;
;      - TOP:DUT|dmem:DMEM_INST|mem~1159                                             ; 0                 ; 0       ;
;      - TOP:DUT|dmem:DMEM_INST|mem~647                                              ; 1                 ; 0       ;
;      - TOP:DUT|dmem:DMEM_INST|mem~135                                              ; 1                 ; 0       ;
;      - TOP:DUT|dmem:DMEM_INST|mem~1671                                             ; 0                 ; 0       ;
;      - TOP:DUT|dmem:DMEM_INST|mem~1031                                             ; 1                 ; 0       ;
;      - TOP:DUT|dmem:DMEM_INST|mem~1543                                             ; 0                 ; 0       ;
;      - TOP:DUT|dmem:DMEM_INST|mem~519                                              ; 0                 ; 0       ;
;      - TOP:DUT|dmem:DMEM_INST|mem~2055                                             ; 0                 ; 0       ;
;      - TOP:DUT|dmem:DMEM_INST|mem~1383                                             ; 1                 ; 0       ;
;      - TOP:DUT|dmem:DMEM_INST|mem~871                                              ; 0                 ; 0       ;
;      - TOP:DUT|dmem:DMEM_INST|mem~359                                              ; 0                 ; 0       ;
;      - TOP:DUT|dmem:DMEM_INST|mem~1895                                             ; 0                 ; 0       ;
;      - TOP:DUT|dmem:DMEM_INST|mem~743                                              ; 1                 ; 0       ;
;      - TOP:DUT|dmem:DMEM_INST|mem~1255                                             ; 1                 ; 0       ;
;      - TOP:DUT|dmem:DMEM_INST|mem~231                                              ; 0                 ; 0       ;
;      - TOP:DUT|dmem:DMEM_INST|mem~1767                                             ; 1                 ; 0       ;
;      - TOP:DUT|dmem:DMEM_INST|mem~1127                                             ; 0                 ; 0       ;
;      - TOP:DUT|dmem:DMEM_INST|mem~615                                              ; 0                 ; 0       ;
;      - TOP:DUT|dmem:DMEM_INST|mem~103                                              ; 1                 ; 0       ;
;      - TOP:DUT|dmem:DMEM_INST|mem~1639                                             ; 1                 ; 0       ;
;      - TOP:DUT|dmem:DMEM_INST|mem~999                                              ; 1                 ; 0       ;
;      - TOP:DUT|dmem:DMEM_INST|mem~1511                                             ; 0                 ; 0       ;
;      - TOP:DUT|dmem:DMEM_INST|mem~487                                              ; 1                 ; 0       ;
;      - TOP:DUT|dmem:DMEM_INST|mem~2023                                             ; 0                 ; 0       ;
;      - TOP:DUT|dmem:DMEM_INST|mem~711                                              ; 1                 ; 0       ;
;      - TOP:DUT|dmem:DMEM_INST|mem~1223                                             ; 1                 ; 0       ;
;      - TOP:DUT|dmem:DMEM_INST|mem~199                                              ; 0                 ; 0       ;
;      - TOP:DUT|dmem:DMEM_INST|mem~1735                                             ; 1                 ; 0       ;
;      - TOP:DUT|dmem:DMEM_INST|mem~1351                                             ; 0                 ; 0       ;
;      - TOP:DUT|dmem:DMEM_INST|mem~839                                              ; 0                 ; 0       ;
;      - TOP:DUT|dmem:DMEM_INST|mem~327                                              ; 0                 ; 0       ;
;      - TOP:DUT|dmem:DMEM_INST|mem~1863                                             ; 0                 ; 0       ;
;      - TOP:DUT|dmem:DMEM_INST|mem~1095                                             ; 1                 ; 0       ;
;      - TOP:DUT|dmem:DMEM_INST|mem~583                                              ; 1                 ; 0       ;
;      - TOP:DUT|dmem:DMEM_INST|mem~71                                               ; 1                 ; 0       ;
;      - TOP:DUT|dmem:DMEM_INST|mem~1607                                             ; 1                 ; 0       ;
;      - TOP:DUT|dmem:DMEM_INST|mem~967                                              ; 0                 ; 0       ;
;      - TOP:DUT|dmem:DMEM_INST|mem~1479                                             ; 0                 ; 0       ;
;      - TOP:DUT|dmem:DMEM_INST|mem~455                                              ; 0                 ; 0       ;
;      - TOP:DUT|dmem:DMEM_INST|mem~1991                                             ; 1                 ; 0       ;
;      - TOP:DUT|dmem:DMEM_INST|mem~1447                                             ; 1                 ; 0       ;
;      - TOP:DUT|dmem:DMEM_INST|mem~935                                              ; 0                 ; 0       ;
;      - TOP:DUT|dmem:DMEM_INST|mem~423                                              ; 0                 ; 0       ;
;      - TOP:DUT|dmem:DMEM_INST|mem~1959                                             ; 1                 ; 0       ;
;      - TOP:DUT|dmem:DMEM_INST|mem~807                                              ; 1                 ; 0       ;
;      - TOP:DUT|dmem:DMEM_INST|mem~1319                                             ; 0                 ; 0       ;
;      - TOP:DUT|dmem:DMEM_INST|mem~295                                              ; 0                 ; 0       ;
;      - TOP:DUT|dmem:DMEM_INST|mem~1831                                             ; 0                 ; 0       ;
;      - TOP:DUT|dmem:DMEM_INST|mem~1191                                             ; 1                 ; 0       ;
;      - TOP:DUT|dmem:DMEM_INST|mem~679                                              ; 0                 ; 0       ;
;      - TOP:DUT|dmem:DMEM_INST|mem~167                                              ; 1                 ; 0       ;
;      - TOP:DUT|dmem:DMEM_INST|mem~1703                                             ; 0                 ; 0       ;
;      - TOP:DUT|dmem:DMEM_INST|mem~1063                                             ; 1                 ; 0       ;
;      - TOP:DUT|dmem:DMEM_INST|mem~1575                                             ; 0                 ; 0       ;
;      - TOP:DUT|dmem:DMEM_INST|mem~551                                              ; 0                 ; 0       ;
;      - TOP:DUT|dmem:DMEM_INST|mem~2087                                             ; 1                 ; 0       ;
;      - TOP:DUT|dmem:DMEM_INST|mem~2919                                             ; 0                 ; 0       ;
;      - TOP:DUT|dmem:DMEM_INST|mem~3431                                             ; 1                 ; 0       ;
;      - TOP:DUT|dmem:DMEM_INST|mem~2407                                             ; 1                 ; 0       ;
;      - TOP:DUT|dmem:DMEM_INST|mem~3943                                             ; 0                 ; 0       ;
;      - TOP:DUT|dmem:DMEM_INST|mem~3463                                             ; 0                 ; 0       ;
;      - TOP:DUT|dmem:DMEM_INST|mem~2951                                             ; 0                 ; 0       ;
;      - TOP:DUT|dmem:DMEM_INST|mem~2439                                             ; 1                 ; 0       ;
;      - TOP:DUT|dmem:DMEM_INST|mem~3975                                             ; 1                 ; 0       ;
;      - TOP:DUT|dmem:DMEM_INST|mem~3399                                             ; 0                 ; 0       ;
;      - TOP:DUT|dmem:DMEM_INST|mem~2887                                             ; 1                 ; 0       ;
;      - TOP:DUT|dmem:DMEM_INST|mem~2375                                             ; 0                 ; 0       ;
;      - TOP:DUT|dmem:DMEM_INST|mem~3911                                             ; 0                 ; 0       ;
;      - TOP:DUT|dmem:DMEM_INST|mem~2983                                             ; 0                 ; 0       ;
;      - TOP:DUT|dmem:DMEM_INST|mem~3495                                             ; 1                 ; 0       ;
;      - TOP:DUT|dmem:DMEM_INST|mem~2471                                             ; 0                 ; 0       ;
;      - TOP:DUT|dmem:DMEM_INST|mem~4007                                             ; 0                 ; 0       ;
;      - TOP:DUT|dmem:DMEM_INST|mem~3335                                             ; 1                 ; 0       ;
;      - TOP:DUT|dmem:DMEM_INST|mem~2823                                             ; 0                 ; 0       ;
;      - TOP:DUT|dmem:DMEM_INST|mem~2311                                             ; 1                 ; 0       ;
;      - TOP:DUT|dmem:DMEM_INST|mem~3847                                             ; 0                 ; 0       ;
;      - TOP:DUT|dmem:DMEM_INST|mem~2791                                             ; 1                 ; 0       ;
;      - TOP:DUT|dmem:DMEM_INST|mem~3303                                             ; 0                 ; 0       ;
;      - TOP:DUT|dmem:DMEM_INST|mem~2279                                             ; 1                 ; 0       ;
;      - TOP:DUT|dmem:DMEM_INST|mem~3815                                             ; 1                 ; 0       ;
;      - TOP:DUT|dmem:DMEM_INST|mem~3271                                             ; 0                 ; 0       ;
;      - TOP:DUT|dmem:DMEM_INST|mem~2759                                             ; 1                 ; 0       ;
;      - TOP:DUT|dmem:DMEM_INST|mem~2247                                             ; 0                 ; 0       ;
;      - TOP:DUT|dmem:DMEM_INST|mem~3783                                             ; 0                 ; 0       ;
;      - TOP:DUT|dmem:DMEM_INST|mem~2855                                             ; 0                 ; 0       ;
;      - TOP:DUT|dmem:DMEM_INST|mem~3367                                             ; 0                 ; 0       ;
;      - TOP:DUT|dmem:DMEM_INST|mem~2343                                             ; 0                 ; 0       ;
;      - TOP:DUT|dmem:DMEM_INST|mem~3879                                             ; 0                 ; 0       ;
;      - TOP:DUT|dmem:DMEM_INST|mem~2663                                             ; 1                 ; 0       ;
;      - TOP:DUT|dmem:DMEM_INST|mem~3175                                             ; 1                 ; 0       ;
;      - TOP:DUT|dmem:DMEM_INST|mem~2151                                             ; 0                 ; 0       ;
;      - TOP:DUT|dmem:DMEM_INST|mem~3687                                             ; 1                 ; 0       ;
;      - TOP:DUT|dmem:DMEM_INST|mem~3207                                             ; 0                 ; 0       ;
;      - TOP:DUT|dmem:DMEM_INST|mem~2695                                             ; 0                 ; 0       ;
;      - TOP:DUT|dmem:DMEM_INST|mem~2183                                             ; 0                 ; 0       ;
;      - TOP:DUT|dmem:DMEM_INST|mem~3719                                             ; 0                 ; 0       ;
;      - TOP:DUT|dmem:DMEM_INST|mem~3143                                             ; 0                 ; 0       ;
;      - TOP:DUT|dmem:DMEM_INST|mem~2631                                             ; 0                 ; 0       ;
;      - TOP:DUT|dmem:DMEM_INST|mem~2119                                             ; 1                 ; 0       ;
;      - TOP:DUT|dmem:DMEM_INST|mem~3655                                             ; 0                 ; 0       ;
;      - TOP:DUT|dmem:DMEM_INST|mem~2727                                             ; 0                 ; 0       ;
;      - TOP:DUT|dmem:DMEM_INST|mem~3239                                             ; 0                 ; 0       ;
;      - TOP:DUT|dmem:DMEM_INST|mem~2215                                             ; 1                 ; 0       ;
;      - TOP:DUT|dmem:DMEM_INST|mem~3751                                             ; 0                 ; 0       ;
;      - TOP:DUT|dmem:DMEM_INST|mem~3591                                             ; 0                 ; 0       ;
;      - TOP:DUT|dmem:DMEM_INST|mem~3079                                             ; 0                 ; 0       ;
;      - TOP:DUT|dmem:DMEM_INST|mem~2567                                             ; 0                 ; 0       ;
;      - TOP:DUT|dmem:DMEM_INST|mem~4103                                             ; 0                 ; 0       ;
;      - TOP:DUT|dmem:DMEM_INST|mem~3047                                             ; 1                 ; 0       ;
;      - TOP:DUT|dmem:DMEM_INST|mem~3559                                             ; 0                 ; 0       ;
;      - TOP:DUT|dmem:DMEM_INST|mem~2535                                             ; 0                 ; 0       ;
;      - TOP:DUT|dmem:DMEM_INST|mem~4071                                             ; 0                 ; 0       ;
;      - TOP:DUT|dmem:DMEM_INST|mem~3527                                             ; 0                 ; 0       ;
;      - TOP:DUT|dmem:DMEM_INST|mem~3015                                             ; 1                 ; 0       ;
;      - TOP:DUT|dmem:DMEM_INST|mem~2503                                             ; 0                 ; 0       ;
;      - TOP:DUT|dmem:DMEM_INST|mem~4039                                             ; 0                 ; 0       ;
;      - TOP:DUT|dmem:DMEM_INST|mem~3111                                             ; 0                 ; 0       ;
;      - TOP:DUT|dmem:DMEM_INST|mem~3623                                             ; 0                 ; 0       ;
;      - TOP:DUT|dmem:DMEM_INST|mem~2599                                             ; 1                 ; 0       ;
;      - TOP:DUT|dmem:DMEM_INST|mem~4135                                             ; 0                 ; 0       ;
;      - TOP:DUT|dmem:DMEM_INST|mem~1286                                             ; 1                 ; 0       ;
;      - TOP:DUT|dmem:DMEM_INST|mem~774                                              ; 1                 ; 0       ;
;      - TOP:DUT|dmem:DMEM_INST|mem~262                                              ; 1                 ; 0       ;
;      - TOP:DUT|dmem:DMEM_INST|mem~1798                                             ; 1                 ; 0       ;
;      - TOP:DUT|dmem:DMEM_INST|mem~742                                              ; 0                 ; 0       ;
;      - TOP:DUT|dmem:DMEM_INST|mem~1254                                             ; 1                 ; 0       ;
;      - TOP:DUT|dmem:DMEM_INST|mem~230                                              ; 0                 ; 0       ;
;      - TOP:DUT|dmem:DMEM_INST|mem~1766                                             ; 0                 ; 0       ;
;      - TOP:DUT|dmem:DMEM_INST|mem~1222                                             ; 1                 ; 0       ;
;      - TOP:DUT|dmem:DMEM_INST|mem~710                                              ; 1                 ; 0       ;
;      - TOP:DUT|dmem:DMEM_INST|mem~198                                              ; 0                 ; 0       ;
;      - TOP:DUT|dmem:DMEM_INST|mem~1734                                             ; 1                 ; 0       ;
;      - TOP:DUT|dmem:DMEM_INST|mem~806                                              ; 1                 ; 0       ;
;      - TOP:DUT|dmem:DMEM_INST|mem~1318                                             ; 1                 ; 0       ;
;      - TOP:DUT|dmem:DMEM_INST|mem~294                                              ; 0                 ; 0       ;
;      - TOP:DUT|dmem:DMEM_INST|mem~1830                                             ; 0                 ; 0       ;
;      - TOP:DUT|dmem:DMEM_INST|mem~870                                              ; 0                 ; 0       ;
;      - TOP:DUT|dmem:DMEM_INST|mem~1382                                             ; 1                 ; 0       ;
;      - TOP:DUT|dmem:DMEM_INST|mem~358                                              ; 0                 ; 0       ;
;      - TOP:DUT|dmem:DMEM_INST|mem~1894                                             ; 0                 ; 0       ;
;      - TOP:DUT|dmem:DMEM_INST|mem~1414                                             ; 1                 ; 0       ;
;      - TOP:DUT|dmem:DMEM_INST|mem~902                                              ; 1                 ; 0       ;
;      - TOP:DUT|dmem:DMEM_INST|mem~390                                              ; 0                 ; 0       ;
;      - TOP:DUT|dmem:DMEM_INST|mem~1926                                             ; 0                 ; 0       ;
;      - TOP:DUT|dmem:DMEM_INST|mem~1350                                             ; 0                 ; 0       ;
;      - TOP:DUT|dmem:DMEM_INST|mem~838                                              ; 0                 ; 0       ;
;      - TOP:DUT|dmem:DMEM_INST|mem~326                                              ; 0                 ; 0       ;
;      - TOP:DUT|dmem:DMEM_INST|mem~1862                                             ; 0                 ; 0       ;
;      - TOP:DUT|dmem:DMEM_INST|mem~934                                              ; 0                 ; 0       ;
;      - TOP:DUT|dmem:DMEM_INST|mem~1446                                             ; 0                 ; 0       ;
;      - TOP:DUT|dmem:DMEM_INST|mem~422                                              ; 0                 ; 0       ;
;      - TOP:DUT|dmem:DMEM_INST|mem~1958                                             ; 1                 ; 0       ;
;      - TOP:DUT|dmem:DMEM_INST|mem~614                                              ; 0                 ; 0       ;
;      - TOP:DUT|dmem:DMEM_INST|mem~1126                                             ; 1                 ; 0       ;
;      - TOP:DUT|dmem:DMEM_INST|mem~102                                              ; 1                 ; 0       ;
;      - TOP:DUT|dmem:DMEM_INST|mem~1638                                             ; 1                 ; 0       ;
;      - TOP:DUT|dmem:DMEM_INST|mem~1158                                             ; 0                 ; 0       ;
;      - TOP:DUT|dmem:DMEM_INST|mem~646                                              ; 1                 ; 0       ;
;      - TOP:DUT|dmem:DMEM_INST|mem~134                                              ; 1                 ; 0       ;
;      - TOP:DUT|dmem:DMEM_INST|mem~1670                                             ; 0                 ; 0       ;
;      - TOP:DUT|dmem:DMEM_INST|mem~1094                                             ; 1                 ; 0       ;
;      - TOP:DUT|dmem:DMEM_INST|mem~582                                              ; 1                 ; 0       ;
;      - TOP:DUT|dmem:DMEM_INST|mem~70                                               ; 1                 ; 0       ;
;      - TOP:DUT|dmem:DMEM_INST|mem~1606                                             ; 1                 ; 0       ;
;      - TOP:DUT|dmem:DMEM_INST|mem~678                                              ; 0                 ; 0       ;
;      - TOP:DUT|dmem:DMEM_INST|mem~1190                                             ; 1                 ; 0       ;
;      - TOP:DUT|dmem:DMEM_INST|mem~166                                              ; 1                 ; 0       ;
;      - TOP:DUT|dmem:DMEM_INST|mem~1702                                             ; 0                 ; 0       ;
;      - TOP:DUT|dmem:DMEM_INST|mem~1542                                             ; 0                 ; 0       ;
;      - TOP:DUT|dmem:DMEM_INST|mem~1030                                             ; 0                 ; 0       ;
;      - TOP:DUT|dmem:DMEM_INST|mem~518                                              ; 0                 ; 0       ;
;      - TOP:DUT|dmem:DMEM_INST|mem~2054                                             ; 1                 ; 0       ;
;      - TOP:DUT|dmem:DMEM_INST|mem~998                                              ; 1                 ; 0       ;
;      - TOP:DUT|dmem:DMEM_INST|mem~1510                                             ; 0                 ; 0       ;
;      - TOP:DUT|dmem:DMEM_INST|mem~486                                              ; 1                 ; 0       ;
;      - TOP:DUT|dmem:DMEM_INST|mem~2022                                             ; 0                 ; 0       ;
;      - TOP:DUT|dmem:DMEM_INST|mem~1478                                             ; 0                 ; 0       ;
;      - TOP:DUT|dmem:DMEM_INST|mem~966                                              ; 0                 ; 0       ;
;      - TOP:DUT|dmem:DMEM_INST|mem~454                                              ; 0                 ; 0       ;
;      - TOP:DUT|dmem:DMEM_INST|mem~1990                                             ; 1                 ; 0       ;
;      - TOP:DUT|dmem:DMEM_INST|mem~1062                                             ; 1                 ; 0       ;
;      - TOP:DUT|dmem:DMEM_INST|mem~1574                                             ; 0                 ; 0       ;
;      - TOP:DUT|dmem:DMEM_INST|mem~550                                              ; 0                 ; 0       ;
;      - TOP:DUT|dmem:DMEM_INST|mem~2086                                             ; 1                 ; 0       ;
;      - TOP:DUT|dmem:DMEM_INST|mem~2790                                             ; 0                 ; 0       ;
;      - TOP:DUT|dmem:DMEM_INST|mem~2918                                             ; 0                 ; 0       ;
;      - TOP:DUT|dmem:DMEM_INST|mem~2662                                             ; 1                 ; 0       ;
;      - TOP:DUT|dmem:DMEM_INST|mem~3046                                             ; 0                 ; 0       ;
;      - TOP:DUT|dmem:DMEM_INST|mem~2950                                             ; 0                 ; 0       ;
;      - TOP:DUT|dmem:DMEM_INST|mem~2822                                             ; 0                 ; 0       ;
;      - TOP:DUT|dmem:DMEM_INST|mem~2694                                             ; 1                 ; 0       ;
;      - TOP:DUT|dmem:DMEM_INST|mem~3078                                             ; 0                 ; 0       ;
;      - TOP:DUT|dmem:DMEM_INST|mem~2886                                             ; 0                 ; 0       ;
;      - TOP:DUT|dmem:DMEM_INST|mem~2758                                             ; 1                 ; 0       ;
;      - TOP:DUT|dmem:DMEM_INST|mem~2630                                             ; 0                 ; 0       ;
;      - TOP:DUT|dmem:DMEM_INST|mem~3014                                             ; 0                 ; 0       ;
;      - TOP:DUT|dmem:DMEM_INST|mem~2854                                             ; 1                 ; 0       ;
;      - TOP:DUT|dmem:DMEM_INST|mem~2982                                             ; 1                 ; 0       ;
;      - TOP:DUT|dmem:DMEM_INST|mem~2726                                             ; 1                 ; 0       ;
;      - TOP:DUT|dmem:DMEM_INST|mem~3110                                             ; 1                 ; 0       ;
;      - TOP:DUT|dmem:DMEM_INST|mem~3462                                             ; 1                 ; 0       ;
;      - TOP:DUT|dmem:DMEM_INST|mem~3430                                             ; 0                 ; 0       ;
;      - TOP:DUT|dmem:DMEM_INST|mem~3398                                             ; 0                 ; 0       ;
;      - TOP:DUT|dmem:DMEM_INST|mem~3494                                             ; 0                 ; 0       ;
;      - TOP:DUT|dmem:DMEM_INST|mem~3302                                             ; 0                 ; 0       ;
;      - TOP:DUT|dmem:DMEM_INST|mem~3334                                             ; 0                 ; 0       ;
;      - TOP:DUT|dmem:DMEM_INST|mem~3270                                             ; 0                 ; 0       ;
;      - TOP:DUT|dmem:DMEM_INST|mem~3366                                             ; 0                 ; 0       ;
;      - TOP:DUT|dmem:DMEM_INST|mem~3206                                             ; 0                 ; 0       ;
;      - TOP:DUT|dmem:DMEM_INST|mem~3174                                             ; 0                 ; 0       ;
;      - TOP:DUT|dmem:DMEM_INST|mem~3142                                             ; 1                 ; 0       ;
;      - TOP:DUT|dmem:DMEM_INST|mem~3238                                             ; 1                 ; 0       ;
;      - TOP:DUT|dmem:DMEM_INST|mem~3558                                             ; 0                 ; 0       ;
;      - TOP:DUT|dmem:DMEM_INST|mem~3590                                             ; 0                 ; 0       ;
;      - TOP:DUT|dmem:DMEM_INST|mem~3526                                             ; 0                 ; 0       ;
;      - TOP:DUT|dmem:DMEM_INST|mem~3622                                             ; 0                 ; 0       ;
;      - TOP:DUT|dmem:DMEM_INST|mem~2310                                             ; 0                 ; 0       ;
;      - TOP:DUT|dmem:DMEM_INST|mem~2278                                             ; 0                 ; 0       ;
;      - TOP:DUT|dmem:DMEM_INST|mem~2246                                             ; 1                 ; 0       ;
;      - TOP:DUT|dmem:DMEM_INST|mem~2342                                             ; 1                 ; 0       ;
;      - TOP:DUT|dmem:DMEM_INST|mem~2406                                             ; 0                 ; 0       ;
;      - TOP:DUT|dmem:DMEM_INST|mem~2438                                             ; 0                 ; 0       ;
;      - TOP:DUT|dmem:DMEM_INST|mem~2374                                             ; 0                 ; 0       ;
;      - TOP:DUT|dmem:DMEM_INST|mem~2470                                             ; 0                 ; 0       ;
;      - TOP:DUT|dmem:DMEM_INST|mem~2150                                             ; 1                 ; 0       ;
;      - TOP:DUT|dmem:DMEM_INST|mem~2182                                             ; 0                 ; 0       ;
;      - TOP:DUT|dmem:DMEM_INST|mem~2118                                             ; 0                 ; 0       ;
;      - TOP:DUT|dmem:DMEM_INST|mem~2214                                             ; 0                 ; 0       ;
;      - TOP:DUT|dmem:DMEM_INST|mem~2566                                             ; 0                 ; 0       ;
;      - TOP:DUT|dmem:DMEM_INST|mem~2534                                             ; 1                 ; 0       ;
;      - TOP:DUT|dmem:DMEM_INST|mem~2502                                             ; 1                 ; 0       ;
;      - TOP:DUT|dmem:DMEM_INST|mem~2598                                             ; 1                 ; 0       ;
;      - TOP:DUT|dmem:DMEM_INST|mem~3846                                             ; 0                 ; 0       ;
;      - TOP:DUT|dmem:DMEM_INST|mem~3974                                             ; 0                 ; 0       ;
;      - TOP:DUT|dmem:DMEM_INST|mem~3718                                             ; 0                 ; 0       ;
;      - TOP:DUT|dmem:DMEM_INST|mem~4102                                             ; 0                 ; 0       ;
;      - TOP:DUT|dmem:DMEM_INST|mem~3942                                             ; 0                 ; 0       ;
;      - TOP:DUT|dmem:DMEM_INST|mem~3814                                             ; 1                 ; 0       ;
;      - TOP:DUT|dmem:DMEM_INST|mem~3686                                             ; 1                 ; 0       ;
;      - TOP:DUT|dmem:DMEM_INST|mem~4070                                             ; 1                 ; 0       ;
;      - TOP:DUT|dmem:DMEM_INST|mem~3782                                             ; 0                 ; 0       ;
;      - TOP:DUT|dmem:DMEM_INST|mem~3910                                             ; 0                 ; 0       ;
;      - TOP:DUT|dmem:DMEM_INST|mem~3654                                             ; 0                 ; 0       ;
;      - TOP:DUT|dmem:DMEM_INST|mem~4038                                             ; 0                 ; 0       ;
;      - TOP:DUT|dmem:DMEM_INST|mem~4006                                             ; 0                 ; 0       ;
;      - TOP:DUT|dmem:DMEM_INST|mem~3878                                             ; 0                 ; 0       ;
;      - TOP:DUT|dmem:DMEM_INST|mem~3750                                             ; 0                 ; 0       ;
;      - TOP:DUT|dmem:DMEM_INST|mem~4134                                             ; 1                 ; 0       ;
;      - TOP:DUT|dmem:DMEM_INST|mem~3429                                             ; 1                 ; 0       ;
;      - TOP:DUT|dmem:DMEM_INST|mem~2917                                             ; 0                 ; 0       ;
;      - TOP:DUT|dmem:DMEM_INST|mem~2405                                             ; 1                 ; 0       ;
;      - TOP:DUT|dmem:DMEM_INST|mem~3941                                             ; 0                 ; 0       ;
;      - TOP:DUT|dmem:DMEM_INST|mem~2789                                             ; 1                 ; 0       ;
;      - TOP:DUT|dmem:DMEM_INST|mem~3301                                             ; 1                 ; 0       ;
;      - TOP:DUT|dmem:DMEM_INST|mem~2277                                             ; 1                 ; 0       ;
;      - TOP:DUT|dmem:DMEM_INST|mem~3813                                             ; 1                 ; 0       ;
;      - TOP:DUT|dmem:DMEM_INST|mem~3173                                             ; 1                 ; 0       ;
;      - TOP:DUT|dmem:DMEM_INST|mem~2661                                             ; 1                 ; 0       ;
;      - TOP:DUT|dmem:DMEM_INST|mem~2149                                             ; 0                 ; 0       ;
;      - TOP:DUT|dmem:DMEM_INST|mem~3685                                             ; 1                 ; 0       ;
;      - TOP:DUT|dmem:DMEM_INST|mem~3045                                             ; 1                 ; 0       ;
;      - TOP:DUT|dmem:DMEM_INST|mem~3557                                             ; 0                 ; 0       ;
;      - TOP:DUT|dmem:DMEM_INST|mem~2533                                             ; 0                 ; 0       ;
;      - TOP:DUT|dmem:DMEM_INST|mem~4069                                             ; 1                 ; 0       ;
;      - TOP:DUT|dmem:DMEM_INST|mem~2821                                             ; 1                 ; 0       ;
;      - TOP:DUT|dmem:DMEM_INST|mem~3333                                             ; 1                 ; 0       ;
;      - TOP:DUT|dmem:DMEM_INST|mem~2309                                             ; 1                 ; 0       ;
;      - TOP:DUT|dmem:DMEM_INST|mem~3845                                             ; 0                 ; 0       ;
;      - TOP:DUT|dmem:DMEM_INST|mem~3461                                             ; 1                 ; 0       ;
;      - TOP:DUT|dmem:DMEM_INST|mem~2949                                             ; 0                 ; 0       ;
;      - TOP:DUT|dmem:DMEM_INST|mem~2437                                             ; 1                 ; 0       ;
;      - TOP:DUT|dmem:DMEM_INST|mem~3973                                             ; 1                 ; 0       ;
;      - TOP:DUT|dmem:DMEM_INST|mem~3205                                             ; 0                 ; 0       ;
;      - TOP:DUT|dmem:DMEM_INST|mem~2693                                             ; 1                 ; 0       ;
;      - TOP:DUT|dmem:DMEM_INST|mem~2181                                             ; 0                 ; 0       ;
;      - TOP:DUT|dmem:DMEM_INST|mem~3717                                             ; 0                 ; 0       ;
;      - TOP:DUT|dmem:DMEM_INST|mem~3077                                             ; 0                 ; 0       ;
;      - TOP:DUT|dmem:DMEM_INST|mem~3589                                             ; 0                 ; 0       ;
;      - TOP:DUT|dmem:DMEM_INST|mem~2565                                             ; 0                 ; 0       ;
;      - TOP:DUT|dmem:DMEM_INST|mem~4101                                             ; 0                 ; 0       ;
;      - TOP:DUT|dmem:DMEM_INST|mem~2757                                             ; 1                 ; 0       ;
;      - TOP:DUT|dmem:DMEM_INST|mem~3269                                             ; 0                 ; 0       ;
;      - TOP:DUT|dmem:DMEM_INST|mem~2245                                             ; 0                 ; 0       ;
;      - TOP:DUT|dmem:DMEM_INST|mem~3781                                             ; 0                 ; 0       ;
;      - TOP:DUT|dmem:DMEM_INST|mem~3397                                             ; 0                 ; 0       ;
;      - TOP:DUT|dmem:DMEM_INST|mem~2885                                             ; 1                 ; 0       ;
;      - TOP:DUT|dmem:DMEM_INST|mem~2373                                             ; 0                 ; 0       ;
;      - TOP:DUT|dmem:DMEM_INST|mem~3909                                             ; 0                 ; 0       ;
;      - TOP:DUT|dmem:DMEM_INST|mem~3141                                             ; 0                 ; 0       ;
;      - TOP:DUT|dmem:DMEM_INST|mem~2629                                             ; 1                 ; 0       ;
;      - TOP:DUT|dmem:DMEM_INST|mem~2117                                             ; 1                 ; 0       ;
;      - TOP:DUT|dmem:DMEM_INST|mem~3653                                             ; 0                 ; 0       ;
;      - TOP:DUT|dmem:DMEM_INST|mem~3013                                             ; 1                 ; 0       ;
;      - TOP:DUT|dmem:DMEM_INST|mem~3525                                             ; 0                 ; 0       ;
;      - TOP:DUT|dmem:DMEM_INST|mem~2501                                             ; 0                 ; 0       ;
;      - TOP:DUT|dmem:DMEM_INST|mem~4037                                             ; 0                 ; 0       ;
;      - TOP:DUT|dmem:DMEM_INST|mem~3493                                             ; 0                 ; 0       ;
;      - TOP:DUT|dmem:DMEM_INST|mem~2981                                             ; 0                 ; 0       ;
;      - TOP:DUT|dmem:DMEM_INST|mem~2469                                             ; 0                 ; 0       ;
;      - TOP:DUT|dmem:DMEM_INST|mem~4005                                             ; 0                 ; 0       ;
;      - TOP:DUT|dmem:DMEM_INST|mem~2853                                             ; 0                 ; 0       ;
;      - TOP:DUT|dmem:DMEM_INST|mem~3365                                             ; 0                 ; 0       ;
;      - TOP:DUT|dmem:DMEM_INST|mem~2341                                             ; 0                 ; 0       ;
;      - TOP:DUT|dmem:DMEM_INST|mem~3877                                             ; 0                 ; 0       ;
;      - TOP:DUT|dmem:DMEM_INST|mem~3237                                             ; 0                 ; 0       ;
;      - TOP:DUT|dmem:DMEM_INST|mem~2725                                             ; 0                 ; 0       ;
;      - TOP:DUT|dmem:DMEM_INST|mem~2213                                             ; 1                 ; 0       ;
;      - TOP:DUT|dmem:DMEM_INST|mem~3749                                             ; 0                 ; 0       ;
;      - TOP:DUT|dmem:DMEM_INST|mem~3109                                             ; 0                 ; 0       ;
;      - TOP:DUT|dmem:DMEM_INST|mem~3621                                             ; 0                 ; 0       ;
;      - TOP:DUT|dmem:DMEM_INST|mem~2597                                             ; 1                 ; 0       ;
;      - TOP:DUT|dmem:DMEM_INST|mem~4133                                             ; 0                 ; 0       ;
;      - TOP:DUT|dmem:DMEM_INST|mem~1413                                             ; 0                 ; 0       ;
;      - TOP:DUT|dmem:DMEM_INST|mem~1381                                             ; 1                 ; 0       ;
;      - TOP:DUT|dmem:DMEM_INST|mem~1349                                             ; 0                 ; 0       ;
;      - TOP:DUT|dmem:DMEM_INST|mem~1445                                             ; 0                 ; 0       ;
;      - TOP:DUT|dmem:DMEM_INST|mem~1253                                             ; 0                 ; 0       ;
;      - TOP:DUT|dmem:DMEM_INST|mem~1285                                             ; 1                 ; 0       ;
;      - TOP:DUT|dmem:DMEM_INST|mem~1221                                             ; 0                 ; 0       ;
;      - TOP:DUT|dmem:DMEM_INST|mem~1317                                             ; 0                 ; 0       ;
;      - TOP:DUT|dmem:DMEM_INST|mem~1157                                             ; 0                 ; 0       ;
;      - TOP:DUT|dmem:DMEM_INST|mem~1125                                             ; 1                 ; 0       ;
;      - TOP:DUT|dmem:DMEM_INST|mem~1093                                             ; 1                 ; 0       ;
;      - TOP:DUT|dmem:DMEM_INST|mem~1189                                             ; 1                 ; 0       ;
;      - TOP:DUT|dmem:DMEM_INST|mem~1509                                             ; 1                 ; 0       ;
;      - TOP:DUT|dmem:DMEM_INST|mem~1541                                             ; 0                 ; 0       ;
;      - TOP:DUT|dmem:DMEM_INST|mem~1477                                             ; 0                 ; 0       ;
;      - TOP:DUT|dmem:DMEM_INST|mem~1573                                             ; 1                 ; 0       ;
;      - TOP:DUT|dmem:DMEM_INST|mem~741                                              ; 0                 ; 0       ;
;      - TOP:DUT|dmem:DMEM_INST|mem~869                                              ; 0                 ; 0       ;
;      - TOP:DUT|dmem:DMEM_INST|mem~613                                              ; 0                 ; 0       ;
;      - TOP:DUT|dmem:DMEM_INST|mem~997                                              ; 1                 ; 0       ;
;      - TOP:DUT|dmem:DMEM_INST|mem~901                                              ; 1                 ; 0       ;
;      - TOP:DUT|dmem:DMEM_INST|mem~773                                              ; 0                 ; 0       ;
;      - TOP:DUT|dmem:DMEM_INST|mem~645                                              ; 0                 ; 0       ;
;      - TOP:DUT|dmem:DMEM_INST|mem~1029                                             ; 1                 ; 0       ;
;      - TOP:DUT|dmem:DMEM_INST|mem~837                                              ; 1                 ; 0       ;
;      - TOP:DUT|dmem:DMEM_INST|mem~709                                              ; 0                 ; 0       ;
;      - TOP:DUT|dmem:DMEM_INST|mem~581                                              ; 0                 ; 0       ;
;      - TOP:DUT|dmem:DMEM_INST|mem~965                                              ; 1                 ; 0       ;
;      - TOP:DUT|dmem:DMEM_INST|mem~805                                              ; 1                 ; 0       ;
;      - TOP:DUT|dmem:DMEM_INST|mem~933                                              ; 1                 ; 0       ;
;      - TOP:DUT|dmem:DMEM_INST|mem~677                                              ; 1                 ; 0       ;
;      - TOP:DUT|dmem:DMEM_INST|mem~1061                                             ; 1                 ; 0       ;
;      - TOP:DUT|dmem:DMEM_INST|mem~261                                              ; 1                 ; 0       ;
;      - TOP:DUT|dmem:DMEM_INST|mem~229                                              ; 0                 ; 0       ;
;      - TOP:DUT|dmem:DMEM_INST|mem~197                                              ; 0                 ; 0       ;
;      - TOP:DUT|dmem:DMEM_INST|mem~293                                              ; 0                 ; 0       ;
;      - TOP:DUT|dmem:DMEM_INST|mem~357                                              ; 0                 ; 0       ;
;      - TOP:DUT|dmem:DMEM_INST|mem~389                                              ; 0                 ; 0       ;
;      - TOP:DUT|dmem:DMEM_INST|mem~325                                              ; 0                 ; 0       ;
;      - TOP:DUT|dmem:DMEM_INST|mem~421                                              ; 0                 ; 0       ;
;      - TOP:DUT|dmem:DMEM_INST|mem~101                                              ; 0                 ; 0       ;
;      - TOP:DUT|dmem:DMEM_INST|mem~133                                              ; 1                 ; 0       ;
;      - TOP:DUT|dmem:DMEM_INST|mem~69                                               ; 0                 ; 0       ;
;      - TOP:DUT|dmem:DMEM_INST|mem~165                                              ; 0                 ; 0       ;
;      - TOP:DUT|dmem:DMEM_INST|mem~517                                              ; 0                 ; 0       ;
;      - TOP:DUT|dmem:DMEM_INST|mem~485                                              ; 1                 ; 0       ;
;      - TOP:DUT|dmem:DMEM_INST|mem~453                                              ; 0                 ; 0       ;
;      - TOP:DUT|dmem:DMEM_INST|mem~549                                              ; 1                 ; 0       ;
;      - TOP:DUT|dmem:DMEM_INST|mem~1797                                             ; 0                 ; 0       ;
;      - TOP:DUT|dmem:DMEM_INST|mem~1925                                             ; 1                 ; 0       ;
;      - TOP:DUT|dmem:DMEM_INST|mem~1669                                             ; 0                 ; 0       ;
;      - TOP:DUT|dmem:DMEM_INST|mem~2053                                             ; 1                 ; 0       ;
;      - TOP:DUT|dmem:DMEM_INST|mem~1893                                             ; 0                 ; 0       ;
;      - TOP:DUT|dmem:DMEM_INST|mem~1765                                             ; 1                 ; 0       ;
;      - TOP:DUT|dmem:DMEM_INST|mem~1637                                             ; 1                 ; 0       ;
;      - TOP:DUT|dmem:DMEM_INST|mem~2021                                             ; 0                 ; 0       ;
;      - TOP:DUT|dmem:DMEM_INST|mem~1733                                             ; 1                 ; 0       ;
;      - TOP:DUT|dmem:DMEM_INST|mem~1861                                             ; 0                 ; 0       ;
;      - TOP:DUT|dmem:DMEM_INST|mem~1605                                             ; 0                 ; 0       ;
;      - TOP:DUT|dmem:DMEM_INST|mem~1989                                             ; 1                 ; 0       ;
;      - TOP:DUT|dmem:DMEM_INST|mem~1957                                             ; 0                 ; 0       ;
;      - TOP:DUT|dmem:DMEM_INST|mem~1829                                             ; 0                 ; 0       ;
;      - TOP:DUT|dmem:DMEM_INST|mem~1701                                             ; 0                 ; 0       ;
;      - TOP:DUT|dmem:DMEM_INST|mem~2085                                             ; 0                 ; 0       ;
;      - TOP:DUT|dmem:DMEM_INST|mem~772                                              ; 1                 ; 0       ;
;      - TOP:DUT|dmem:DMEM_INST|mem~1284                                             ; 1                 ; 0       ;
;      - TOP:DUT|dmem:DMEM_INST|mem~260                                              ; 1                 ; 0       ;
;      - TOP:DUT|dmem:DMEM_INST|mem~1796                                             ; 0                 ; 0       ;
;      - TOP:DUT|dmem:DMEM_INST|mem~1412                                             ; 1                 ; 0       ;
;      - TOP:DUT|dmem:DMEM_INST|mem~900                                              ; 1                 ; 0       ;
;      - TOP:DUT|dmem:DMEM_INST|mem~388                                              ; 0                 ; 0       ;
;      - TOP:DUT|dmem:DMEM_INST|mem~1924                                             ; 0                 ; 0       ;
;      - TOP:DUT|dmem:DMEM_INST|mem~1156                                             ; 0                 ; 0       ;
;      - TOP:DUT|dmem:DMEM_INST|mem~644                                              ; 1                 ; 0       ;
;      - TOP:DUT|dmem:DMEM_INST|mem~132                                              ; 1                 ; 0       ;
;      - TOP:DUT|dmem:DMEM_INST|mem~1668                                             ; 0                 ; 0       ;
;      - TOP:DUT|dmem:DMEM_INST|mem~1028                                             ; 0                 ; 0       ;
;      - TOP:DUT|dmem:DMEM_INST|mem~1540                                             ; 0                 ; 0       ;
;      - TOP:DUT|dmem:DMEM_INST|mem~516                                              ; 0                 ; 0       ;
;      - TOP:DUT|dmem:DMEM_INST|mem~2052                                             ; 1                 ; 0       ;
;      - TOP:DUT|dmem:DMEM_INST|mem~1380                                             ; 1                 ; 0       ;
;      - TOP:DUT|dmem:DMEM_INST|mem~868                                              ; 0                 ; 0       ;
;      - TOP:DUT|dmem:DMEM_INST|mem~356                                              ; 0                 ; 0       ;
;      - TOP:DUT|dmem:DMEM_INST|mem~1892                                             ; 0                 ; 0       ;
;      - TOP:DUT|dmem:DMEM_INST|mem~740                                              ; 1                 ; 0       ;
;      - TOP:DUT|dmem:DMEM_INST|mem~1252                                             ; 0                 ; 0       ;
;      - TOP:DUT|dmem:DMEM_INST|mem~228                                              ; 0                 ; 0       ;
;      - TOP:DUT|dmem:DMEM_INST|mem~1764                                             ; 1                 ; 0       ;
;      - TOP:DUT|dmem:DMEM_INST|mem~1124                                             ; 1                 ; 0       ;
;      - TOP:DUT|dmem:DMEM_INST|mem~612                                              ; 0                 ; 0       ;
;      - TOP:DUT|dmem:DMEM_INST|mem~100                                              ; 1                 ; 0       ;
;      - TOP:DUT|dmem:DMEM_INST|mem~1636                                             ; 1                 ; 0       ;
;      - TOP:DUT|dmem:DMEM_INST|mem~996                                              ; 0                 ; 0       ;
;      - TOP:DUT|dmem:DMEM_INST|mem~1508                                             ; 0                 ; 0       ;
;      - TOP:DUT|dmem:DMEM_INST|mem~484                                              ; 1                 ; 0       ;
;      - TOP:DUT|dmem:DMEM_INST|mem~2020                                             ; 0                 ; 0       ;
;      - TOP:DUT|dmem:DMEM_INST|mem~708                                              ; 0                 ; 0       ;
;      - TOP:DUT|dmem:DMEM_INST|mem~1220                                             ; 1                 ; 0       ;
;      - TOP:DUT|dmem:DMEM_INST|mem~196                                              ; 0                 ; 0       ;
;      - TOP:DUT|dmem:DMEM_INST|mem~1732                                             ; 1                 ; 0       ;
;      - TOP:DUT|dmem:DMEM_INST|mem~1348                                             ; 0                 ; 0       ;
;      - TOP:DUT|dmem:DMEM_INST|mem~836                                              ; 1                 ; 0       ;
;      - TOP:DUT|dmem:DMEM_INST|mem~324                                              ; 1                 ; 0       ;
;      - TOP:DUT|dmem:DMEM_INST|mem~1860                                             ; 0                 ; 0       ;
;      - TOP:DUT|dmem:DMEM_INST|mem~1092                                             ; 0                 ; 0       ;
;      - TOP:DUT|dmem:DMEM_INST|mem~580                                              ; 1                 ; 0       ;
;      - TOP:DUT|dmem:DMEM_INST|mem~68                                               ; 1                 ; 0       ;
;      - TOP:DUT|dmem:DMEM_INST|mem~1604                                             ; 1                 ; 0       ;
;      - TOP:DUT|dmem:DMEM_INST|mem~964                                              ; 1                 ; 0       ;
;      - TOP:DUT|dmem:DMEM_INST|mem~1476                                             ; 1                 ; 0       ;
;      - TOP:DUT|dmem:DMEM_INST|mem~452                                              ; 0                 ; 0       ;
;      - TOP:DUT|dmem:DMEM_INST|mem~1988                                             ; 0                 ; 0       ;
;      - TOP:DUT|dmem:DMEM_INST|mem~1444                                             ; 1                 ; 0       ;
;      - TOP:DUT|dmem:DMEM_INST|mem~932                                              ; 0                 ; 0       ;
;      - TOP:DUT|dmem:DMEM_INST|mem~420                                              ; 0                 ; 0       ;
;      - TOP:DUT|dmem:DMEM_INST|mem~1956                                             ; 1                 ; 0       ;
;      - TOP:DUT|dmem:DMEM_INST|mem~804                                              ; 1                 ; 0       ;
;      - TOP:DUT|dmem:DMEM_INST|mem~1316                                             ; 1                 ; 0       ;
;      - TOP:DUT|dmem:DMEM_INST|mem~292                                              ; 0                 ; 0       ;
;      - TOP:DUT|dmem:DMEM_INST|mem~1828                                             ; 0                 ; 0       ;
;      - TOP:DUT|dmem:DMEM_INST|mem~1188                                             ; 0                 ; 0       ;
;      - TOP:DUT|dmem:DMEM_INST|mem~676                                              ; 0                 ; 0       ;
;      - TOP:DUT|dmem:DMEM_INST|mem~164                                              ; 1                 ; 0       ;
;      - TOP:DUT|dmem:DMEM_INST|mem~1700                                             ; 0                 ; 0       ;
;      - TOP:DUT|dmem:DMEM_INST|mem~1060                                             ; 1                 ; 0       ;
;      - TOP:DUT|dmem:DMEM_INST|mem~1572                                             ; 1                 ; 0       ;
;      - TOP:DUT|dmem:DMEM_INST|mem~548                                              ; 0                 ; 0       ;
;      - TOP:DUT|dmem:DMEM_INST|mem~2084                                             ; 1                 ; 0       ;
;      - TOP:DUT|dmem:DMEM_INST|mem~2916                                             ; 0                 ; 0       ;
;      - TOP:DUT|dmem:DMEM_INST|mem~3428                                             ; 1                 ; 0       ;
;      - TOP:DUT|dmem:DMEM_INST|mem~2404                                             ; 1                 ; 0       ;
;      - TOP:DUT|dmem:DMEM_INST|mem~3940                                             ; 0                 ; 0       ;
;      - TOP:DUT|dmem:DMEM_INST|mem~3460                                             ; 0                 ; 0       ;
;      - TOP:DUT|dmem:DMEM_INST|mem~2948                                             ; 0                 ; 0       ;
;      - TOP:DUT|dmem:DMEM_INST|mem~2436                                             ; 1                 ; 0       ;
;      - TOP:DUT|dmem:DMEM_INST|mem~3972                                             ; 1                 ; 0       ;
;      - TOP:DUT|dmem:DMEM_INST|mem~3396                                             ; 0                 ; 0       ;
;      - TOP:DUT|dmem:DMEM_INST|mem~2884                                             ; 1                 ; 0       ;
;      - TOP:DUT|dmem:DMEM_INST|mem~2372                                             ; 0                 ; 0       ;
;      - TOP:DUT|dmem:DMEM_INST|mem~3908                                             ; 0                 ; 0       ;
;      - TOP:DUT|dmem:DMEM_INST|mem~2980                                             ; 0                 ; 0       ;
;      - TOP:DUT|dmem:DMEM_INST|mem~3492                                             ; 1                 ; 0       ;
;      - TOP:DUT|dmem:DMEM_INST|mem~2468                                             ; 0                 ; 0       ;
;      - TOP:DUT|dmem:DMEM_INST|mem~4004                                             ; 0                 ; 0       ;
;      - TOP:DUT|dmem:DMEM_INST|mem~3332                                             ; 0                 ; 0       ;
;      - TOP:DUT|dmem:DMEM_INST|mem~2820                                             ; 0                 ; 0       ;
;      - TOP:DUT|dmem:DMEM_INST|mem~2308                                             ; 0                 ; 0       ;
;      - TOP:DUT|dmem:DMEM_INST|mem~3844                                             ; 1                 ; 0       ;
;      - TOP:DUT|dmem:DMEM_INST|mem~2788                                             ; 1                 ; 0       ;
;      - TOP:DUT|dmem:DMEM_INST|mem~3300                                             ; 1                 ; 0       ;
;      - TOP:DUT|dmem:DMEM_INST|mem~2276                                             ; 1                 ; 0       ;
;      - TOP:DUT|dmem:DMEM_INST|mem~3812                                             ; 1                 ; 0       ;
;      - TOP:DUT|dmem:DMEM_INST|mem~3268                                             ; 0                 ; 0       ;
;      - TOP:DUT|dmem:DMEM_INST|mem~2756                                             ; 1                 ; 0       ;
;      - TOP:DUT|dmem:DMEM_INST|mem~2244                                             ; 0                 ; 0       ;
;      - TOP:DUT|dmem:DMEM_INST|mem~3780                                             ; 0                 ; 0       ;
;      - TOP:DUT|dmem:DMEM_INST|mem~2852                                             ; 0                 ; 0       ;
;      - TOP:DUT|dmem:DMEM_INST|mem~3364                                             ; 0                 ; 0       ;
;      - TOP:DUT|dmem:DMEM_INST|mem~2340                                             ; 0                 ; 0       ;
;      - TOP:DUT|dmem:DMEM_INST|mem~3876                                             ; 0                 ; 0       ;
;      - TOP:DUT|dmem:DMEM_INST|mem~2660                                             ; 1                 ; 0       ;
;      - TOP:DUT|dmem:DMEM_INST|mem~3172                                             ; 1                 ; 0       ;
;      - TOP:DUT|dmem:DMEM_INST|mem~2148                                             ; 0                 ; 0       ;
;      - TOP:DUT|dmem:DMEM_INST|mem~3684                                             ; 1                 ; 0       ;
;      - TOP:DUT|dmem:DMEM_INST|mem~3204                                             ; 0                 ; 0       ;
;      - TOP:DUT|dmem:DMEM_INST|mem~2692                                             ; 1                 ; 0       ;
;      - TOP:DUT|dmem:DMEM_INST|mem~2180                                             ; 0                 ; 0       ;
;      - TOP:DUT|dmem:DMEM_INST|mem~3716                                             ; 0                 ; 0       ;
;      - TOP:DUT|dmem:DMEM_INST|mem~3140                                             ; 0                 ; 0       ;
;      - TOP:DUT|dmem:DMEM_INST|mem~2628                                             ; 1                 ; 0       ;
;      - TOP:DUT|dmem:DMEM_INST|mem~2116                                             ; 1                 ; 0       ;
;      - TOP:DUT|dmem:DMEM_INST|mem~3652                                             ; 0                 ; 0       ;
;      - TOP:DUT|dmem:DMEM_INST|mem~2724                                             ; 0                 ; 0       ;
;      - TOP:DUT|dmem:DMEM_INST|mem~3236                                             ; 0                 ; 0       ;
;      - TOP:DUT|dmem:DMEM_INST|mem~2212                                             ; 1                 ; 0       ;
;      - TOP:DUT|dmem:DMEM_INST|mem~3748                                             ; 0                 ; 0       ;
;      - TOP:DUT|dmem:DMEM_INST|mem~3588                                             ; 0                 ; 0       ;
;      - TOP:DUT|dmem:DMEM_INST|mem~3076                                             ; 0                 ; 0       ;
;      - TOP:DUT|dmem:DMEM_INST|mem~2564                                             ; 0                 ; 0       ;
;      - TOP:DUT|dmem:DMEM_INST|mem~4100                                             ; 0                 ; 0       ;
;      - TOP:DUT|dmem:DMEM_INST|mem~3044                                             ; 0                 ; 0       ;
;      - TOP:DUT|dmem:DMEM_INST|mem~3556                                             ; 0                 ; 0       ;
;      - TOP:DUT|dmem:DMEM_INST|mem~2532                                             ; 0                 ; 0       ;
;      - TOP:DUT|dmem:DMEM_INST|mem~4068                                             ; 1                 ; 0       ;
;      - TOP:DUT|dmem:DMEM_INST|mem~3524                                             ; 0                 ; 0       ;
;      - TOP:DUT|dmem:DMEM_INST|mem~3012                                             ; 1                 ; 0       ;
;      - TOP:DUT|dmem:DMEM_INST|mem~2500                                             ; 0                 ; 0       ;
;      - TOP:DUT|dmem:DMEM_INST|mem~4036                                             ; 0                 ; 0       ;
;      - TOP:DUT|dmem:DMEM_INST|mem~3108                                             ; 0                 ; 0       ;
;      - TOP:DUT|dmem:DMEM_INST|mem~3620                                             ; 0                 ; 0       ;
;      - TOP:DUT|dmem:DMEM_INST|mem~2596                                             ; 1                 ; 0       ;
;      - TOP:DUT|dmem:DMEM_INST|mem~4132                                             ; 1                 ; 0       ;
;      - TOP:DUT|dmem:DMEM_INST|mem~1283                                             ; 1                 ; 0       ;
;      - TOP:DUT|dmem:DMEM_INST|mem~771                                              ; 1                 ; 0       ;
;      - TOP:DUT|dmem:DMEM_INST|mem~259                                              ; 1                 ; 0       ;
;      - TOP:DUT|dmem:DMEM_INST|mem~1795                                             ; 0                 ; 0       ;
;      - TOP:DUT|dmem:DMEM_INST|mem~739                                              ; 0                 ; 0       ;
;      - TOP:DUT|dmem:DMEM_INST|mem~1251                                             ; 1                 ; 0       ;
;      - TOP:DUT|dmem:DMEM_INST|mem~227                                              ; 0                 ; 0       ;
;      - TOP:DUT|dmem:DMEM_INST|mem~1763                                             ; 0                 ; 0       ;
;      - TOP:DUT|dmem:DMEM_INST|mem~1219                                             ; 1                 ; 0       ;
;      - TOP:DUT|dmem:DMEM_INST|mem~707                                              ; 0                 ; 0       ;
;      - TOP:DUT|dmem:DMEM_INST|mem~195                                              ; 0                 ; 0       ;
;      - TOP:DUT|dmem:DMEM_INST|mem~1731                                             ; 0                 ; 0       ;
;      - TOP:DUT|dmem:DMEM_INST|mem~803                                              ; 1                 ; 0       ;
;      - TOP:DUT|dmem:DMEM_INST|mem~1315                                             ; 1                 ; 0       ;
;      - TOP:DUT|dmem:DMEM_INST|mem~291                                              ; 0                 ; 0       ;
;      - TOP:DUT|dmem:DMEM_INST|mem~1827                                             ; 1                 ; 0       ;
;      - TOP:DUT|dmem:DMEM_INST|mem~867                                              ; 0                 ; 0       ;
;      - TOP:DUT|dmem:DMEM_INST|mem~1379                                             ; 1                 ; 0       ;
;      - TOP:DUT|dmem:DMEM_INST|mem~355                                              ; 0                 ; 0       ;
;      - TOP:DUT|dmem:DMEM_INST|mem~1891                                             ; 0                 ; 0       ;
;      - TOP:DUT|dmem:DMEM_INST|mem~1411                                             ; 0                 ; 0       ;
;      - TOP:DUT|dmem:DMEM_INST|mem~899                                              ; 1                 ; 0       ;
;      - TOP:DUT|dmem:DMEM_INST|mem~387                                              ; 0                 ; 0       ;
;      - TOP:DUT|dmem:DMEM_INST|mem~1923                                             ; 1                 ; 0       ;
;      - TOP:DUT|dmem:DMEM_INST|mem~1347                                             ; 0                 ; 0       ;
;      - TOP:DUT|dmem:DMEM_INST|mem~835                                              ; 1                 ; 0       ;
;      - TOP:DUT|dmem:DMEM_INST|mem~323                                              ; 1                 ; 0       ;
;      - TOP:DUT|dmem:DMEM_INST|mem~1859                                             ; 0                 ; 0       ;
;      - TOP:DUT|dmem:DMEM_INST|mem~931                                              ; 0                 ; 0       ;
;      - TOP:DUT|dmem:DMEM_INST|mem~1443                                             ; 0                 ; 0       ;
;      - TOP:DUT|dmem:DMEM_INST|mem~419                                              ; 0                 ; 0       ;
;      - TOP:DUT|dmem:DMEM_INST|mem~1955                                             ; 0                 ; 0       ;
;      - TOP:DUT|dmem:DMEM_INST|mem~611                                              ; 0                 ; 0       ;
;      - TOP:DUT|dmem:DMEM_INST|mem~1123                                             ; 1                 ; 0       ;
;      - TOP:DUT|dmem:DMEM_INST|mem~99                                               ; 1                 ; 0       ;
;      - TOP:DUT|dmem:DMEM_INST|mem~1635                                             ; 1                 ; 0       ;
;      - TOP:DUT|dmem:DMEM_INST|mem~1155                                             ; 0                 ; 0       ;
;      - TOP:DUT|dmem:DMEM_INST|mem~643                                              ; 0                 ; 0       ;
;      - TOP:DUT|dmem:DMEM_INST|mem~131                                              ; 1                 ; 0       ;
;      - TOP:DUT|dmem:DMEM_INST|mem~1667                                             ; 0                 ; 0       ;
;      - TOP:DUT|dmem:DMEM_INST|mem~1091                                             ; 0                 ; 0       ;
;      - TOP:DUT|dmem:DMEM_INST|mem~579                                              ; 1                 ; 0       ;
;      - TOP:DUT|dmem:DMEM_INST|mem~67                                               ; 1                 ; 0       ;
;      - TOP:DUT|dmem:DMEM_INST|mem~1603                                             ; 1                 ; 0       ;
;      - TOP:DUT|dmem:DMEM_INST|mem~675                                              ; 0                 ; 0       ;
;      - TOP:DUT|dmem:DMEM_INST|mem~1187                                             ; 1                 ; 0       ;
;      - TOP:DUT|dmem:DMEM_INST|mem~163                                              ; 1                 ; 0       ;
;      - TOP:DUT|dmem:DMEM_INST|mem~1699                                             ; 0                 ; 0       ;
;      - TOP:DUT|dmem:DMEM_INST|mem~1539                                             ; 1                 ; 0       ;
;      - TOP:DUT|dmem:DMEM_INST|mem~1027                                             ; 0                 ; 0       ;
;      - TOP:DUT|dmem:DMEM_INST|mem~515                                              ; 0                 ; 0       ;
;      - TOP:DUT|dmem:DMEM_INST|mem~2051                                             ; 1                 ; 0       ;
;      - TOP:DUT|dmem:DMEM_INST|mem~995                                              ; 1                 ; 0       ;
;      - TOP:DUT|dmem:DMEM_INST|mem~1507                                             ; 1                 ; 0       ;
;      - TOP:DUT|dmem:DMEM_INST|mem~483                                              ; 1                 ; 0       ;
;      - TOP:DUT|dmem:DMEM_INST|mem~2019                                             ; 0                 ; 0       ;
;      - TOP:DUT|dmem:DMEM_INST|mem~1475                                             ; 1                 ; 0       ;
;      - TOP:DUT|dmem:DMEM_INST|mem~963                                              ; 1                 ; 0       ;
;      - TOP:DUT|dmem:DMEM_INST|mem~451                                              ; 0                 ; 0       ;
;      - TOP:DUT|dmem:DMEM_INST|mem~1987                                             ; 1                 ; 0       ;
;      - TOP:DUT|dmem:DMEM_INST|mem~1059                                             ; 1                 ; 0       ;
;      - TOP:DUT|dmem:DMEM_INST|mem~1571                                             ; 1                 ; 0       ;
;      - TOP:DUT|dmem:DMEM_INST|mem~547                                              ; 0                 ; 0       ;
;      - TOP:DUT|dmem:DMEM_INST|mem~2083                                             ; 1                 ; 0       ;
;      - TOP:DUT|dmem:DMEM_INST|mem~2787                                             ; 1                 ; 0       ;
;      - TOP:DUT|dmem:DMEM_INST|mem~2915                                             ; 0                 ; 0       ;
;      - TOP:DUT|dmem:DMEM_INST|mem~2659                                             ; 0                 ; 0       ;
;      - TOP:DUT|dmem:DMEM_INST|mem~3043                                             ; 1                 ; 0       ;
;      - TOP:DUT|dmem:DMEM_INST|mem~2947                                             ; 0                 ; 0       ;
;      - TOP:DUT|dmem:DMEM_INST|mem~2819                                             ; 1                 ; 0       ;
;      - TOP:DUT|dmem:DMEM_INST|mem~2691                                             ; 1                 ; 0       ;
;      - TOP:DUT|dmem:DMEM_INST|mem~3075                                             ; 0                 ; 0       ;
;      - TOP:DUT|dmem:DMEM_INST|mem~2883                                             ; 0                 ; 0       ;
;      - TOP:DUT|dmem:DMEM_INST|mem~2755                                             ; 1                 ; 0       ;
;      - TOP:DUT|dmem:DMEM_INST|mem~2627                                             ; 0                 ; 0       ;
;      - TOP:DUT|dmem:DMEM_INST|mem~3011                                             ; 0                 ; 0       ;
;      - TOP:DUT|dmem:DMEM_INST|mem~2851                                             ; 1                 ; 0       ;
;      - TOP:DUT|dmem:DMEM_INST|mem~2979                                             ; 1                 ; 0       ;
;      - TOP:DUT|dmem:DMEM_INST|mem~2723                                             ; 1                 ; 0       ;
;      - TOP:DUT|dmem:DMEM_INST|mem~3107                                             ; 1                 ; 0       ;
;      - TOP:DUT|dmem:DMEM_INST|mem~3459                                             ; 0                 ; 0       ;
;      - TOP:DUT|dmem:DMEM_INST|mem~3427                                             ; 1                 ; 0       ;
;      - TOP:DUT|dmem:DMEM_INST|mem~3395                                             ; 0                 ; 0       ;
;      - TOP:DUT|dmem:DMEM_INST|mem~3491                                             ; 0                 ; 0       ;
;      - TOP:DUT|dmem:DMEM_INST|mem~3299                                             ; 1                 ; 0       ;
;      - TOP:DUT|dmem:DMEM_INST|mem~3331                                             ; 0                 ; 0       ;
;      - TOP:DUT|dmem:DMEM_INST|mem~3267                                             ; 1                 ; 0       ;
;      - TOP:DUT|dmem:DMEM_INST|mem~3363                                             ; 1                 ; 0       ;
;      - TOP:DUT|dmem:DMEM_INST|mem~3203                                             ; 0                 ; 0       ;
;      - TOP:DUT|dmem:DMEM_INST|mem~3171                                             ; 1                 ; 0       ;
;      - TOP:DUT|dmem:DMEM_INST|mem~3139                                             ; 1                 ; 0       ;
;      - TOP:DUT|dmem:DMEM_INST|mem~3235                                             ; 1                 ; 0       ;
;      - TOP:DUT|dmem:DMEM_INST|mem~3555                                             ; 0                 ; 0       ;
;      - TOP:DUT|dmem:DMEM_INST|mem~3587                                             ; 0                 ; 0       ;
;      - TOP:DUT|dmem:DMEM_INST|mem~3523                                             ; 0                 ; 0       ;
;      - TOP:DUT|dmem:DMEM_INST|mem~3619                                             ; 0                 ; 0       ;
;      - TOP:DUT|dmem:DMEM_INST|mem~2307                                             ; 0                 ; 0       ;
;      - TOP:DUT|dmem:DMEM_INST|mem~2275                                             ; 0                 ; 0       ;
;      - TOP:DUT|dmem:DMEM_INST|mem~2243                                             ; 1                 ; 0       ;
;      - TOP:DUT|dmem:DMEM_INST|mem~2339                                             ; 1                 ; 0       ;
;      - TOP:DUT|dmem:DMEM_INST|mem~2403                                             ; 0                 ; 0       ;
;      - TOP:DUT|dmem:DMEM_INST|mem~2435                                             ; 0                 ; 0       ;
;      - TOP:DUT|dmem:DMEM_INST|mem~2371                                             ; 0                 ; 0       ;
;      - TOP:DUT|dmem:DMEM_INST|mem~2467                                             ; 0                 ; 0       ;
;      - TOP:DUT|dmem:DMEM_INST|mem~2147                                             ; 0                 ; 0       ;
;      - TOP:DUT|dmem:DMEM_INST|mem~2179                                             ; 0                 ; 0       ;
;      - TOP:DUT|dmem:DMEM_INST|mem~2115                                             ; 0                 ; 0       ;
;      - TOP:DUT|dmem:DMEM_INST|mem~2211                                             ; 0                 ; 0       ;
;      - TOP:DUT|dmem:DMEM_INST|mem~2563                                             ; 0                 ; 0       ;
;      - TOP:DUT|dmem:DMEM_INST|mem~2531                                             ; 1                 ; 0       ;
;      - TOP:DUT|dmem:DMEM_INST|mem~2499                                             ; 1                 ; 0       ;
;      - TOP:DUT|dmem:DMEM_INST|mem~2595                                             ; 1                 ; 0       ;
;      - TOP:DUT|dmem:DMEM_INST|mem~3843                                             ; 0                 ; 0       ;
;      - TOP:DUT|dmem:DMEM_INST|mem~3971                                             ; 0                 ; 0       ;
;      - TOP:DUT|dmem:DMEM_INST|mem~3715                                             ; 0                 ; 0       ;
;      - TOP:DUT|dmem:DMEM_INST|mem~4099                                             ; 0                 ; 0       ;
;      - TOP:DUT|dmem:DMEM_INST|mem~3939                                             ; 1                 ; 0       ;
;      - TOP:DUT|dmem:DMEM_INST|mem~3811                                             ; 1                 ; 0       ;
;      - TOP:DUT|dmem:DMEM_INST|mem~3683                                             ; 1                 ; 0       ;
;      - TOP:DUT|dmem:DMEM_INST|mem~4067                                             ; 1                 ; 0       ;
;      - TOP:DUT|dmem:DMEM_INST|mem~3779                                             ; 0                 ; 0       ;
;      - TOP:DUT|dmem:DMEM_INST|mem~3907                                             ; 0                 ; 0       ;
;      - TOP:DUT|dmem:DMEM_INST|mem~3651                                             ; 0                 ; 0       ;
;      - TOP:DUT|dmem:DMEM_INST|mem~4035                                             ; 0                 ; 0       ;
;      - TOP:DUT|dmem:DMEM_INST|mem~4003                                             ; 0                 ; 0       ;
;      - TOP:DUT|dmem:DMEM_INST|mem~3875                                             ; 0                 ; 0       ;
;      - TOP:DUT|dmem:DMEM_INST|mem~3747                                             ; 0                 ; 0       ;
;      - TOP:DUT|dmem:DMEM_INST|mem~4131                                             ; 0                 ; 0       ;
;      - TOP:DUT|dmem:DMEM_INST|mem~3426                                             ; 1                 ; 0       ;
;      - TOP:DUT|dmem:DMEM_INST|mem~2914                                             ; 0                 ; 0       ;
;      - TOP:DUT|dmem:DMEM_INST|mem~2402                                             ; 1                 ; 0       ;
;      - TOP:DUT|dmem:DMEM_INST|mem~3938                                             ; 0                 ; 0       ;
;      - TOP:DUT|dmem:DMEM_INST|mem~2786                                             ; 1                 ; 0       ;
;      - TOP:DUT|dmem:DMEM_INST|mem~3298                                             ; 1                 ; 0       ;
;      - TOP:DUT|dmem:DMEM_INST|mem~2274                                             ; 1                 ; 0       ;
;      - TOP:DUT|dmem:DMEM_INST|mem~3810                                             ; 1                 ; 0       ;
;      - TOP:DUT|dmem:DMEM_INST|mem~3170                                             ; 1                 ; 0       ;
;      - TOP:DUT|dmem:DMEM_INST|mem~2658                                             ; 1                 ; 0       ;
;      - TOP:DUT|dmem:DMEM_INST|mem~2146                                             ; 0                 ; 0       ;
;      - TOP:DUT|dmem:DMEM_INST|mem~3682                                             ; 0                 ; 0       ;
;      - TOP:DUT|dmem:DMEM_INST|mem~3042                                             ; 1                 ; 0       ;
;      - TOP:DUT|dmem:DMEM_INST|mem~3554                                             ; 0                 ; 0       ;
;      - TOP:DUT|dmem:DMEM_INST|mem~2530                                             ; 0                 ; 0       ;
;      - TOP:DUT|dmem:DMEM_INST|mem~4066                                             ; 1                 ; 0       ;
;      - TOP:DUT|dmem:DMEM_INST|mem~2818                                             ; 0                 ; 0       ;
;      - TOP:DUT|dmem:DMEM_INST|mem~3330                                             ; 1                 ; 0       ;
;      - TOP:DUT|dmem:DMEM_INST|mem~2306                                             ; 1                 ; 0       ;
;      - TOP:DUT|dmem:DMEM_INST|mem~3842                                             ; 0                 ; 0       ;
;      - TOP:DUT|dmem:DMEM_INST|mem~3458                                             ; 1                 ; 0       ;
;      - TOP:DUT|dmem:DMEM_INST|mem~2946                                             ; 0                 ; 0       ;
;      - TOP:DUT|dmem:DMEM_INST|mem~2434                                             ; 1                 ; 0       ;
;      - TOP:DUT|dmem:DMEM_INST|mem~3970                                             ; 1                 ; 0       ;
;      - TOP:DUT|dmem:DMEM_INST|mem~3202                                             ; 0                 ; 0       ;
;      - TOP:DUT|dmem:DMEM_INST|mem~2690                                             ; 0                 ; 0       ;
;      - TOP:DUT|dmem:DMEM_INST|mem~2178                                             ; 0                 ; 0       ;
;      - TOP:DUT|dmem:DMEM_INST|mem~3714                                             ; 0                 ; 0       ;
;      - TOP:DUT|dmem:DMEM_INST|mem~3074                                             ; 1                 ; 0       ;
;      - TOP:DUT|dmem:DMEM_INST|mem~3586                                             ; 0                 ; 0       ;
;      - TOP:DUT|dmem:DMEM_INST|mem~2562                                             ; 1                 ; 0       ;
;      - TOP:DUT|dmem:DMEM_INST|mem~4098                                             ; 0                 ; 0       ;
;      - TOP:DUT|dmem:DMEM_INST|mem~2754                                             ; 1                 ; 0       ;
;      - TOP:DUT|dmem:DMEM_INST|mem~3266                                             ; 0                 ; 0       ;
;      - TOP:DUT|dmem:DMEM_INST|mem~2242                                             ; 0                 ; 0       ;
;      - TOP:DUT|dmem:DMEM_INST|mem~3778                                             ; 0                 ; 0       ;
;      - TOP:DUT|dmem:DMEM_INST|mem~3394                                             ; 0                 ; 0       ;
;      - TOP:DUT|dmem:DMEM_INST|mem~2882                                             ; 1                 ; 0       ;
;      - TOP:DUT|dmem:DMEM_INST|mem~2370                                             ; 0                 ; 0       ;
;      - TOP:DUT|dmem:DMEM_INST|mem~3906                                             ; 0                 ; 0       ;
;      - TOP:DUT|dmem:DMEM_INST|mem~3138                                             ; 0                 ; 0       ;
;      - TOP:DUT|dmem:DMEM_INST|mem~2626                                             ; 1                 ; 0       ;
;      - TOP:DUT|dmem:DMEM_INST|mem~2114                                             ; 1                 ; 0       ;
;      - TOP:DUT|dmem:DMEM_INST|mem~3650                                             ; 0                 ; 0       ;
;      - TOP:DUT|dmem:DMEM_INST|mem~3010                                             ; 1                 ; 0       ;
;      - TOP:DUT|dmem:DMEM_INST|mem~3522                                             ; 0                 ; 0       ;
;      - TOP:DUT|dmem:DMEM_INST|mem~2498                                             ; 0                 ; 0       ;
;      - TOP:DUT|dmem:DMEM_INST|mem~4034                                             ; 0                 ; 0       ;
;      - TOP:DUT|dmem:DMEM_INST|mem~3490                                             ; 1                 ; 0       ;
;      - TOP:DUT|dmem:DMEM_INST|mem~2978                                             ; 0                 ; 0       ;
;      - TOP:DUT|dmem:DMEM_INST|mem~2466                                             ; 0                 ; 0       ;
;      - TOP:DUT|dmem:DMEM_INST|mem~4002                                             ; 0                 ; 0       ;
;      - TOP:DUT|dmem:DMEM_INST|mem~2850                                             ; 0                 ; 0       ;
;      - TOP:DUT|dmem:DMEM_INST|mem~3362                                             ; 0                 ; 0       ;
;      - TOP:DUT|dmem:DMEM_INST|mem~2338                                             ; 0                 ; 0       ;
;      - TOP:DUT|dmem:DMEM_INST|mem~3874                                             ; 1                 ; 0       ;
;      - TOP:DUT|dmem:DMEM_INST|mem~3234                                             ; 1                 ; 0       ;
;      - TOP:DUT|dmem:DMEM_INST|mem~2722                                             ; 0                 ; 0       ;
;      - TOP:DUT|dmem:DMEM_INST|mem~2210                                             ; 1                 ; 0       ;
;      - TOP:DUT|dmem:DMEM_INST|mem~3746                                             ; 1                 ; 0       ;
;      - TOP:DUT|dmem:DMEM_INST|mem~3106                                             ; 0                 ; 0       ;
;      - TOP:DUT|dmem:DMEM_INST|mem~3618                                             ; 0                 ; 0       ;
;      - TOP:DUT|dmem:DMEM_INST|mem~2594                                             ; 1                 ; 0       ;
;      - TOP:DUT|dmem:DMEM_INST|mem~4130                                             ; 0                 ; 0       ;
;      - TOP:DUT|dmem:DMEM_INST|mem~1410                                             ; 0                 ; 0       ;
;      - TOP:DUT|dmem:DMEM_INST|mem~1378                                             ; 1                 ; 0       ;
;      - TOP:DUT|dmem:DMEM_INST|mem~1346                                             ; 0                 ; 0       ;
;      - TOP:DUT|dmem:DMEM_INST|mem~1442                                             ; 1                 ; 0       ;
;      - TOP:DUT|dmem:DMEM_INST|mem~1250                                             ; 0                 ; 0       ;
;      - TOP:DUT|dmem:DMEM_INST|mem~1282                                             ; 1                 ; 0       ;
;      - TOP:DUT|dmem:DMEM_INST|mem~1218                                             ; 0                 ; 0       ;
;      - TOP:DUT|dmem:DMEM_INST|mem~1314                                             ; 0                 ; 0       ;
;      - TOP:DUT|dmem:DMEM_INST|mem~1154                                             ; 0                 ; 0       ;
;      - TOP:DUT|dmem:DMEM_INST|mem~1122                                             ; 0                 ; 0       ;
;      - TOP:DUT|dmem:DMEM_INST|mem~1090                                             ; 1                 ; 0       ;
;      - TOP:DUT|dmem:DMEM_INST|mem~1186                                             ; 1                 ; 0       ;
;      - TOP:DUT|dmem:DMEM_INST|mem~1506                                             ; 1                 ; 0       ;
;      - TOP:DUT|dmem:DMEM_INST|mem~1538                                             ; 0                 ; 0       ;
;      - TOP:DUT|dmem:DMEM_INST|mem~1474                                             ; 0                 ; 0       ;
;      - TOP:DUT|dmem:DMEM_INST|mem~1570                                             ; 1                 ; 0       ;
;      - TOP:DUT|dmem:DMEM_INST|mem~738                                              ; 0                 ; 0       ;
;      - TOP:DUT|dmem:DMEM_INST|mem~866                                              ; 0                 ; 0       ;
;      - TOP:DUT|dmem:DMEM_INST|mem~610                                              ; 0                 ; 0       ;
;      - TOP:DUT|dmem:DMEM_INST|mem~994                                              ; 1                 ; 0       ;
;      - TOP:DUT|dmem:DMEM_INST|mem~898                                              ; 1                 ; 0       ;
;      - TOP:DUT|dmem:DMEM_INST|mem~770                                              ; 0                 ; 0       ;
;      - TOP:DUT|dmem:DMEM_INST|mem~642                                              ; 0                 ; 0       ;
;      - TOP:DUT|dmem:DMEM_INST|mem~1026                                             ; 1                 ; 0       ;
;      - TOP:DUT|dmem:DMEM_INST|mem~834                                              ; 1                 ; 0       ;
;      - TOP:DUT|dmem:DMEM_INST|mem~706                                              ; 1                 ; 0       ;
;      - TOP:DUT|dmem:DMEM_INST|mem~578                                              ; 0                 ; 0       ;
;      - TOP:DUT|dmem:DMEM_INST|mem~962                                              ; 1                 ; 0       ;
;      - TOP:DUT|dmem:DMEM_INST|mem~802                                              ; 1                 ; 0       ;
;      - TOP:DUT|dmem:DMEM_INST|mem~930                                              ; 1                 ; 0       ;
;      - TOP:DUT|dmem:DMEM_INST|mem~674                                              ; 1                 ; 0       ;
;      - TOP:DUT|dmem:DMEM_INST|mem~1058                                             ; 1                 ; 0       ;
;      - TOP:DUT|dmem:DMEM_INST|mem~258                                              ; 1                 ; 0       ;
;      - TOP:DUT|dmem:DMEM_INST|mem~226                                              ; 0                 ; 0       ;
;      - TOP:DUT|dmem:DMEM_INST|mem~194                                              ; 0                 ; 0       ;
;      - TOP:DUT|dmem:DMEM_INST|mem~290                                              ; 0                 ; 0       ;
;      - TOP:DUT|dmem:DMEM_INST|mem~354                                              ; 0                 ; 0       ;
;      - TOP:DUT|dmem:DMEM_INST|mem~386                                              ; 0                 ; 0       ;
;      - TOP:DUT|dmem:DMEM_INST|mem~322                                              ; 0                 ; 0       ;
;      - TOP:DUT|dmem:DMEM_INST|mem~418                                              ; 0                 ; 0       ;
;      - TOP:DUT|dmem:DMEM_INST|mem~98                                               ; 0                 ; 0       ;
;      - TOP:DUT|dmem:DMEM_INST|mem~130                                              ; 0                 ; 0       ;
;      - TOP:DUT|dmem:DMEM_INST|mem~66                                               ; 1                 ; 0       ;
;      - TOP:DUT|dmem:DMEM_INST|mem~162                                              ; 1                 ; 0       ;
;      - TOP:DUT|dmem:DMEM_INST|mem~514                                              ; 0                 ; 0       ;
;      - TOP:DUT|dmem:DMEM_INST|mem~482                                              ; 1                 ; 0       ;
;      - TOP:DUT|dmem:DMEM_INST|mem~450                                              ; 0                 ; 0       ;
;      - TOP:DUT|dmem:DMEM_INST|mem~546                                              ; 1                 ; 0       ;
;      - TOP:DUT|dmem:DMEM_INST|mem~1794                                             ; 0                 ; 0       ;
;      - TOP:DUT|dmem:DMEM_INST|mem~1922                                             ; 1                 ; 0       ;
;      - TOP:DUT|dmem:DMEM_INST|mem~1666                                             ; 0                 ; 0       ;
;      - TOP:DUT|dmem:DMEM_INST|mem~2050                                             ; 0                 ; 0       ;
;      - TOP:DUT|dmem:DMEM_INST|mem~1890                                             ; 0                 ; 0       ;
;      - TOP:DUT|dmem:DMEM_INST|mem~1762                                             ; 1                 ; 0       ;
;      - TOP:DUT|dmem:DMEM_INST|mem~1634                                             ; 1                 ; 0       ;
;      - TOP:DUT|dmem:DMEM_INST|mem~2018                                             ; 1                 ; 0       ;
;      - TOP:DUT|dmem:DMEM_INST|mem~1730                                             ; 1                 ; 0       ;
;      - TOP:DUT|dmem:DMEM_INST|mem~1858                                             ; 0                 ; 0       ;
;      - TOP:DUT|dmem:DMEM_INST|mem~1602                                             ; 1                 ; 0       ;
;      - TOP:DUT|dmem:DMEM_INST|mem~1986                                             ; 1                 ; 0       ;
;      - TOP:DUT|dmem:DMEM_INST|mem~1954                                             ; 0                 ; 0       ;
;      - TOP:DUT|dmem:DMEM_INST|mem~1826                                             ; 0                 ; 0       ;
;      - TOP:DUT|dmem:DMEM_INST|mem~1698                                             ; 0                 ; 0       ;
;      - TOP:DUT|dmem:DMEM_INST|mem~2082                                             ; 0                 ; 0       ;
;      - TOP:DUT|dmem:DMEM_INST|mem~769                                              ; 1                 ; 0       ;
;      - TOP:DUT|dmem:DMEM_INST|mem~1281                                             ; 1                 ; 0       ;
;      - TOP:DUT|dmem:DMEM_INST|mem~257                                              ; 1                 ; 0       ;
;      - TOP:DUT|dmem:DMEM_INST|mem~1793                                             ; 0                 ; 0       ;
;      - TOP:DUT|dmem:DMEM_INST|mem~1409                                             ; 1                 ; 0       ;
;      - TOP:DUT|dmem:DMEM_INST|mem~897                                              ; 1                 ; 0       ;
;      - TOP:DUT|dmem:DMEM_INST|mem~385                                              ; 0                 ; 0       ;
;      - TOP:DUT|dmem:DMEM_INST|mem~1921                                             ; 0                 ; 0       ;
;      - TOP:DUT|dmem:DMEM_INST|mem~1153                                             ; 0                 ; 0       ;
;      - TOP:DUT|dmem:DMEM_INST|mem~641                                              ; 0                 ; 0       ;
;      - TOP:DUT|dmem:DMEM_INST|mem~129                                              ; 1                 ; 0       ;
;      - TOP:DUT|dmem:DMEM_INST|mem~1665                                             ; 0                 ; 0       ;
;      - TOP:DUT|dmem:DMEM_INST|mem~1025                                             ; 1                 ; 0       ;
;      - TOP:DUT|dmem:DMEM_INST|mem~1537                                             ; 0                 ; 0       ;
;      - TOP:DUT|dmem:DMEM_INST|mem~513                                              ; 0                 ; 0       ;
;      - TOP:DUT|dmem:DMEM_INST|mem~2049                                             ; 1                 ; 0       ;
;      - TOP:DUT|dmem:DMEM_INST|mem~1377                                             ; 0                 ; 0       ;
;      - TOP:DUT|dmem:DMEM_INST|mem~865                                              ; 0                 ; 0       ;
;      - TOP:DUT|dmem:DMEM_INST|mem~353                                              ; 0                 ; 0       ;
;      - TOP:DUT|dmem:DMEM_INST|mem~1889                                             ; 0                 ; 0       ;
;      - TOP:DUT|dmem:DMEM_INST|mem~737                                              ; 1                 ; 0       ;
;      - TOP:DUT|dmem:DMEM_INST|mem~1249                                             ; 1                 ; 0       ;
;      - TOP:DUT|dmem:DMEM_INST|mem~225                                              ; 0                 ; 0       ;
;      - TOP:DUT|dmem:DMEM_INST|mem~1761                                             ; 0                 ; 0       ;
;      - TOP:DUT|dmem:DMEM_INST|mem~1121                                             ; 0                 ; 0       ;
;      - TOP:DUT|dmem:DMEM_INST|mem~609                                              ; 0                 ; 0       ;
;      - TOP:DUT|dmem:DMEM_INST|mem~97                                               ; 1                 ; 0       ;
;      - TOP:DUT|dmem:DMEM_INST|mem~1633                                             ; 1                 ; 0       ;
;      - TOP:DUT|dmem:DMEM_INST|mem~993                                              ; 0                 ; 0       ;
;      - TOP:DUT|dmem:DMEM_INST|mem~1505                                             ; 0                 ; 0       ;
;      - TOP:DUT|dmem:DMEM_INST|mem~481                                              ; 1                 ; 0       ;
;      - TOP:DUT|dmem:DMEM_INST|mem~2017                                             ; 0                 ; 0       ;
;      - TOP:DUT|dmem:DMEM_INST|mem~705                                              ; 0                 ; 0       ;
;      - TOP:DUT|dmem:DMEM_INST|mem~1217                                             ; 1                 ; 0       ;
;      - TOP:DUT|dmem:DMEM_INST|mem~193                                              ; 0                 ; 0       ;
;      - TOP:DUT|dmem:DMEM_INST|mem~1729                                             ; 0                 ; 0       ;
;      - TOP:DUT|dmem:DMEM_INST|mem~1345                                             ; 1                 ; 0       ;
;      - TOP:DUT|dmem:DMEM_INST|mem~833                                              ; 1                 ; 0       ;
;      - TOP:DUT|dmem:DMEM_INST|mem~321                                              ; 1                 ; 0       ;
;      - TOP:DUT|dmem:DMEM_INST|mem~1857                                             ; 0                 ; 0       ;
;      - TOP:DUT|dmem:DMEM_INST|mem~1089                                             ; 1                 ; 0       ;
;      - TOP:DUT|dmem:DMEM_INST|mem~577                                              ; 1                 ; 0       ;
;      - TOP:DUT|dmem:DMEM_INST|mem~65                                               ; 1                 ; 0       ;
;      - TOP:DUT|dmem:DMEM_INST|mem~1601                                             ; 0                 ; 0       ;
;      - TOP:DUT|dmem:DMEM_INST|mem~961                                              ; 1                 ; 0       ;
;      - TOP:DUT|dmem:DMEM_INST|mem~1473                                             ; 1                 ; 0       ;
;      - TOP:DUT|dmem:DMEM_INST|mem~449                                              ; 0                 ; 0       ;
;      - TOP:DUT|dmem:DMEM_INST|mem~1985                                             ; 1                 ; 0       ;
;      - TOP:DUT|dmem:DMEM_INST|mem~1441                                             ; 1                 ; 0       ;
;      - TOP:DUT|dmem:DMEM_INST|mem~929                                              ; 0                 ; 0       ;
;      - TOP:DUT|dmem:DMEM_INST|mem~417                                              ; 0                 ; 0       ;
;      - TOP:DUT|dmem:DMEM_INST|mem~1953                                             ; 1                 ; 0       ;
;      - TOP:DUT|dmem:DMEM_INST|mem~801                                              ; 1                 ; 0       ;
;      - TOP:DUT|dmem:DMEM_INST|mem~1313                                             ; 1                 ; 0       ;
;      - TOP:DUT|dmem:DMEM_INST|mem~289                                              ; 0                 ; 0       ;
;      - TOP:DUT|dmem:DMEM_INST|mem~1825                                             ; 1                 ; 0       ;
;      - TOP:DUT|dmem:DMEM_INST|mem~1185                                             ; 1                 ; 0       ;
;      - TOP:DUT|dmem:DMEM_INST|mem~673                                              ; 0                 ; 0       ;
;      - TOP:DUT|dmem:DMEM_INST|mem~161                                              ; 1                 ; 0       ;
;      - TOP:DUT|dmem:DMEM_INST|mem~1697                                             ; 1                 ; 0       ;
;      - TOP:DUT|dmem:DMEM_INST|mem~1057                                             ; 1                 ; 0       ;
;      - TOP:DUT|dmem:DMEM_INST|mem~1569                                             ; 1                 ; 0       ;
;      - TOP:DUT|dmem:DMEM_INST|mem~545                                              ; 0                 ; 0       ;
;      - TOP:DUT|dmem:DMEM_INST|mem~2081                                             ; 1                 ; 0       ;
;      - TOP:DUT|dmem:DMEM_INST|mem~2913                                             ; 0                 ; 0       ;
;      - TOP:DUT|dmem:DMEM_INST|mem~3425                                             ; 1                 ; 0       ;
;      - TOP:DUT|dmem:DMEM_INST|mem~2401                                             ; 1                 ; 0       ;
;      - TOP:DUT|dmem:DMEM_INST|mem~3937                                             ; 0                 ; 0       ;
;      - TOP:DUT|dmem:DMEM_INST|mem~3457                                             ; 0                 ; 0       ;
;      - TOP:DUT|dmem:DMEM_INST|mem~2945                                             ; 0                 ; 0       ;
;      - TOP:DUT|dmem:DMEM_INST|mem~2433                                             ; 1                 ; 0       ;
;      - TOP:DUT|dmem:DMEM_INST|mem~3969                                             ; 1                 ; 0       ;
;      - TOP:DUT|dmem:DMEM_INST|mem~3393                                             ; 1                 ; 0       ;
;      - TOP:DUT|dmem:DMEM_INST|mem~2881                                             ; 1                 ; 0       ;
;      - TOP:DUT|dmem:DMEM_INST|mem~2369                                             ; 0                 ; 0       ;
;      - TOP:DUT|dmem:DMEM_INST|mem~3905                                             ; 0                 ; 0       ;
;      - TOP:DUT|dmem:DMEM_INST|mem~2977                                             ; 0                 ; 0       ;
;      - TOP:DUT|dmem:DMEM_INST|mem~3489                                             ; 1                 ; 0       ;
;      - TOP:DUT|dmem:DMEM_INST|mem~2465                                             ; 0                 ; 0       ;
;      - TOP:DUT|dmem:DMEM_INST|mem~4001                                             ; 0                 ; 0       ;
;      - TOP:DUT|dmem:DMEM_INST|mem~3329                                             ; 1                 ; 0       ;
;      - TOP:DUT|dmem:DMEM_INST|mem~2817                                             ; 0                 ; 0       ;
;      - TOP:DUT|dmem:DMEM_INST|mem~2305                                             ; 1                 ; 0       ;
;      - TOP:DUT|dmem:DMEM_INST|mem~3841                                             ; 1                 ; 0       ;
;      - TOP:DUT|dmem:DMEM_INST|mem~2785                                             ; 1                 ; 0       ;
;      - TOP:DUT|dmem:DMEM_INST|mem~3297                                             ; 1                 ; 0       ;
;      - TOP:DUT|dmem:DMEM_INST|mem~2273                                             ; 1                 ; 0       ;
;      - TOP:DUT|dmem:DMEM_INST|mem~3809                                             ; 1                 ; 0       ;
;      - TOP:DUT|dmem:DMEM_INST|mem~3265                                             ; 0                 ; 0       ;
;      - TOP:DUT|dmem:DMEM_INST|mem~2753                                             ; 1                 ; 0       ;
;      - TOP:DUT|dmem:DMEM_INST|mem~2241                                             ; 0                 ; 0       ;
;      - TOP:DUT|dmem:DMEM_INST|mem~3777                                             ; 1                 ; 0       ;
;      - TOP:DUT|dmem:DMEM_INST|mem~2849                                             ; 0                 ; 0       ;
;      - TOP:DUT|dmem:DMEM_INST|mem~3361                                             ; 0                 ; 0       ;
;      - TOP:DUT|dmem:DMEM_INST|mem~2337                                             ; 0                 ; 0       ;
;      - TOP:DUT|dmem:DMEM_INST|mem~3873                                             ; 0                 ; 0       ;
;      - TOP:DUT|dmem:DMEM_INST|mem~2657                                             ; 1                 ; 0       ;
;      - TOP:DUT|dmem:DMEM_INST|mem~3169                                             ; 1                 ; 0       ;
;      - TOP:DUT|dmem:DMEM_INST|mem~2145                                             ; 0                 ; 0       ;
;      - TOP:DUT|dmem:DMEM_INST|mem~3681                                             ; 1                 ; 0       ;
;      - TOP:DUT|dmem:DMEM_INST|mem~3201                                             ; 0                 ; 0       ;
;      - TOP:DUT|dmem:DMEM_INST|mem~2689                                             ; 0                 ; 0       ;
;      - TOP:DUT|dmem:DMEM_INST|mem~2177                                             ; 0                 ; 0       ;
;      - TOP:DUT|dmem:DMEM_INST|mem~3713                                             ; 0                 ; 0       ;
;      - TOP:DUT|dmem:DMEM_INST|mem~3137                                             ; 1                 ; 0       ;
;      - TOP:DUT|dmem:DMEM_INST|mem~2625                                             ; 1                 ; 0       ;
;      - TOP:DUT|dmem:DMEM_INST|mem~2113                                             ; 1                 ; 0       ;
;      - TOP:DUT|dmem:DMEM_INST|mem~3649                                             ; 1                 ; 0       ;
;      - TOP:DUT|dmem:DMEM_INST|mem~2721                                             ; 0                 ; 0       ;
;      - TOP:DUT|dmem:DMEM_INST|mem~3233                                             ; 1                 ; 0       ;
;      - TOP:DUT|dmem:DMEM_INST|mem~2209                                             ; 1                 ; 0       ;
;      - TOP:DUT|dmem:DMEM_INST|mem~3745                                             ; 0                 ; 0       ;
;      - TOP:DUT|dmem:DMEM_INST|mem~3585                                             ; 0                 ; 0       ;
;      - TOP:DUT|dmem:DMEM_INST|mem~3073                                             ; 1                 ; 0       ;
;      - TOP:DUT|dmem:DMEM_INST|mem~2561                                             ; 1                 ; 0       ;
;      - TOP:DUT|dmem:DMEM_INST|mem~4097                                             ; 0                 ; 0       ;
;      - TOP:DUT|dmem:DMEM_INST|mem~3041                                             ; 1                 ; 0       ;
;      - TOP:DUT|dmem:DMEM_INST|mem~3553                                             ; 0                 ; 0       ;
;      - TOP:DUT|dmem:DMEM_INST|mem~2529                                             ; 0                 ; 0       ;
;      - TOP:DUT|dmem:DMEM_INST|mem~4065                                             ; 1                 ; 0       ;
;      - TOP:DUT|dmem:DMEM_INST|mem~3521                                             ; 0                 ; 0       ;
;      - TOP:DUT|dmem:DMEM_INST|mem~3009                                             ; 1                 ; 0       ;
;      - TOP:DUT|dmem:DMEM_INST|mem~2497                                             ; 0                 ; 0       ;
;      - TOP:DUT|dmem:DMEM_INST|mem~4033                                             ; 0                 ; 0       ;
;      - TOP:DUT|dmem:DMEM_INST|mem~3105                                             ; 1                 ; 0       ;
;      - TOP:DUT|dmem:DMEM_INST|mem~3617                                             ; 0                 ; 0       ;
;      - TOP:DUT|dmem:DMEM_INST|mem~2593                                             ; 1                 ; 0       ;
;      - TOP:DUT|dmem:DMEM_INST|mem~4129                                             ; 0                 ; 0       ;
;      - TOP:DUT|dmem:DMEM_INST|mem~1280                                             ; 1                 ; 0       ;
;      - TOP:DUT|dmem:DMEM_INST|mem~768                                              ; 0                 ; 0       ;
;      - TOP:DUT|dmem:DMEM_INST|mem~256                                              ; 1                 ; 0       ;
;      - TOP:DUT|dmem:DMEM_INST|mem~1792                                             ; 1                 ; 0       ;
;      - TOP:DUT|dmem:DMEM_INST|mem~736                                              ; 1                 ; 0       ;
;      - TOP:DUT|dmem:DMEM_INST|mem~1248                                             ; 1                 ; 0       ;
;      - TOP:DUT|dmem:DMEM_INST|mem~224                                              ; 0                 ; 0       ;
;      - TOP:DUT|dmem:DMEM_INST|mem~1760                                             ; 0                 ; 0       ;
;      - TOP:DUT|dmem:DMEM_INST|mem~1216                                             ; 1                 ; 0       ;
;      - TOP:DUT|dmem:DMEM_INST|mem~704                                              ; 0                 ; 0       ;
;      - TOP:DUT|dmem:DMEM_INST|mem~192                                              ; 0                 ; 0       ;
;      - TOP:DUT|dmem:DMEM_INST|mem~1728                                             ; 0                 ; 0       ;
;      - TOP:DUT|dmem:DMEM_INST|mem~800                                              ; 0                 ; 0       ;
;      - TOP:DUT|dmem:DMEM_INST|mem~1312                                             ; 1                 ; 0       ;
;      - TOP:DUT|dmem:DMEM_INST|mem~288                                              ; 0                 ; 0       ;
;      - TOP:DUT|dmem:DMEM_INST|mem~1824                                             ; 1                 ; 0       ;
;      - TOP:DUT|dmem:DMEM_INST|mem~864                                              ; 0                 ; 0       ;
;      - TOP:DUT|dmem:DMEM_INST|mem~1376                                             ; 1                 ; 0       ;
;      - TOP:DUT|dmem:DMEM_INST|mem~352                                              ; 1                 ; 0       ;
;      - TOP:DUT|dmem:DMEM_INST|mem~1888                                             ; 0                 ; 0       ;
;      - TOP:DUT|dmem:DMEM_INST|mem~1408                                             ; 1                 ; 0       ;
;      - TOP:DUT|dmem:DMEM_INST|mem~896                                              ; 1                 ; 0       ;
;      - TOP:DUT|dmem:DMEM_INST|mem~384                                              ; 0                 ; 0       ;
;      - TOP:DUT|dmem:DMEM_INST|mem~1920                                             ; 0                 ; 0       ;
;      - TOP:DUT|dmem:DMEM_INST|mem~1344                                             ; 0                 ; 0       ;
;      - TOP:DUT|dmem:DMEM_INST|mem~832                                              ; 1                 ; 0       ;
;      - TOP:DUT|dmem:DMEM_INST|mem~320                                              ; 1                 ; 0       ;
;      - TOP:DUT|dmem:DMEM_INST|mem~1856                                             ; 0                 ; 0       ;
;      - TOP:DUT|dmem:DMEM_INST|mem~928                                              ; 0                 ; 0       ;
;      - TOP:DUT|dmem:DMEM_INST|mem~1440                                             ; 1                 ; 0       ;
;      - TOP:DUT|dmem:DMEM_INST|mem~416                                              ; 0                 ; 0       ;
;      - TOP:DUT|dmem:DMEM_INST|mem~1952                                             ; 0                 ; 0       ;
;      - TOP:DUT|dmem:DMEM_INST|mem~608                                              ; 0                 ; 0       ;
;      - TOP:DUT|dmem:DMEM_INST|mem~1120                                             ; 0                 ; 0       ;
;      - TOP:DUT|dmem:DMEM_INST|mem~96                                               ; 1                 ; 0       ;
;      - TOP:DUT|dmem:DMEM_INST|mem~1632                                             ; 1                 ; 0       ;
;      - TOP:DUT|dmem:DMEM_INST|mem~1152                                             ; 0                 ; 0       ;
;      - TOP:DUT|dmem:DMEM_INST|mem~640                                              ; 0                 ; 0       ;
;      - TOP:DUT|dmem:DMEM_INST|mem~128                                              ; 1                 ; 0       ;
;      - TOP:DUT|dmem:DMEM_INST|mem~1664                                             ; 1                 ; 0       ;
;      - TOP:DUT|dmem:DMEM_INST|mem~1088                                             ; 1                 ; 0       ;
;      - TOP:DUT|dmem:DMEM_INST|mem~576                                              ; 1                 ; 0       ;
;      - TOP:DUT|dmem:DMEM_INST|mem~64                                               ; 1                 ; 0       ;
;      - TOP:DUT|dmem:DMEM_INST|mem~1600                                             ; 1                 ; 0       ;
;      - TOP:DUT|dmem:DMEM_INST|mem~672                                              ; 0                 ; 0       ;
;      - TOP:DUT|dmem:DMEM_INST|mem~1184                                             ; 1                 ; 0       ;
;      - TOP:DUT|dmem:DMEM_INST|mem~160                                              ; 1                 ; 0       ;
;      - TOP:DUT|dmem:DMEM_INST|mem~1696                                             ; 1                 ; 0       ;
;      - TOP:DUT|dmem:DMEM_INST|mem~1536                                             ; 1                 ; 0       ;
;      - TOP:DUT|dmem:DMEM_INST|mem~1024                                             ; 0                 ; 0       ;
;      - TOP:DUT|dmem:DMEM_INST|mem~512                                              ; 0                 ; 0       ;
;      - TOP:DUT|dmem:DMEM_INST|mem~2048                                             ; 1                 ; 0       ;
;      - TOP:DUT|dmem:DMEM_INST|mem~992                                              ; 0                 ; 0       ;
;      - TOP:DUT|dmem:DMEM_INST|mem~1504                                             ; 1                 ; 0       ;
;      - TOP:DUT|dmem:DMEM_INST|mem~480                                              ; 1                 ; 0       ;
;      - TOP:DUT|dmem:DMEM_INST|mem~2016                                             ; 0                 ; 0       ;
;      - TOP:DUT|dmem:DMEM_INST|mem~1472                                             ; 1                 ; 0       ;
;      - TOP:DUT|dmem:DMEM_INST|mem~960                                              ; 0                 ; 0       ;
;      - TOP:DUT|dmem:DMEM_INST|mem~448                                              ; 0                 ; 0       ;
;      - TOP:DUT|dmem:DMEM_INST|mem~1984                                             ; 1                 ; 0       ;
;      - TOP:DUT|dmem:DMEM_INST|mem~1056                                             ; 1                 ; 0       ;
;      - TOP:DUT|dmem:DMEM_INST|mem~1568                                             ; 1                 ; 0       ;
;      - TOP:DUT|dmem:DMEM_INST|mem~544                                              ; 0                 ; 0       ;
;      - TOP:DUT|dmem:DMEM_INST|mem~2080                                             ; 1                 ; 0       ;
;      - TOP:DUT|dmem:DMEM_INST|mem~2784                                             ; 0                 ; 0       ;
;      - TOP:DUT|dmem:DMEM_INST|mem~2912                                             ; 0                 ; 0       ;
;      - TOP:DUT|dmem:DMEM_INST|mem~2656                                             ; 0                 ; 0       ;
;      - TOP:DUT|dmem:DMEM_INST|mem~3040                                             ; 0                 ; 0       ;
;      - TOP:DUT|dmem:DMEM_INST|mem~2944                                             ; 0                 ; 0       ;
;      - TOP:DUT|dmem:DMEM_INST|mem~2816                                             ; 0                 ; 0       ;
;      - TOP:DUT|dmem:DMEM_INST|mem~2688                                             ; 1                 ; 0       ;
;      - TOP:DUT|dmem:DMEM_INST|mem~3072                                             ; 0                 ; 0       ;
;      - TOP:DUT|dmem:DMEM_INST|mem~2880                                             ; 1                 ; 0       ;
;      - TOP:DUT|dmem:DMEM_INST|mem~2752                                             ; 1                 ; 0       ;
;      - TOP:DUT|dmem:DMEM_INST|mem~2624                                             ; 1                 ; 0       ;
;      - TOP:DUT|dmem:DMEM_INST|mem~3008                                             ; 1                 ; 0       ;
;      - TOP:DUT|dmem:DMEM_INST|mem~2848                                             ; 1                 ; 0       ;
;      - TOP:DUT|dmem:DMEM_INST|mem~2976                                             ; 1                 ; 0       ;
;      - TOP:DUT|dmem:DMEM_INST|mem~2720                                             ; 1                 ; 0       ;
;      - TOP:DUT|dmem:DMEM_INST|mem~3104                                             ; 1                 ; 0       ;
;      - TOP:DUT|dmem:DMEM_INST|mem~3456                                             ; 0                 ; 0       ;
;      - TOP:DUT|dmem:DMEM_INST|mem~3424                                             ; 0                 ; 0       ;
;      - TOP:DUT|dmem:DMEM_INST|mem~3392                                             ; 0                 ; 0       ;
;      - TOP:DUT|dmem:DMEM_INST|mem~3488                                             ; 0                 ; 0       ;
;      - TOP:DUT|dmem:DMEM_INST|mem~3296                                             ; 1                 ; 0       ;
;      - TOP:DUT|dmem:DMEM_INST|mem~3328                                             ; 0                 ; 0       ;
;      - TOP:DUT|dmem:DMEM_INST|mem~3264                                             ; 1                 ; 0       ;
;      - TOP:DUT|dmem:DMEM_INST|mem~3360                                             ; 1                 ; 0       ;
;      - TOP:DUT|dmem:DMEM_INST|mem~3200                                             ; 1                 ; 0       ;
;      - TOP:DUT|dmem:DMEM_INST|mem~3168                                             ; 1                 ; 0       ;
;      - TOP:DUT|dmem:DMEM_INST|mem~3136                                             ; 0                 ; 0       ;
;      - TOP:DUT|dmem:DMEM_INST|mem~3232                                             ; 0                 ; 0       ;
;      - TOP:DUT|dmem:DMEM_INST|mem~3552                                             ; 0                 ; 0       ;
;      - TOP:DUT|dmem:DMEM_INST|mem~3584                                             ; 1                 ; 0       ;
;      - TOP:DUT|dmem:DMEM_INST|mem~3520                                             ; 0                 ; 0       ;
;      - TOP:DUT|dmem:DMEM_INST|mem~3616                                             ; 0                 ; 0       ;
;      - TOP:DUT|dmem:DMEM_INST|mem~2304                                             ; 0                 ; 0       ;
;      - TOP:DUT|dmem:DMEM_INST|mem~2272                                             ; 0                 ; 0       ;
;      - TOP:DUT|dmem:DMEM_INST|mem~2240                                             ; 1                 ; 0       ;
;      - TOP:DUT|dmem:DMEM_INST|mem~2336                                             ; 1                 ; 0       ;
;      - TOP:DUT|dmem:DMEM_INST|mem~2400                                             ; 0                 ; 0       ;
;      - TOP:DUT|dmem:DMEM_INST|mem~2432                                             ; 0                 ; 0       ;
;      - TOP:DUT|dmem:DMEM_INST|mem~2368                                             ; 0                 ; 0       ;
;      - TOP:DUT|dmem:DMEM_INST|mem~2464                                             ; 0                 ; 0       ;
;      - TOP:DUT|dmem:DMEM_INST|mem~2144                                             ; 0                 ; 0       ;
;      - TOP:DUT|dmem:DMEM_INST|mem~2176                                             ; 0                 ; 0       ;
;      - TOP:DUT|dmem:DMEM_INST|mem~2112                                             ; 0                 ; 0       ;
;      - TOP:DUT|dmem:DMEM_INST|mem~2208                                             ; 0                 ; 0       ;
;      - TOP:DUT|dmem:DMEM_INST|mem~2560                                             ; 0                 ; 0       ;
;      - TOP:DUT|dmem:DMEM_INST|mem~2528                                             ; 0                 ; 0       ;
;      - TOP:DUT|dmem:DMEM_INST|mem~2496                                             ; 1                 ; 0       ;
;      - TOP:DUT|dmem:DMEM_INST|mem~2592                                             ; 1                 ; 0       ;
;      - TOP:DUT|dmem:DMEM_INST|mem~3840                                             ; 1                 ; 0       ;
;      - TOP:DUT|dmem:DMEM_INST|mem~3968                                             ; 0                 ; 0       ;
;      - TOP:DUT|dmem:DMEM_INST|mem~3712                                             ; 1                 ; 0       ;
;      - TOP:DUT|dmem:DMEM_INST|mem~4096                                             ; 1                 ; 0       ;
;      - TOP:DUT|dmem:DMEM_INST|mem~3936                                             ; 1                 ; 0       ;
;      - TOP:DUT|dmem:DMEM_INST|mem~3808                                             ; 1                 ; 0       ;
;      - TOP:DUT|dmem:DMEM_INST|mem~3680                                             ; 1                 ; 0       ;
;      - TOP:DUT|dmem:DMEM_INST|mem~4064                                             ; 1                 ; 0       ;
;      - TOP:DUT|dmem:DMEM_INST|mem~3776                                             ; 0                 ; 0       ;
;      - TOP:DUT|dmem:DMEM_INST|mem~3904                                             ; 0                 ; 0       ;
;      - TOP:DUT|dmem:DMEM_INST|mem~3648                                             ; 1                 ; 0       ;
;      - TOP:DUT|dmem:DMEM_INST|mem~4032                                             ; 0                 ; 0       ;
;      - TOP:DUT|dmem:DMEM_INST|mem~4000                                             ; 0                 ; 0       ;
;      - TOP:DUT|dmem:DMEM_INST|mem~3872                                             ; 0                 ; 0       ;
;      - TOP:DUT|dmem:DMEM_INST|mem~3744                                             ; 0                 ; 0       ;
;      - TOP:DUT|dmem:DMEM_INST|mem~4128                                             ; 0                 ; 0       ;
;      - TOP:DUT|dmem:DMEM_INST|mem~3423                                             ; 1                 ; 0       ;
;      - TOP:DUT|dmem:DMEM_INST|mem~2911                                             ; 0                 ; 0       ;
;      - TOP:DUT|dmem:DMEM_INST|mem~2399                                             ; 1                 ; 0       ;
;      - TOP:DUT|dmem:DMEM_INST|mem~3935                                             ; 0                 ; 0       ;
;      - TOP:DUT|dmem:DMEM_INST|mem~2783                                             ; 1                 ; 0       ;
;      - TOP:DUT|dmem:DMEM_INST|mem~3295                                             ; 1                 ; 0       ;
;      - TOP:DUT|dmem:DMEM_INST|mem~2271                                             ; 1                 ; 0       ;
;      - TOP:DUT|dmem:DMEM_INST|mem~3807                                             ; 1                 ; 0       ;
;      - TOP:DUT|dmem:DMEM_INST|mem~3167                                             ; 1                 ; 0       ;
;      - TOP:DUT|dmem:DMEM_INST|mem~2655                                             ; 1                 ; 0       ;
;      - TOP:DUT|dmem:DMEM_INST|mem~2143                                             ; 0                 ; 0       ;
;      - TOP:DUT|dmem:DMEM_INST|mem~3679                                             ; 0                 ; 0       ;
;      - TOP:DUT|dmem:DMEM_INST|mem~3039                                             ; 1                 ; 0       ;
;      - TOP:DUT|dmem:DMEM_INST|mem~3551                                             ; 0                 ; 0       ;
;      - TOP:DUT|dmem:DMEM_INST|mem~2527                                             ; 0                 ; 0       ;
;      - TOP:DUT|dmem:DMEM_INST|mem~4063                                             ; 0                 ; 0       ;
;      - TOP:DUT|dmem:DMEM_INST|mem~2815                                             ; 1                 ; 0       ;
;      - TOP:DUT|dmem:DMEM_INST|mem~3327                                             ; 1                 ; 0       ;
;      - TOP:DUT|dmem:DMEM_INST|mem~2303                                             ; 1                 ; 0       ;
;      - TOP:DUT|dmem:DMEM_INST|mem~3839                                             ; 1                 ; 0       ;
;      - TOP:DUT|dmem:DMEM_INST|mem~3455                                             ; 1                 ; 0       ;
;      - TOP:DUT|dmem:DMEM_INST|mem~2943                                             ; 0                 ; 0       ;
;      - TOP:DUT|dmem:DMEM_INST|mem~2431                                             ; 1                 ; 0       ;
;      - TOP:DUT|dmem:DMEM_INST|mem~3967                                             ; 1                 ; 0       ;
;      - TOP:DUT|dmem:DMEM_INST|mem~3199                                             ; 0                 ; 0       ;
;      - TOP:DUT|dmem:DMEM_INST|mem~2687                                             ; 0                 ; 0       ;
;      - TOP:DUT|dmem:DMEM_INST|mem~2175                                             ; 0                 ; 0       ;
;      - TOP:DUT|dmem:DMEM_INST|mem~3711                                             ; 0                 ; 0       ;
;      - TOP:DUT|dmem:DMEM_INST|mem~3071                                             ; 1                 ; 0       ;
;      - TOP:DUT|dmem:DMEM_INST|mem~3583                                             ; 1                 ; 0       ;
;      - TOP:DUT|dmem:DMEM_INST|mem~2559                                             ; 1                 ; 0       ;
;      - TOP:DUT|dmem:DMEM_INST|mem~4095                                             ; 1                 ; 0       ;
;      - TOP:DUT|dmem:DMEM_INST|mem~2751                                             ; 0                 ; 0       ;
;      - TOP:DUT|dmem:DMEM_INST|mem~3263                                             ; 0                 ; 0       ;
;      - TOP:DUT|dmem:DMEM_INST|mem~2239                                             ; 0                 ; 0       ;
;      - TOP:DUT|dmem:DMEM_INST|mem~3775                                             ; 0                 ; 0       ;
;      - TOP:DUT|dmem:DMEM_INST|mem~3391                                             ; 1                 ; 0       ;
;      - TOP:DUT|dmem:DMEM_INST|mem~2879                                             ; 1                 ; 0       ;
;      - TOP:DUT|dmem:DMEM_INST|mem~2367                                             ; 0                 ; 0       ;
;      - TOP:DUT|dmem:DMEM_INST|mem~3903                                             ; 0                 ; 0       ;
;      - TOP:DUT|dmem:DMEM_INST|mem~3135                                             ; 0                 ; 0       ;
;      - TOP:DUT|dmem:DMEM_INST|mem~2623                                             ; 0                 ; 0       ;
;      - TOP:DUT|dmem:DMEM_INST|mem~2111                                             ; 1                 ; 0       ;
;      - TOP:DUT|dmem:DMEM_INST|mem~3647                                             ; 0                 ; 0       ;
;      - TOP:DUT|dmem:DMEM_INST|mem~3007                                             ; 1                 ; 0       ;
;      - TOP:DUT|dmem:DMEM_INST|mem~3519                                             ; 0                 ; 0       ;
;      - TOP:DUT|dmem:DMEM_INST|mem~2495                                             ; 0                 ; 0       ;
;      - TOP:DUT|dmem:DMEM_INST|mem~4031                                             ; 0                 ; 0       ;
;      - TOP:DUT|dmem:DMEM_INST|mem~3487                                             ; 0                 ; 0       ;
;      - TOP:DUT|dmem:DMEM_INST|mem~2975                                             ; 0                 ; 0       ;
;      - TOP:DUT|dmem:DMEM_INST|mem~2463                                             ; 0                 ; 0       ;
;      - TOP:DUT|dmem:DMEM_INST|mem~3999                                             ; 0                 ; 0       ;
;      - TOP:DUT|dmem:DMEM_INST|mem~2847                                             ; 0                 ; 0       ;
;      - TOP:DUT|dmem:DMEM_INST|mem~3359                                             ; 0                 ; 0       ;
;      - TOP:DUT|dmem:DMEM_INST|mem~2335                                             ; 0                 ; 0       ;
;      - TOP:DUT|dmem:DMEM_INST|mem~3871                                             ; 1                 ; 0       ;
;      - TOP:DUT|dmem:DMEM_INST|mem~3231                                             ; 1                 ; 0       ;
;      - TOP:DUT|dmem:DMEM_INST|mem~2719                                             ; 0                 ; 0       ;
;      - TOP:DUT|dmem:DMEM_INST|mem~2207                                             ; 0                 ; 0       ;
;      - TOP:DUT|dmem:DMEM_INST|mem~3743                                             ; 1                 ; 0       ;
;      - TOP:DUT|dmem:DMEM_INST|mem~3103                                             ; 0                 ; 0       ;
;      - TOP:DUT|dmem:DMEM_INST|mem~3615                                             ; 0                 ; 0       ;
;      - TOP:DUT|dmem:DMEM_INST|mem~2591                                             ; 1                 ; 0       ;
;      - TOP:DUT|dmem:DMEM_INST|mem~4127                                             ; 0                 ; 0       ;
;      - TOP:DUT|dmem:DMEM_INST|mem~1407                                             ; 0                 ; 0       ;
;      - TOP:DUT|dmem:DMEM_INST|mem~1375                                             ; 0                 ; 0       ;
;      - TOP:DUT|dmem:DMEM_INST|mem~1343                                             ; 0                 ; 0       ;
;      - TOP:DUT|dmem:DMEM_INST|mem~1439                                             ; 1                 ; 0       ;
;      - TOP:DUT|dmem:DMEM_INST|mem~1247                                             ; 0                 ; 0       ;
;      - TOP:DUT|dmem:DMEM_INST|mem~1279                                             ; 0                 ; 0       ;
;      - TOP:DUT|dmem:DMEM_INST|mem~1215                                             ; 0                 ; 0       ;
;      - TOP:DUT|dmem:DMEM_INST|mem~1311                                             ; 1                 ; 0       ;
;      - TOP:DUT|dmem:DMEM_INST|mem~1151                                             ; 0                 ; 0       ;
;      - TOP:DUT|dmem:DMEM_INST|mem~1119                                             ; 1                 ; 0       ;
;      - TOP:DUT|dmem:DMEM_INST|mem~1087                                             ; 0                 ; 0       ;
;      - TOP:DUT|dmem:DMEM_INST|mem~1183                                             ; 1                 ; 0       ;
;      - TOP:DUT|dmem:DMEM_INST|mem~1503                                             ; 1                 ; 0       ;
;      - TOP:DUT|dmem:DMEM_INST|mem~1535                                             ; 0                 ; 0       ;
;      - TOP:DUT|dmem:DMEM_INST|mem~1471                                             ; 0                 ; 0       ;
;      - TOP:DUT|dmem:DMEM_INST|mem~1567                                             ; 1                 ; 0       ;
;      - TOP:DUT|dmem:DMEM_INST|mem~735                                              ; 1                 ; 0       ;
;      - TOP:DUT|dmem:DMEM_INST|mem~863                                              ; 0                 ; 0       ;
;      - TOP:DUT|dmem:DMEM_INST|mem~607                                              ; 0                 ; 0       ;
;      - TOP:DUT|dmem:DMEM_INST|mem~991                                              ; 0                 ; 0       ;
;      - TOP:DUT|dmem:DMEM_INST|mem~895                                              ; 0                 ; 0       ;
;      - TOP:DUT|dmem:DMEM_INST|mem~767                                              ; 1                 ; 0       ;
;      - TOP:DUT|dmem:DMEM_INST|mem~639                                              ; 1                 ; 0       ;
;      - TOP:DUT|dmem:DMEM_INST|mem~1023                                             ; 0                 ; 0       ;
;      - TOP:DUT|dmem:DMEM_INST|mem~831                                              ; 0                 ; 0       ;
;      - TOP:DUT|dmem:DMEM_INST|mem~703                                              ; 1                 ; 0       ;
;      - TOP:DUT|dmem:DMEM_INST|mem~575                                              ; 0                 ; 0       ;
;      - TOP:DUT|dmem:DMEM_INST|mem~959                                              ; 1                 ; 0       ;
;      - TOP:DUT|dmem:DMEM_INST|mem~799                                              ; 0                 ; 0       ;
;      - TOP:DUT|dmem:DMEM_INST|mem~927                                              ; 1                 ; 0       ;
;      - TOP:DUT|dmem:DMEM_INST|mem~671                                              ; 0                 ; 0       ;
;      - TOP:DUT|dmem:DMEM_INST|mem~1055                                             ; 1                 ; 0       ;
;      - TOP:DUT|dmem:DMEM_INST|mem~255                                              ; 0                 ; 0       ;
;      - TOP:DUT|dmem:DMEM_INST|mem~223                                              ; 0                 ; 0       ;
;      - TOP:DUT|dmem:DMEM_INST|mem~191                                              ; 0                 ; 0       ;
;      - TOP:DUT|dmem:DMEM_INST|mem~287                                              ; 0                 ; 0       ;
;      - TOP:DUT|dmem:DMEM_INST|mem~351                                              ; 0                 ; 0       ;
;      - TOP:DUT|dmem:DMEM_INST|mem~383                                              ; 0                 ; 0       ;
;      - TOP:DUT|dmem:DMEM_INST|mem~319                                              ; 0                 ; 0       ;
;      - TOP:DUT|dmem:DMEM_INST|mem~415                                              ; 0                 ; 0       ;
;      - TOP:DUT|dmem:DMEM_INST|mem~95                                               ; 0                 ; 0       ;
;      - TOP:DUT|dmem:DMEM_INST|mem~127                                              ; 1                 ; 0       ;
;      - TOP:DUT|dmem:DMEM_INST|mem~63                                               ; 0                 ; 0       ;
;      - TOP:DUT|dmem:DMEM_INST|mem~159                                              ; 0                 ; 0       ;
;      - TOP:DUT|dmem:DMEM_INST|mem~511                                              ; 0                 ; 0       ;
;      - TOP:DUT|dmem:DMEM_INST|mem~479                                              ; 1                 ; 0       ;
;      - TOP:DUT|dmem:DMEM_INST|mem~447                                              ; 0                 ; 0       ;
;      - TOP:DUT|dmem:DMEM_INST|mem~543                                              ; 1                 ; 0       ;
;      - TOP:DUT|dmem:DMEM_INST|mem~1791                                             ; 0                 ; 0       ;
;      - TOP:DUT|dmem:DMEM_INST|mem~1919                                             ; 1                 ; 0       ;
;      - TOP:DUT|dmem:DMEM_INST|mem~1663                                             ; 0                 ; 0       ;
;      - TOP:DUT|dmem:DMEM_INST|mem~2047                                             ; 1                 ; 0       ;
;      - TOP:DUT|dmem:DMEM_INST|mem~1887                                             ; 0                 ; 0       ;
;      - TOP:DUT|dmem:DMEM_INST|mem~1759                                             ; 1                 ; 0       ;
;      - TOP:DUT|dmem:DMEM_INST|mem~1631                                             ; 1                 ; 0       ;
;      - TOP:DUT|dmem:DMEM_INST|mem~2015                                             ; 0                 ; 0       ;
;      - TOP:DUT|dmem:DMEM_INST|mem~1727                                             ; 0                 ; 0       ;
;      - TOP:DUT|dmem:DMEM_INST|mem~1855                                             ; 0                 ; 0       ;
;      - TOP:DUT|dmem:DMEM_INST|mem~1599                                             ; 1                 ; 0       ;
;      - TOP:DUT|dmem:DMEM_INST|mem~1983                                             ; 0                 ; 0       ;
;      - TOP:DUT|dmem:DMEM_INST|mem~1951                                             ; 0                 ; 0       ;
;      - TOP:DUT|dmem:DMEM_INST|mem~1823                                             ; 1                 ; 0       ;
;      - TOP:DUT|dmem:DMEM_INST|mem~1695                                             ; 1                 ; 0       ;
;      - TOP:DUT|dmem:DMEM_INST|mem~2079                                             ; 0                 ; 0       ;
;      - TOP:DUT|dmem:DMEM_INST|mem~766                                              ; 1                 ; 0       ;
;      - TOP:DUT|dmem:DMEM_INST|mem~1278                                             ; 1                 ; 0       ;
;      - TOP:DUT|dmem:DMEM_INST|mem~254                                              ; 1                 ; 0       ;
;      - TOP:DUT|dmem:DMEM_INST|mem~1790                                             ; 1                 ; 0       ;
;      - TOP:DUT|dmem:DMEM_INST|mem~1406                                             ; 1                 ; 0       ;
;      - TOP:DUT|dmem:DMEM_INST|mem~894                                              ; 0                 ; 0       ;
;      - TOP:DUT|dmem:DMEM_INST|mem~382                                              ; 0                 ; 0       ;
;      - TOP:DUT|dmem:DMEM_INST|mem~1918                                             ; 0                 ; 0       ;
;      - TOP:DUT|dmem:DMEM_INST|mem~1150                                             ; 0                 ; 0       ;
;      - TOP:DUT|dmem:DMEM_INST|mem~638                                              ; 1                 ; 0       ;
;      - TOP:DUT|dmem:DMEM_INST|mem~126                                              ; 1                 ; 0       ;
;      - TOP:DUT|dmem:DMEM_INST|mem~1662                                             ; 1                 ; 0       ;
;      - TOP:DUT|dmem:DMEM_INST|mem~1022                                             ; 0                 ; 0       ;
;      - TOP:DUT|dmem:DMEM_INST|mem~1534                                             ; 0                 ; 0       ;
;      - TOP:DUT|dmem:DMEM_INST|mem~510                                              ; 0                 ; 0       ;
;      - TOP:DUT|dmem:DMEM_INST|mem~2046                                             ; 0                 ; 0       ;
;      - TOP:DUT|dmem:DMEM_INST|mem~1374                                             ; 1                 ; 0       ;
;      - TOP:DUT|dmem:DMEM_INST|mem~862                                              ; 0                 ; 0       ;
;      - TOP:DUT|dmem:DMEM_INST|mem~350                                              ; 1                 ; 0       ;
;      - TOP:DUT|dmem:DMEM_INST|mem~1886                                             ; 0                 ; 0       ;
;      - TOP:DUT|dmem:DMEM_INST|mem~734                                              ; 1                 ; 0       ;
;      - TOP:DUT|dmem:DMEM_INST|mem~1246                                             ; 0                 ; 0       ;
;      - TOP:DUT|dmem:DMEM_INST|mem~222                                              ; 0                 ; 0       ;
;      - TOP:DUT|dmem:DMEM_INST|mem~1758                                             ; 0                 ; 0       ;
;      - TOP:DUT|dmem:DMEM_INST|mem~1118                                             ; 1                 ; 0       ;
;      - TOP:DUT|dmem:DMEM_INST|mem~606                                              ; 0                 ; 0       ;
;      - TOP:DUT|dmem:DMEM_INST|mem~94                                               ; 1                 ; 0       ;
;      - TOP:DUT|dmem:DMEM_INST|mem~1630                                             ; 1                 ; 0       ;
;      - TOP:DUT|dmem:DMEM_INST|mem~990                                              ; 1                 ; 0       ;
;      - TOP:DUT|dmem:DMEM_INST|mem~1502                                             ; 0                 ; 0       ;
;      - TOP:DUT|dmem:DMEM_INST|mem~478                                              ; 1                 ; 0       ;
;      - TOP:DUT|dmem:DMEM_INST|mem~2014                                             ; 0                 ; 0       ;
;      - TOP:DUT|dmem:DMEM_INST|mem~702                                              ; 0                 ; 0       ;
;      - TOP:DUT|dmem:DMEM_INST|mem~1214                                             ; 0                 ; 0       ;
;      - TOP:DUT|dmem:DMEM_INST|mem~190                                              ; 0                 ; 0       ;
;      - TOP:DUT|dmem:DMEM_INST|mem~1726                                             ; 0                 ; 0       ;
;      - TOP:DUT|dmem:DMEM_INST|mem~1342                                             ; 0                 ; 0       ;
;      - TOP:DUT|dmem:DMEM_INST|mem~830                                              ; 1                 ; 0       ;
;      - TOP:DUT|dmem:DMEM_INST|mem~318                                              ; 1                 ; 0       ;
;      - TOP:DUT|dmem:DMEM_INST|mem~1854                                             ; 0                 ; 0       ;
;      - TOP:DUT|dmem:DMEM_INST|mem~1086                                             ; 1                 ; 0       ;
;      - TOP:DUT|dmem:DMEM_INST|mem~574                                              ; 1                 ; 0       ;
;      - TOP:DUT|dmem:DMEM_INST|mem~62                                               ; 1                 ; 0       ;
;      - TOP:DUT|dmem:DMEM_INST|mem~1598                                             ; 1                 ; 0       ;
;      - TOP:DUT|dmem:DMEM_INST|mem~958                                              ; 0                 ; 0       ;
;      - TOP:DUT|dmem:DMEM_INST|mem~1470                                             ; 0                 ; 0       ;
;      - TOP:DUT|dmem:DMEM_INST|mem~446                                              ; 0                 ; 0       ;
;      - TOP:DUT|dmem:DMEM_INST|mem~1982                                             ; 1                 ; 0       ;
;      - TOP:DUT|dmem:DMEM_INST|mem~1438                                             ; 0                 ; 0       ;
;      - TOP:DUT|dmem:DMEM_INST|mem~926                                              ; 0                 ; 0       ;
;      - TOP:DUT|dmem:DMEM_INST|mem~414                                              ; 1                 ; 0       ;
;      - TOP:DUT|dmem:DMEM_INST|mem~1950                                             ; 1                 ; 0       ;
;      - TOP:DUT|dmem:DMEM_INST|mem~798                                              ; 0                 ; 0       ;
;      - TOP:DUT|dmem:DMEM_INST|mem~1310                                             ; 1                 ; 0       ;
;      - TOP:DUT|dmem:DMEM_INST|mem~286                                              ; 0                 ; 0       ;
;      - TOP:DUT|dmem:DMEM_INST|mem~1822                                             ; 1                 ; 0       ;
;      - TOP:DUT|dmem:DMEM_INST|mem~1182                                             ; 1                 ; 0       ;
;      - TOP:DUT|dmem:DMEM_INST|mem~670                                              ; 0                 ; 0       ;
;      - TOP:DUT|dmem:DMEM_INST|mem~158                                              ; 1                 ; 0       ;
;      - TOP:DUT|dmem:DMEM_INST|mem~1694                                             ; 1                 ; 0       ;
;      - TOP:DUT|dmem:DMEM_INST|mem~1054                                             ; 1                 ; 0       ;
;      - TOP:DUT|dmem:DMEM_INST|mem~1566                                             ; 0                 ; 0       ;
;      - TOP:DUT|dmem:DMEM_INST|mem~542                                              ; 0                 ; 0       ;
;      - TOP:DUT|dmem:DMEM_INST|mem~2078                                             ; 1                 ; 0       ;
;      - TOP:DUT|dmem:DMEM_INST|mem~2910                                             ; 0                 ; 0       ;
;      - TOP:DUT|dmem:DMEM_INST|mem~3422                                             ; 0                 ; 0       ;
;      - TOP:DUT|dmem:DMEM_INST|mem~2398                                             ; 0                 ; 0       ;
;      - TOP:DUT|dmem:DMEM_INST|mem~3934                                             ; 0                 ; 0       ;
;      - TOP:DUT|dmem:DMEM_INST|mem~3454                                             ; 1                 ; 0       ;
;      - TOP:DUT|dmem:DMEM_INST|mem~2942                                             ; 0                 ; 0       ;
;      - TOP:DUT|dmem:DMEM_INST|mem~2430                                             ; 1                 ; 0       ;
;      - TOP:DUT|dmem:DMEM_INST|mem~3966                                             ; 1                 ; 0       ;
;      - TOP:DUT|dmem:DMEM_INST|mem~3390                                             ; 0                 ; 0       ;
;      - TOP:DUT|dmem:DMEM_INST|mem~2878                                             ; 1                 ; 0       ;
;      - TOP:DUT|dmem:DMEM_INST|mem~2366                                             ; 0                 ; 0       ;
;      - TOP:DUT|dmem:DMEM_INST|mem~3902                                             ; 0                 ; 0       ;
;      - TOP:DUT|dmem:DMEM_INST|mem~2974                                             ; 0                 ; 0       ;
;      - TOP:DUT|dmem:DMEM_INST|mem~3486                                             ; 1                 ; 0       ;
;      - TOP:DUT|dmem:DMEM_INST|mem~2462                                             ; 0                 ; 0       ;
;      - TOP:DUT|dmem:DMEM_INST|mem~3998                                             ; 0                 ; 0       ;
;      - TOP:DUT|dmem:DMEM_INST|mem~3326                                             ; 1                 ; 0       ;
;      - TOP:DUT|dmem:DMEM_INST|mem~2814                                             ; 1                 ; 0       ;
;      - TOP:DUT|dmem:DMEM_INST|mem~2302                                             ; 1                 ; 0       ;
;      - TOP:DUT|dmem:DMEM_INST|mem~3838                                             ; 1                 ; 0       ;
;      - TOP:DUT|dmem:DMEM_INST|mem~2782                                             ; 1                 ; 0       ;
;      - TOP:DUT|dmem:DMEM_INST|mem~3294                                             ; 1                 ; 0       ;
;      - TOP:DUT|dmem:DMEM_INST|mem~2270                                             ; 1                 ; 0       ;
;      - TOP:DUT|dmem:DMEM_INST|mem~3806                                             ; 1                 ; 0       ;
;      - TOP:DUT|dmem:DMEM_INST|mem~3262                                             ; 0                 ; 0       ;
;      - TOP:DUT|dmem:DMEM_INST|mem~2750                                             ; 0                 ; 0       ;
;      - TOP:DUT|dmem:DMEM_INST|mem~2238                                             ; 0                 ; 0       ;
;      - TOP:DUT|dmem:DMEM_INST|mem~3774                                             ; 0                 ; 0       ;
;      - TOP:DUT|dmem:DMEM_INST|mem~2846                                             ; 0                 ; 0       ;
;      - TOP:DUT|dmem:DMEM_INST|mem~3358                                             ; 0                 ; 0       ;
;      - TOP:DUT|dmem:DMEM_INST|mem~2334                                             ; 0                 ; 0       ;
;      - TOP:DUT|dmem:DMEM_INST|mem~3870                                             ; 1                 ; 0       ;
;      - TOP:DUT|dmem:DMEM_INST|mem~2654                                             ; 1                 ; 0       ;
;      - TOP:DUT|dmem:DMEM_INST|mem~3166                                             ; 1                 ; 0       ;
;      - TOP:DUT|dmem:DMEM_INST|mem~2142                                             ; 0                 ; 0       ;
;      - TOP:DUT|dmem:DMEM_INST|mem~3678                                             ; 1                 ; 0       ;
;      - TOP:DUT|dmem:DMEM_INST|mem~3198                                             ; 0                 ; 0       ;
;      - TOP:DUT|dmem:DMEM_INST|mem~2686                                             ; 0                 ; 0       ;
;      - TOP:DUT|dmem:DMEM_INST|mem~2174                                             ; 0                 ; 0       ;
;      - TOP:DUT|dmem:DMEM_INST|mem~3710                                             ; 1                 ; 0       ;
;      - TOP:DUT|dmem:DMEM_INST|mem~3134                                             ; 0                 ; 0       ;
;      - TOP:DUT|dmem:DMEM_INST|mem~2622                                             ; 0                 ; 0       ;
;      - TOP:DUT|dmem:DMEM_INST|mem~2110                                             ; 1                 ; 0       ;
;      - TOP:DUT|dmem:DMEM_INST|mem~3646                                             ; 1                 ; 0       ;
;      - TOP:DUT|dmem:DMEM_INST|mem~2718                                             ; 0                 ; 0       ;
;      - TOP:DUT|dmem:DMEM_INST|mem~3230                                             ; 1                 ; 0       ;
;      - TOP:DUT|dmem:DMEM_INST|mem~2206                                             ; 0                 ; 0       ;
;      - TOP:DUT|dmem:DMEM_INST|mem~3742                                             ; 1                 ; 0       ;
;      - TOP:DUT|dmem:DMEM_INST|mem~3582                                             ; 0                 ; 0       ;
;      - TOP:DUT|dmem:DMEM_INST|mem~3070                                             ; 0                 ; 0       ;
;      - TOP:DUT|dmem:DMEM_INST|mem~2558                                             ; 0                 ; 0       ;
;      - TOP:DUT|dmem:DMEM_INST|mem~4094                                             ; 1                 ; 0       ;
;      - TOP:DUT|dmem:DMEM_INST|mem~3038                                             ; 1                 ; 0       ;
;      - TOP:DUT|dmem:DMEM_INST|mem~3550                                             ; 0                 ; 0       ;
;      - TOP:DUT|dmem:DMEM_INST|mem~2526                                             ; 0                 ; 0       ;
;      - TOP:DUT|dmem:DMEM_INST|mem~4062                                             ; 1                 ; 0       ;
;      - TOP:DUT|dmem:DMEM_INST|mem~3518                                             ; 0                 ; 0       ;
;      - TOP:DUT|dmem:DMEM_INST|mem~3006                                             ; 1                 ; 0       ;
;      - TOP:DUT|dmem:DMEM_INST|mem~2494                                             ; 0                 ; 0       ;
;      - TOP:DUT|dmem:DMEM_INST|mem~4030                                             ; 0                 ; 0       ;
;      - TOP:DUT|dmem:DMEM_INST|mem~3102                                             ; 1                 ; 0       ;
;      - TOP:DUT|dmem:DMEM_INST|mem~3614                                             ; 0                 ; 0       ;
;      - TOP:DUT|dmem:DMEM_INST|mem~2590                                             ; 1                 ; 0       ;
;      - TOP:DUT|dmem:DMEM_INST|mem~4126                                             ; 1                 ; 0       ;
;      - TOP:DUT|dmem:DMEM_INST|mem~1277                                             ; 1                 ; 0       ;
;      - TOP:DUT|dmem:DMEM_INST|mem~765                                              ; 1                 ; 0       ;
;      - TOP:DUT|dmem:DMEM_INST|mem~253                                              ; 1                 ; 0       ;
;      - TOP:DUT|dmem:DMEM_INST|mem~1789                                             ; 1                 ; 0       ;
;      - TOP:DUT|dmem:DMEM_INST|mem~733                                              ; 1                 ; 0       ;
;      - TOP:DUT|dmem:DMEM_INST|mem~1245                                             ; 1                 ; 0       ;
;      - TOP:DUT|dmem:DMEM_INST|mem~221                                              ; 0                 ; 0       ;
;      - TOP:DUT|dmem:DMEM_INST|mem~1757                                             ; 0                 ; 0       ;
;      - TOP:DUT|dmem:DMEM_INST|mem~1213                                             ; 1                 ; 0       ;
;      - TOP:DUT|dmem:DMEM_INST|mem~701                                              ; 0                 ; 0       ;
;      - TOP:DUT|dmem:DMEM_INST|mem~189                                              ; 0                 ; 0       ;
;      - TOP:DUT|dmem:DMEM_INST|mem~1725                                             ; 0                 ; 0       ;
;      - TOP:DUT|dmem:DMEM_INST|mem~797                                              ; 1                 ; 0       ;
;      - TOP:DUT|dmem:DMEM_INST|mem~1309                                             ; 1                 ; 0       ;
;      - TOP:DUT|dmem:DMEM_INST|mem~285                                              ; 0                 ; 0       ;
;      - TOP:DUT|dmem:DMEM_INST|mem~1821                                             ; 1                 ; 0       ;
;      - TOP:DUT|dmem:DMEM_INST|mem~861                                              ; 0                 ; 0       ;
;      - TOP:DUT|dmem:DMEM_INST|mem~1373                                             ; 1                 ; 0       ;
;      - TOP:DUT|dmem:DMEM_INST|mem~349                                              ; 1                 ; 0       ;
;      - TOP:DUT|dmem:DMEM_INST|mem~1885                                             ; 0                 ; 0       ;
;      - TOP:DUT|dmem:DMEM_INST|mem~1405                                             ; 1                 ; 0       ;
;      - TOP:DUT|dmem:DMEM_INST|mem~893                                              ; 0                 ; 0       ;
;      - TOP:DUT|dmem:DMEM_INST|mem~381                                              ; 0                 ; 0       ;
;      - TOP:DUT|dmem:DMEM_INST|mem~1917                                             ; 0                 ; 0       ;
;      - TOP:DUT|dmem:DMEM_INST|mem~1341                                             ; 0                 ; 0       ;
;      - TOP:DUT|dmem:DMEM_INST|mem~829                                              ; 0                 ; 0       ;
;      - TOP:DUT|dmem:DMEM_INST|mem~317                                              ; 1                 ; 0       ;
;      - TOP:DUT|dmem:DMEM_INST|mem~1853                                             ; 0                 ; 0       ;
;      - TOP:DUT|dmem:DMEM_INST|mem~925                                              ; 1                 ; 0       ;
;      - TOP:DUT|dmem:DMEM_INST|mem~1437                                             ; 1                 ; 0       ;
;      - TOP:DUT|dmem:DMEM_INST|mem~413                                              ; 0                 ; 0       ;
;      - TOP:DUT|dmem:DMEM_INST|mem~1949                                             ; 1                 ; 0       ;
;      - TOP:DUT|dmem:DMEM_INST|mem~605                                              ; 0                 ; 0       ;
;      - TOP:DUT|dmem:DMEM_INST|mem~1117                                             ; 0                 ; 0       ;
;      - TOP:DUT|dmem:DMEM_INST|mem~93                                               ; 1                 ; 0       ;
;      - TOP:DUT|dmem:DMEM_INST|mem~1629                                             ; 1                 ; 0       ;
;      - TOP:DUT|dmem:DMEM_INST|mem~1149                                             ; 0                 ; 0       ;
;      - TOP:DUT|dmem:DMEM_INST|mem~637                                              ; 0                 ; 0       ;
;      - TOP:DUT|dmem:DMEM_INST|mem~125                                              ; 1                 ; 0       ;
;      - TOP:DUT|dmem:DMEM_INST|mem~1661                                             ; 1                 ; 0       ;
;      - TOP:DUT|dmem:DMEM_INST|mem~1085                                             ; 0                 ; 0       ;
;      - TOP:DUT|dmem:DMEM_INST|mem~573                                              ; 1                 ; 0       ;
;      - TOP:DUT|dmem:DMEM_INST|mem~61                                               ; 1                 ; 0       ;
;      - TOP:DUT|dmem:DMEM_INST|mem~1597                                             ; 1                 ; 0       ;
;      - TOP:DUT|dmem:DMEM_INST|mem~669                                              ; 0                 ; 0       ;
;      - TOP:DUT|dmem:DMEM_INST|mem~1181                                             ; 1                 ; 0       ;
;      - TOP:DUT|dmem:DMEM_INST|mem~157                                              ; 1                 ; 0       ;
;      - TOP:DUT|dmem:DMEM_INST|mem~1693                                             ; 1                 ; 0       ;
;      - TOP:DUT|dmem:DMEM_INST|mem~1533                                             ; 0                 ; 0       ;
;      - TOP:DUT|dmem:DMEM_INST|mem~1021                                             ; 0                 ; 0       ;
;      - TOP:DUT|dmem:DMEM_INST|mem~509                                              ; 0                 ; 0       ;
;      - TOP:DUT|dmem:DMEM_INST|mem~2045                                             ; 0                 ; 0       ;
;      - TOP:DUT|dmem:DMEM_INST|mem~989                                              ; 0                 ; 0       ;
;      - TOP:DUT|dmem:DMEM_INST|mem~1501                                             ; 0                 ; 0       ;
;      - TOP:DUT|dmem:DMEM_INST|mem~477                                              ; 1                 ; 0       ;
;      - TOP:DUT|dmem:DMEM_INST|mem~2013                                             ; 0                 ; 0       ;
;      - TOP:DUT|dmem:DMEM_INST|mem~1469                                             ; 0                 ; 0       ;
;      - TOP:DUT|dmem:DMEM_INST|mem~957                                              ; 0                 ; 0       ;
;      - TOP:DUT|dmem:DMEM_INST|mem~445                                              ; 1                 ; 0       ;
;      - TOP:DUT|dmem:DMEM_INST|mem~1981                                             ; 0                 ; 0       ;
;      - TOP:DUT|dmem:DMEM_INST|mem~1053                                             ; 1                 ; 0       ;
;      - TOP:DUT|dmem:DMEM_INST|mem~1565                                             ; 0                 ; 0       ;
;      - TOP:DUT|dmem:DMEM_INST|mem~541                                              ; 1                 ; 0       ;
;      - TOP:DUT|dmem:DMEM_INST|mem~2077                                             ; 1                 ; 0       ;
;      - TOP:DUT|dmem:DMEM_INST|mem~2781                                             ; 0                 ; 0       ;
;      - TOP:DUT|dmem:DMEM_INST|mem~2909                                             ; 0                 ; 0       ;
;      - TOP:DUT|dmem:DMEM_INST|mem~2653                                             ; 0                 ; 0       ;
;      - TOP:DUT|dmem:DMEM_INST|mem~3037                                             ; 0                 ; 0       ;
;      - TOP:DUT|dmem:DMEM_INST|mem~2941                                             ; 0                 ; 0       ;
;      - TOP:DUT|dmem:DMEM_INST|mem~2813                                             ; 1                 ; 0       ;
;      - TOP:DUT|dmem:DMEM_INST|mem~2685                                             ; 1                 ; 0       ;
;      - TOP:DUT|dmem:DMEM_INST|mem~3069                                             ; 0                 ; 0       ;
;      - TOP:DUT|dmem:DMEM_INST|mem~2877                                             ; 1                 ; 0       ;
;      - TOP:DUT|dmem:DMEM_INST|mem~2749                                             ; 0                 ; 0       ;
;      - TOP:DUT|dmem:DMEM_INST|mem~2621                                             ; 0                 ; 0       ;
;      - TOP:DUT|dmem:DMEM_INST|mem~3005                                             ; 1                 ; 0       ;
;      - TOP:DUT|dmem:DMEM_INST|mem~2845                                             ; 1                 ; 0       ;
;      - TOP:DUT|dmem:DMEM_INST|mem~2973                                             ; 1                 ; 0       ;
;      - TOP:DUT|dmem:DMEM_INST|mem~2717                                             ; 1                 ; 0       ;
;      - TOP:DUT|dmem:DMEM_INST|mem~3101                                             ; 1                 ; 0       ;
;      - TOP:DUT|dmem:DMEM_INST|mem~3453                                             ; 1                 ; 0       ;
;      - TOP:DUT|dmem:DMEM_INST|mem~3421                                             ; 1                 ; 0       ;
;      - TOP:DUT|dmem:DMEM_INST|mem~3389                                             ; 0                 ; 0       ;
;      - TOP:DUT|dmem:DMEM_INST|mem~3485                                             ; 0                 ; 0       ;
;      - TOP:DUT|dmem:DMEM_INST|mem~3293                                             ; 1                 ; 0       ;
;      - TOP:DUT|dmem:DMEM_INST|mem~3325                                             ; 0                 ; 0       ;
;      - TOP:DUT|dmem:DMEM_INST|mem~3261                                             ; 0                 ; 0       ;
;      - TOP:DUT|dmem:DMEM_INST|mem~3357                                             ; 0                 ; 0       ;
;      - TOP:DUT|dmem:DMEM_INST|mem~3197                                             ; 0                 ; 0       ;
;      - TOP:DUT|dmem:DMEM_INST|mem~3165                                             ; 0                 ; 0       ;
;      - TOP:DUT|dmem:DMEM_INST|mem~3133                                             ; 1                 ; 0       ;
;      - TOP:DUT|dmem:DMEM_INST|mem~3229                                             ; 1                 ; 0       ;
;      - TOP:DUT|dmem:DMEM_INST|mem~3549                                             ; 1                 ; 0       ;
;      - TOP:DUT|dmem:DMEM_INST|mem~3581                                             ; 0                 ; 0       ;
;      - TOP:DUT|dmem:DMEM_INST|mem~3517                                             ; 0                 ; 0       ;
;      - TOP:DUT|dmem:DMEM_INST|mem~3613                                             ; 0                 ; 0       ;
;      - TOP:DUT|dmem:DMEM_INST|mem~2301                                             ; 0                 ; 0       ;
;      - TOP:DUT|dmem:DMEM_INST|mem~2269                                             ; 1                 ; 0       ;
;      - TOP:DUT|dmem:DMEM_INST|mem~2237                                             ; 1                 ; 0       ;
;      - TOP:DUT|dmem:DMEM_INST|mem~2333                                             ; 1                 ; 0       ;
;      - TOP:DUT|dmem:DMEM_INST|mem~2397                                             ; 0                 ; 0       ;
;      - TOP:DUT|dmem:DMEM_INST|mem~2429                                             ; 0                 ; 0       ;
;      - TOP:DUT|dmem:DMEM_INST|mem~2365                                             ; 0                 ; 0       ;
;      - TOP:DUT|dmem:DMEM_INST|mem~2461                                             ; 0                 ; 0       ;
;      - TOP:DUT|dmem:DMEM_INST|mem~2141                                             ; 1                 ; 0       ;
;      - TOP:DUT|dmem:DMEM_INST|mem~2173                                             ; 0                 ; 0       ;
;      - TOP:DUT|dmem:DMEM_INST|mem~2109                                             ; 0                 ; 0       ;
;      - TOP:DUT|dmem:DMEM_INST|mem~2205                                             ; 0                 ; 0       ;
;      - TOP:DUT|dmem:DMEM_INST|mem~2557                                             ; 0                 ; 0       ;
;      - TOP:DUT|dmem:DMEM_INST|mem~2525                                             ; 1                 ; 0       ;
;      - TOP:DUT|dmem:DMEM_INST|mem~2493                                             ; 1                 ; 0       ;
;      - TOP:DUT|dmem:DMEM_INST|mem~2589                                             ; 1                 ; 0       ;
;      - TOP:DUT|dmem:DMEM_INST|mem~3837                                             ; 0                 ; 0       ;
;      - TOP:DUT|dmem:DMEM_INST|mem~3965                                             ; 0                 ; 0       ;
;      - TOP:DUT|dmem:DMEM_INST|mem~3709                                             ; 1                 ; 0       ;
;      - TOP:DUT|dmem:DMEM_INST|mem~4093                                             ; 0                 ; 0       ;
;      - TOP:DUT|dmem:DMEM_INST|mem~3933                                             ; 0                 ; 0       ;
;      - TOP:DUT|dmem:DMEM_INST|mem~3805                                             ; 1                 ; 0       ;
;      - TOP:DUT|dmem:DMEM_INST|mem~3677                                             ; 0                 ; 0       ;
;      - TOP:DUT|dmem:DMEM_INST|mem~4061                                             ; 0                 ; 0       ;
;      - TOP:DUT|dmem:DMEM_INST|mem~3773                                             ; 1                 ; 0       ;
;      - TOP:DUT|dmem:DMEM_INST|mem~3901                                             ; 0                 ; 0       ;
;      - TOP:DUT|dmem:DMEM_INST|mem~3645                                             ; 1                 ; 0       ;
;      - TOP:DUT|dmem:DMEM_INST|mem~4029                                             ; 1                 ; 0       ;
;      - TOP:DUT|dmem:DMEM_INST|mem~3997                                             ; 0                 ; 0       ;
;      - TOP:DUT|dmem:DMEM_INST|mem~3869                                             ; 1                 ; 0       ;
;      - TOP:DUT|dmem:DMEM_INST|mem~3741                                             ; 1                 ; 0       ;
;      - TOP:DUT|dmem:DMEM_INST|mem~4125                                             ; 1                 ; 0       ;
;      - TOP:DUT|dmem:DMEM_INST|mem~3420                                             ; 1                 ; 0       ;
;      - TOP:DUT|dmem:DMEM_INST|mem~2908                                             ; 0                 ; 0       ;
;      - TOP:DUT|dmem:DMEM_INST|mem~2396                                             ; 1                 ; 0       ;
;      - TOP:DUT|dmem:DMEM_INST|mem~3932                                             ; 1                 ; 0       ;
;      - TOP:DUT|dmem:DMEM_INST|mem~2780                                             ; 1                 ; 0       ;
;      - TOP:DUT|dmem:DMEM_INST|mem~3292                                             ; 0                 ; 0       ;
;      - TOP:DUT|dmem:DMEM_INST|mem~2268                                             ; 0                 ; 0       ;
;      - TOP:DUT|dmem:DMEM_INST|mem~3804                                             ; 1                 ; 0       ;
;      - TOP:DUT|dmem:DMEM_INST|mem~3164                                             ; 0                 ; 0       ;
;      - TOP:DUT|dmem:DMEM_INST|mem~2652                                             ; 0                 ; 0       ;
;      - TOP:DUT|dmem:DMEM_INST|mem~2140                                             ; 0                 ; 0       ;
;      - TOP:DUT|dmem:DMEM_INST|mem~3676                                             ; 1                 ; 0       ;
;      - TOP:DUT|dmem:DMEM_INST|mem~3036                                             ; 1                 ; 0       ;
;      - TOP:DUT|dmem:DMEM_INST|mem~3548                                             ; 0                 ; 0       ;
;      - TOP:DUT|dmem:DMEM_INST|mem~2524                                             ; 0                 ; 0       ;
;      - TOP:DUT|dmem:DMEM_INST|mem~4060                                             ; 1                 ; 0       ;
;      - TOP:DUT|dmem:DMEM_INST|mem~2812                                             ; 1                 ; 0       ;
;      - TOP:DUT|dmem:DMEM_INST|mem~3324                                             ; 1                 ; 0       ;
;      - TOP:DUT|dmem:DMEM_INST|mem~2300                                             ; 1                 ; 0       ;
;      - TOP:DUT|dmem:DMEM_INST|mem~3836                                             ; 1                 ; 0       ;
;      - TOP:DUT|dmem:DMEM_INST|mem~3452                                             ; 1                 ; 0       ;
;      - TOP:DUT|dmem:DMEM_INST|mem~2940                                             ; 0                 ; 0       ;
;      - TOP:DUT|dmem:DMEM_INST|mem~2428                                             ; 0                 ; 0       ;
;      - TOP:DUT|dmem:DMEM_INST|mem~3964                                             ; 0                 ; 0       ;
;      - TOP:DUT|dmem:DMEM_INST|mem~3196                                             ; 0                 ; 0       ;
;      - TOP:DUT|dmem:DMEM_INST|mem~2684                                             ; 1                 ; 0       ;
;      - TOP:DUT|dmem:DMEM_INST|mem~2172                                             ; 0                 ; 0       ;
;      - TOP:DUT|dmem:DMEM_INST|mem~3708                                             ; 0                 ; 0       ;
;      - TOP:DUT|dmem:DMEM_INST|mem~3068                                             ; 1                 ; 0       ;
;      - TOP:DUT|dmem:DMEM_INST|mem~3580                                             ; 0                 ; 0       ;
;      - TOP:DUT|dmem:DMEM_INST|mem~2556                                             ; 1                 ; 0       ;
;      - TOP:DUT|dmem:DMEM_INST|mem~4092                                             ; 1                 ; 0       ;
;      - TOP:DUT|dmem:DMEM_INST|mem~2748                                             ; 0                 ; 0       ;
;      - TOP:DUT|dmem:DMEM_INST|mem~3260                                             ; 0                 ; 0       ;
;      - TOP:DUT|dmem:DMEM_INST|mem~2236                                             ; 0                 ; 0       ;
;      - TOP:DUT|dmem:DMEM_INST|mem~3772                                             ; 0                 ; 0       ;
;      - TOP:DUT|dmem:DMEM_INST|mem~3388                                             ; 0                 ; 0       ;
;      - TOP:DUT|dmem:DMEM_INST|mem~2876                                             ; 1                 ; 0       ;
;      - TOP:DUT|dmem:DMEM_INST|mem~2364                                             ; 0                 ; 0       ;
;      - TOP:DUT|dmem:DMEM_INST|mem~3900                                             ; 0                 ; 0       ;
;      - TOP:DUT|dmem:DMEM_INST|mem~3132                                             ; 0                 ; 0       ;
;      - TOP:DUT|dmem:DMEM_INST|mem~2620                                             ; 0                 ; 0       ;
;      - TOP:DUT|dmem:DMEM_INST|mem~2108                                             ; 1                 ; 0       ;
;      - TOP:DUT|dmem:DMEM_INST|mem~3644                                             ; 1                 ; 0       ;
;      - TOP:DUT|dmem:DMEM_INST|mem~3004                                             ; 1                 ; 0       ;
;      - TOP:DUT|dmem:DMEM_INST|mem~3516                                             ; 1                 ; 0       ;
;      - TOP:DUT|dmem:DMEM_INST|mem~2492                                             ; 0                 ; 0       ;
;      - TOP:DUT|dmem:DMEM_INST|mem~4028                                             ; 0                 ; 0       ;
;      - TOP:DUT|dmem:DMEM_INST|mem~3484                                             ; 0                 ; 0       ;
;      - TOP:DUT|dmem:DMEM_INST|mem~2972                                             ; 0                 ; 0       ;
;      - TOP:DUT|dmem:DMEM_INST|mem~2460                                             ; 0                 ; 0       ;
;      - TOP:DUT|dmem:DMEM_INST|mem~3996                                             ; 0                 ; 0       ;
;      - TOP:DUT|dmem:DMEM_INST|mem~2844                                             ; 0                 ; 0       ;
;      - TOP:DUT|dmem:DMEM_INST|mem~3356                                             ; 0                 ; 0       ;
;      - TOP:DUT|dmem:DMEM_INST|mem~2332                                             ; 0                 ; 0       ;
;      - TOP:DUT|dmem:DMEM_INST|mem~3868                                             ; 1                 ; 0       ;
;      - TOP:DUT|dmem:DMEM_INST|mem~3228                                             ; 0                 ; 0       ;
;      - TOP:DUT|dmem:DMEM_INST|mem~2716                                             ; 0                 ; 0       ;
;      - TOP:DUT|dmem:DMEM_INST|mem~2204                                             ; 0                 ; 0       ;
;      - TOP:DUT|dmem:DMEM_INST|mem~3740                                             ; 1                 ; 0       ;
;      - TOP:DUT|dmem:DMEM_INST|mem~3100                                             ; 1                 ; 0       ;
;      - TOP:DUT|dmem:DMEM_INST|mem~3612                                             ; 1                 ; 0       ;
;      - TOP:DUT|dmem:DMEM_INST|mem~2588                                             ; 1                 ; 0       ;
;      - TOP:DUT|dmem:DMEM_INST|mem~4124                                             ; 0                 ; 0       ;
;      - TOP:DUT|dmem:DMEM_INST|mem~1404                                             ; 0                 ; 0       ;
;      - TOP:DUT|dmem:DMEM_INST|mem~1372                                             ; 1                 ; 0       ;
;      - TOP:DUT|dmem:DMEM_INST|mem~1340                                             ; 0                 ; 0       ;
;      - TOP:DUT|dmem:DMEM_INST|mem~1436                                             ; 1                 ; 0       ;
;      - TOP:DUT|dmem:DMEM_INST|mem~1244                                             ; 0                 ; 0       ;
;      - TOP:DUT|dmem:DMEM_INST|mem~1276                                             ; 1                 ; 0       ;
;      - TOP:DUT|dmem:DMEM_INST|mem~1212                                             ; 0                 ; 0       ;
;      - TOP:DUT|dmem:DMEM_INST|mem~1308                                             ; 0                 ; 0       ;
;      - TOP:DUT|dmem:DMEM_INST|mem~1148                                             ; 0                 ; 0       ;
;      - TOP:DUT|dmem:DMEM_INST|mem~1116                                             ; 1                 ; 0       ;
;      - TOP:DUT|dmem:DMEM_INST|mem~1084                                             ; 1                 ; 0       ;
;      - TOP:DUT|dmem:DMEM_INST|mem~1180                                             ; 1                 ; 0       ;
;      - TOP:DUT|dmem:DMEM_INST|mem~1500                                             ; 1                 ; 0       ;
;      - TOP:DUT|dmem:DMEM_INST|mem~1532                                             ; 0                 ; 0       ;
;      - TOP:DUT|dmem:DMEM_INST|mem~1468                                             ; 0                 ; 0       ;
;      - TOP:DUT|dmem:DMEM_INST|mem~1564                                             ; 1                 ; 0       ;
;      - TOP:DUT|dmem:DMEM_INST|mem~732                                              ; 1                 ; 0       ;
;      - TOP:DUT|dmem:DMEM_INST|mem~860                                              ; 0                 ; 0       ;
;      - TOP:DUT|dmem:DMEM_INST|mem~604                                              ; 0                 ; 0       ;
;      - TOP:DUT|dmem:DMEM_INST|mem~988                                              ; 0                 ; 0       ;
;      - TOP:DUT|dmem:DMEM_INST|mem~892                                              ; 0                 ; 0       ;
;      - TOP:DUT|dmem:DMEM_INST|mem~764                                              ; 0                 ; 0       ;
;      - TOP:DUT|dmem:DMEM_INST|mem~636                                              ; 0                 ; 0       ;
;      - TOP:DUT|dmem:DMEM_INST|mem~1020                                             ; 0                 ; 0       ;
;      - TOP:DUT|dmem:DMEM_INST|mem~828                                              ; 0                 ; 0       ;
;      - TOP:DUT|dmem:DMEM_INST|mem~700                                              ; 1                 ; 0       ;
;      - TOP:DUT|dmem:DMEM_INST|mem~572                                              ; 0                 ; 0       ;
;      - TOP:DUT|dmem:DMEM_INST|mem~956                                              ; 1                 ; 0       ;
;      - TOP:DUT|dmem:DMEM_INST|mem~796                                              ; 0                 ; 0       ;
;      - TOP:DUT|dmem:DMEM_INST|mem~924                                              ; 1                 ; 0       ;
;      - TOP:DUT|dmem:DMEM_INST|mem~668                                              ; 0                 ; 0       ;
;      - TOP:DUT|dmem:DMEM_INST|mem~1052                                             ; 1                 ; 0       ;
;      - TOP:DUT|dmem:DMEM_INST|mem~252                                              ; 1                 ; 0       ;
;      - TOP:DUT|dmem:DMEM_INST|mem~220                                              ; 0                 ; 0       ;
;      - TOP:DUT|dmem:DMEM_INST|mem~188                                              ; 0                 ; 0       ;
;      - TOP:DUT|dmem:DMEM_INST|mem~284                                              ; 0                 ; 0       ;
;      - TOP:DUT|dmem:DMEM_INST|mem~348                                              ; 0                 ; 0       ;
;      - TOP:DUT|dmem:DMEM_INST|mem~380                                              ; 0                 ; 0       ;
;      - TOP:DUT|dmem:DMEM_INST|mem~316                                              ; 0                 ; 0       ;
;      - TOP:DUT|dmem:DMEM_INST|mem~412                                              ; 0                 ; 0       ;
;      - TOP:DUT|dmem:DMEM_INST|mem~92                                               ; 1                 ; 0       ;
;      - TOP:DUT|dmem:DMEM_INST|mem~124                                              ; 0                 ; 0       ;
;      - TOP:DUT|dmem:DMEM_INST|mem~60                                               ; 0                 ; 0       ;
;      - TOP:DUT|dmem:DMEM_INST|mem~156                                              ; 1                 ; 0       ;
;      - TOP:DUT|dmem:DMEM_INST|mem~508                                              ; 0                 ; 0       ;
;      - TOP:DUT|dmem:DMEM_INST|mem~476                                              ; 1                 ; 0       ;
;      - TOP:DUT|dmem:DMEM_INST|mem~444                                              ; 0                 ; 0       ;
;      - TOP:DUT|dmem:DMEM_INST|mem~540                                              ; 1                 ; 0       ;
;      - TOP:DUT|dmem:DMEM_INST|mem~1788                                             ; 0                 ; 0       ;
;      - TOP:DUT|dmem:DMEM_INST|mem~1916                                             ; 1                 ; 0       ;
;      - TOP:DUT|dmem:DMEM_INST|mem~1660                                             ; 1                 ; 0       ;
;      - TOP:DUT|dmem:DMEM_INST|mem~2044                                             ; 0                 ; 0       ;
;      - TOP:DUT|dmem:DMEM_INST|mem~1884                                             ; 0                 ; 0       ;
;      - TOP:DUT|dmem:DMEM_INST|mem~1756                                             ; 0                 ; 0       ;
;      - TOP:DUT|dmem:DMEM_INST|mem~1628                                             ; 1                 ; 0       ;
;      - TOP:DUT|dmem:DMEM_INST|mem~2012                                             ; 1                 ; 0       ;
;      - TOP:DUT|dmem:DMEM_INST|mem~1724                                             ; 0                 ; 0       ;
;      - TOP:DUT|dmem:DMEM_INST|mem~1852                                             ; 0                 ; 0       ;
;      - TOP:DUT|dmem:DMEM_INST|mem~1596                                             ; 1                 ; 0       ;
;      - TOP:DUT|dmem:DMEM_INST|mem~1980                                             ; 1                 ; 0       ;
;      - TOP:DUT|dmem:DMEM_INST|mem~1948                                             ; 0                 ; 0       ;
;      - TOP:DUT|dmem:DMEM_INST|mem~1820                                             ; 1                 ; 0       ;
;      - TOP:DUT|dmem:DMEM_INST|mem~1692                                             ; 1                 ; 0       ;
;      - TOP:DUT|dmem:DMEM_INST|mem~2076                                             ; 0                 ; 0       ;
;      - TOP:DUT|dmem:DMEM_INST|mem~763                                              ; 1                 ; 0       ;
;      - TOP:DUT|dmem:DMEM_INST|mem~1275                                             ; 1                 ; 0       ;
;      - TOP:DUT|dmem:DMEM_INST|mem~251                                              ; 1                 ; 0       ;
;      - TOP:DUT|dmem:DMEM_INST|mem~1787                                             ; 1                 ; 0       ;
;      - TOP:DUT|dmem:DMEM_INST|mem~1403                                             ; 1                 ; 0       ;
;      - TOP:DUT|dmem:DMEM_INST|mem~891                                              ; 0                 ; 0       ;
;      - TOP:DUT|dmem:DMEM_INST|mem~379                                              ; 0                 ; 0       ;
;      - TOP:DUT|dmem:DMEM_INST|mem~1915                                             ; 0                 ; 0       ;
;      - TOP:DUT|dmem:DMEM_INST|mem~1147                                             ; 0                 ; 0       ;
;      - TOP:DUT|dmem:DMEM_INST|mem~635                                              ; 0                 ; 0       ;
;      - TOP:DUT|dmem:DMEM_INST|mem~123                                              ; 1                 ; 0       ;
;      - TOP:DUT|dmem:DMEM_INST|mem~1659                                             ; 1                 ; 0       ;
;      - TOP:DUT|dmem:DMEM_INST|mem~1019                                             ; 0                 ; 0       ;
;      - TOP:DUT|dmem:DMEM_INST|mem~1531                                             ; 0                 ; 0       ;
;      - TOP:DUT|dmem:DMEM_INST|mem~507                                              ; 0                 ; 0       ;
;      - TOP:DUT|dmem:DMEM_INST|mem~2043                                             ; 0                 ; 0       ;
;      - TOP:DUT|dmem:DMEM_INST|mem~1371                                             ; 1                 ; 0       ;
;      - TOP:DUT|dmem:DMEM_INST|mem~859                                              ; 0                 ; 0       ;
;      - TOP:DUT|dmem:DMEM_INST|mem~347                                              ; 1                 ; 0       ;
;      - TOP:DUT|dmem:DMEM_INST|mem~1883                                             ; 0                 ; 0       ;
;      - TOP:DUT|dmem:DMEM_INST|mem~731                                              ; 1                 ; 0       ;
;      - TOP:DUT|dmem:DMEM_INST|mem~1243                                             ; 1                 ; 0       ;
;      - TOP:DUT|dmem:DMEM_INST|mem~219                                              ; 0                 ; 0       ;
;      - TOP:DUT|dmem:DMEM_INST|mem~1755                                             ; 0                 ; 0       ;
;      - TOP:DUT|dmem:DMEM_INST|mem~1115                                             ; 1                 ; 0       ;
;      - TOP:DUT|dmem:DMEM_INST|mem~603                                              ; 0                 ; 0       ;
;      - TOP:DUT|dmem:DMEM_INST|mem~91                                               ; 1                 ; 0       ;
;      - TOP:DUT|dmem:DMEM_INST|mem~1627                                             ; 1                 ; 0       ;
;      - TOP:DUT|dmem:DMEM_INST|mem~987                                              ; 0                 ; 0       ;
;      - TOP:DUT|dmem:DMEM_INST|mem~1499                                             ; 0                 ; 0       ;
;      - TOP:DUT|dmem:DMEM_INST|mem~475                                              ; 1                 ; 0       ;
;      - TOP:DUT|dmem:DMEM_INST|mem~2011                                             ; 0                 ; 0       ;
;      - TOP:DUT|dmem:DMEM_INST|mem~699                                              ; 0                 ; 0       ;
;      - TOP:DUT|dmem:DMEM_INST|mem~1211                                             ; 0                 ; 0       ;
;      - TOP:DUT|dmem:DMEM_INST|mem~187                                              ; 0                 ; 0       ;
;      - TOP:DUT|dmem:DMEM_INST|mem~1723                                             ; 0                 ; 0       ;
;      - TOP:DUT|dmem:DMEM_INST|mem~1339                                             ; 0                 ; 0       ;
;      - TOP:DUT|dmem:DMEM_INST|mem~827                                              ; 1                 ; 0       ;
;      - TOP:DUT|dmem:DMEM_INST|mem~315                                              ; 1                 ; 0       ;
;      - TOP:DUT|dmem:DMEM_INST|mem~1851                                             ; 0                 ; 0       ;
;      - TOP:DUT|dmem:DMEM_INST|mem~1083                                             ; 1                 ; 0       ;
;      - TOP:DUT|dmem:DMEM_INST|mem~571                                              ; 1                 ; 0       ;
;      - TOP:DUT|dmem:DMEM_INST|mem~59                                               ; 1                 ; 0       ;
;      - TOP:DUT|dmem:DMEM_INST|mem~1595                                             ; 1                 ; 0       ;
;      - TOP:DUT|dmem:DMEM_INST|mem~955                                              ; 0                 ; 0       ;
;      - TOP:DUT|dmem:DMEM_INST|mem~1467                                             ; 1                 ; 0       ;
;      - TOP:DUT|dmem:DMEM_INST|mem~443                                              ; 0                 ; 0       ;
;      - TOP:DUT|dmem:DMEM_INST|mem~1979                                             ; 1                 ; 0       ;
;      - TOP:DUT|dmem:DMEM_INST|mem~1435                                             ; 0                 ; 0       ;
;      - TOP:DUT|dmem:DMEM_INST|mem~923                                              ; 1                 ; 0       ;
;      - TOP:DUT|dmem:DMEM_INST|mem~411                                              ; 1                 ; 0       ;
;      - TOP:DUT|dmem:DMEM_INST|mem~1947                                             ; 1                 ; 0       ;
;      - TOP:DUT|dmem:DMEM_INST|mem~795                                              ; 1                 ; 0       ;
;      - TOP:DUT|dmem:DMEM_INST|mem~1307                                             ; 1                 ; 0       ;
;      - TOP:DUT|dmem:DMEM_INST|mem~283                                              ; 0                 ; 0       ;
;      - TOP:DUT|dmem:DMEM_INST|mem~1819                                             ; 0                 ; 0       ;
;      - TOP:DUT|dmem:DMEM_INST|mem~1179                                             ; 1                 ; 0       ;
;      - TOP:DUT|dmem:DMEM_INST|mem~667                                              ; 0                 ; 0       ;
;      - TOP:DUT|dmem:DMEM_INST|mem~155                                              ; 1                 ; 0       ;
;      - TOP:DUT|dmem:DMEM_INST|mem~1691                                             ; 0                 ; 0       ;
;      - TOP:DUT|dmem:DMEM_INST|mem~1051                                             ; 1                 ; 0       ;
;      - TOP:DUT|dmem:DMEM_INST|mem~1563                                             ; 1                 ; 0       ;
;      - TOP:DUT|dmem:DMEM_INST|mem~539                                              ; 0                 ; 0       ;
;      - TOP:DUT|dmem:DMEM_INST|mem~2075                                             ; 1                 ; 0       ;
;      - TOP:DUT|dmem:DMEM_INST|mem~2907                                             ; 0                 ; 0       ;
;      - TOP:DUT|dmem:DMEM_INST|mem~3419                                             ; 1                 ; 0       ;
;      - TOP:DUT|dmem:DMEM_INST|mem~2395                                             ; 1                 ; 0       ;
;      - TOP:DUT|dmem:DMEM_INST|mem~3931                                             ; 0                 ; 0       ;
;      - TOP:DUT|dmem:DMEM_INST|mem~3451                                             ; 0                 ; 0       ;
;      - TOP:DUT|dmem:DMEM_INST|mem~2939                                             ; 0                 ; 0       ;
;      - TOP:DUT|dmem:DMEM_INST|mem~2427                                             ; 0                 ; 0       ;
;      - TOP:DUT|dmem:DMEM_INST|mem~3963                                             ; 0                 ; 0       ;
;      - TOP:DUT|dmem:DMEM_INST|mem~3387                                             ; 0                 ; 0       ;
;      - TOP:DUT|dmem:DMEM_INST|mem~2875                                             ; 1                 ; 0       ;
;      - TOP:DUT|dmem:DMEM_INST|mem~2363                                             ; 0                 ; 0       ;
;      - TOP:DUT|dmem:DMEM_INST|mem~3899                                             ; 0                 ; 0       ;
;      - TOP:DUT|dmem:DMEM_INST|mem~2971                                             ; 0                 ; 0       ;
;      - TOP:DUT|dmem:DMEM_INST|mem~3483                                             ; 1                 ; 0       ;
;      - TOP:DUT|dmem:DMEM_INST|mem~2459                                             ; 0                 ; 0       ;
;      - TOP:DUT|dmem:DMEM_INST|mem~3995                                             ; 0                 ; 0       ;
;      - TOP:DUT|dmem:DMEM_INST|mem~3323                                             ; 1                 ; 0       ;
;      - TOP:DUT|dmem:DMEM_INST|mem~2811                                             ; 0                 ; 0       ;
;      - TOP:DUT|dmem:DMEM_INST|mem~2299                                             ; 1                 ; 0       ;
;      - TOP:DUT|dmem:DMEM_INST|mem~3835                                             ; 1                 ; 0       ;
;      - TOP:DUT|dmem:DMEM_INST|mem~2779                                             ; 1                 ; 0       ;
;      - TOP:DUT|dmem:DMEM_INST|mem~3291                                             ; 0                 ; 0       ;
;      - TOP:DUT|dmem:DMEM_INST|mem~2267                                             ; 0                 ; 0       ;
;      - TOP:DUT|dmem:DMEM_INST|mem~3803                                             ; 1                 ; 0       ;
;      - TOP:DUT|dmem:DMEM_INST|mem~3259                                             ; 0                 ; 0       ;
;      - TOP:DUT|dmem:DMEM_INST|mem~2747                                             ; 0                 ; 0       ;
;      - TOP:DUT|dmem:DMEM_INST|mem~2235                                             ; 0                 ; 0       ;
;      - TOP:DUT|dmem:DMEM_INST|mem~3771                                             ; 0                 ; 0       ;
;      - TOP:DUT|dmem:DMEM_INST|mem~2843                                             ; 0                 ; 0       ;
;      - TOP:DUT|dmem:DMEM_INST|mem~3355                                             ; 0                 ; 0       ;
;      - TOP:DUT|dmem:DMEM_INST|mem~2331                                             ; 0                 ; 0       ;
;      - TOP:DUT|dmem:DMEM_INST|mem~3867                                             ; 0                 ; 0       ;
;      - TOP:DUT|dmem:DMEM_INST|mem~2651                                             ; 1                 ; 0       ;
;      - TOP:DUT|dmem:DMEM_INST|mem~3163                                             ; 0                 ; 0       ;
;      - TOP:DUT|dmem:DMEM_INST|mem~2139                                             ; 0                 ; 0       ;
;      - TOP:DUT|dmem:DMEM_INST|mem~3675                                             ; 1                 ; 0       ;
;      - TOP:DUT|dmem:DMEM_INST|mem~3195                                             ; 0                 ; 0       ;
;      - TOP:DUT|dmem:DMEM_INST|mem~2683                                             ; 1                 ; 0       ;
;      - TOP:DUT|dmem:DMEM_INST|mem~2171                                             ; 0                 ; 0       ;
;      - TOP:DUT|dmem:DMEM_INST|mem~3707                                             ; 1                 ; 0       ;
;      - TOP:DUT|dmem:DMEM_INST|mem~3131                                             ; 0                 ; 0       ;
;      - TOP:DUT|dmem:DMEM_INST|mem~2619                                             ; 0                 ; 0       ;
;      - TOP:DUT|dmem:DMEM_INST|mem~2107                                             ; 1                 ; 0       ;
;      - TOP:DUT|dmem:DMEM_INST|mem~3643                                             ; 1                 ; 0       ;
;      - TOP:DUT|dmem:DMEM_INST|mem~2715                                             ; 0                 ; 0       ;
;      - TOP:DUT|dmem:DMEM_INST|mem~3227                                             ; 1                 ; 0       ;
;      - TOP:DUT|dmem:DMEM_INST|mem~2203                                             ; 0                 ; 0       ;
;      - TOP:DUT|dmem:DMEM_INST|mem~3739                                             ; 0                 ; 0       ;
;      - TOP:DUT|dmem:DMEM_INST|mem~3579                                             ; 0                 ; 0       ;
;      - TOP:DUT|dmem:DMEM_INST|mem~3067                                             ; 0                 ; 0       ;
;      - TOP:DUT|dmem:DMEM_INST|mem~2555                                             ; 0                 ; 0       ;
;      - TOP:DUT|dmem:DMEM_INST|mem~4091                                             ; 0                 ; 0       ;
;      - TOP:DUT|dmem:DMEM_INST|mem~3035                                             ; 1                 ; 0       ;
;      - TOP:DUT|dmem:DMEM_INST|mem~3547                                             ; 0                 ; 0       ;
;      - TOP:DUT|dmem:DMEM_INST|mem~2523                                             ; 0                 ; 0       ;
;      - TOP:DUT|dmem:DMEM_INST|mem~4059                                             ; 1                 ; 0       ;
;      - TOP:DUT|dmem:DMEM_INST|mem~3515                                             ; 0                 ; 0       ;
;      - TOP:DUT|dmem:DMEM_INST|mem~3003                                             ; 1                 ; 0       ;
;      - TOP:DUT|dmem:DMEM_INST|mem~2491                                             ; 0                 ; 0       ;
;      - TOP:DUT|dmem:DMEM_INST|mem~4027                                             ; 0                 ; 0       ;
;      - TOP:DUT|dmem:DMEM_INST|mem~3099                                             ; 1                 ; 0       ;
;      - TOP:DUT|dmem:DMEM_INST|mem~3611                                             ; 0                 ; 0       ;
;      - TOP:DUT|dmem:DMEM_INST|mem~2587                                             ; 1                 ; 0       ;
;      - TOP:DUT|dmem:DMEM_INST|mem~4123                                             ; 1                 ; 0       ;
;      - TOP:DUT|dmem:DMEM_INST|mem~1402                                             ; 1                 ; 0       ;
;      - TOP:DUT|dmem:DMEM_INST|mem~1370                                             ; 1                 ; 0       ;
;      - TOP:DUT|dmem:DMEM_INST|mem~1338                                             ; 1                 ; 0       ;
;      - TOP:DUT|dmem:DMEM_INST|mem~1434                                             ; 0                 ; 0       ;
;      - TOP:DUT|dmem:DMEM_INST|mem~1242                                             ; 0                 ; 0       ;
;      - TOP:DUT|dmem:DMEM_INST|mem~1274                                             ; 0                 ; 0       ;
;      - TOP:DUT|dmem:DMEM_INST|mem~1210                                             ; 0                 ; 0       ;
;      - TOP:DUT|dmem:DMEM_INST|mem~1306                                             ; 0                 ; 0       ;
;      - TOP:DUT|dmem:DMEM_INST|mem~1146                                             ; 0                 ; 0       ;
;      - TOP:DUT|dmem:DMEM_INST|mem~1114                                             ; 1                 ; 0       ;
;      - TOP:DUT|dmem:DMEM_INST|mem~1082                                             ; 1                 ; 0       ;
;      - TOP:DUT|dmem:DMEM_INST|mem~1178                                             ; 1                 ; 0       ;
;      - TOP:DUT|dmem:DMEM_INST|mem~1498                                             ; 1                 ; 0       ;
;      - TOP:DUT|dmem:DMEM_INST|mem~1530                                             ; 0                 ; 0       ;
;      - TOP:DUT|dmem:DMEM_INST|mem~1466                                             ; 0                 ; 0       ;
;      - TOP:DUT|dmem:DMEM_INST|mem~1562                                             ; 1                 ; 0       ;
;      - TOP:DUT|dmem:DMEM_INST|mem~730                                              ; 0                 ; 0       ;
;      - TOP:DUT|dmem:DMEM_INST|mem~858                                              ; 0                 ; 0       ;
;      - TOP:DUT|dmem:DMEM_INST|mem~602                                              ; 0                 ; 0       ;
;      - TOP:DUT|dmem:DMEM_INST|mem~986                                              ; 0                 ; 0       ;
;      - TOP:DUT|dmem:DMEM_INST|mem~890                                              ; 0                 ; 0       ;
;      - TOP:DUT|dmem:DMEM_INST|mem~762                                              ; 0                 ; 0       ;
;      - TOP:DUT|dmem:DMEM_INST|mem~634                                              ; 0                 ; 0       ;
;      - TOP:DUT|dmem:DMEM_INST|mem~1018                                             ; 0                 ; 0       ;
;      - TOP:DUT|dmem:DMEM_INST|mem~826                                              ; 1                 ; 0       ;
;      - TOP:DUT|dmem:DMEM_INST|mem~698                                              ; 0                 ; 0       ;
;      - TOP:DUT|dmem:DMEM_INST|mem~570                                              ; 0                 ; 0       ;
;      - TOP:DUT|dmem:DMEM_INST|mem~954                                              ; 1                 ; 0       ;
;      - TOP:DUT|dmem:DMEM_INST|mem~794                                              ; 1                 ; 0       ;
;      - TOP:DUT|dmem:DMEM_INST|mem~922                                              ; 0                 ; 0       ;
;      - TOP:DUT|dmem:DMEM_INST|mem~666                                              ; 0                 ; 0       ;
;      - TOP:DUT|dmem:DMEM_INST|mem~1050                                             ; 1                 ; 0       ;
;      - TOP:DUT|dmem:DMEM_INST|mem~250                                              ; 0                 ; 0       ;
;      - TOP:DUT|dmem:DMEM_INST|mem~218                                              ; 0                 ; 0       ;
;      - TOP:DUT|dmem:DMEM_INST|mem~186                                              ; 0                 ; 0       ;
;      - TOP:DUT|dmem:DMEM_INST|mem~282                                              ; 0                 ; 0       ;
;      - TOP:DUT|dmem:DMEM_INST|mem~346                                              ; 1                 ; 0       ;
;      - TOP:DUT|dmem:DMEM_INST|mem~378                                              ; 0                 ; 0       ;
;      - TOP:DUT|dmem:DMEM_INST|mem~314                                              ; 0                 ; 0       ;
;      - TOP:DUT|dmem:DMEM_INST|mem~410                                              ; 0                 ; 0       ;
;      - TOP:DUT|dmem:DMEM_INST|mem~90                                               ; 0                 ; 0       ;
;      - TOP:DUT|dmem:DMEM_INST|mem~122                                              ; 0                 ; 0       ;
;      - TOP:DUT|dmem:DMEM_INST|mem~58                                               ; 0                 ; 0       ;
;      - TOP:DUT|dmem:DMEM_INST|mem~154                                              ; 0                 ; 0       ;
;      - TOP:DUT|dmem:DMEM_INST|mem~506                                              ; 0                 ; 0       ;
;      - TOP:DUT|dmem:DMEM_INST|mem~474                                              ; 1                 ; 0       ;
;      - TOP:DUT|dmem:DMEM_INST|mem~442                                              ; 0                 ; 0       ;
;      - TOP:DUT|dmem:DMEM_INST|mem~538                                              ; 1                 ; 0       ;
;      - TOP:DUT|dmem:DMEM_INST|mem~1786                                             ; 0                 ; 0       ;
;      - TOP:DUT|dmem:DMEM_INST|mem~1914                                             ; 0                 ; 0       ;
;      - TOP:DUT|dmem:DMEM_INST|mem~1658                                             ; 0                 ; 0       ;
;      - TOP:DUT|dmem:DMEM_INST|mem~2042                                             ; 0                 ; 0       ;
;      - TOP:DUT|dmem:DMEM_INST|mem~1882                                             ; 0                 ; 0       ;
;      - TOP:DUT|dmem:DMEM_INST|mem~1754                                             ; 0                 ; 0       ;
;      - TOP:DUT|dmem:DMEM_INST|mem~1626                                             ; 0                 ; 0       ;
;      - TOP:DUT|dmem:DMEM_INST|mem~2010                                             ; 0                 ; 0       ;
;      - TOP:DUT|dmem:DMEM_INST|mem~1722                                             ; 0                 ; 0       ;
;      - TOP:DUT|dmem:DMEM_INST|mem~1850                                             ; 0                 ; 0       ;
;      - TOP:DUT|dmem:DMEM_INST|mem~1594                                             ; 0                 ; 0       ;
;      - TOP:DUT|dmem:DMEM_INST|mem~1978                                             ; 0                 ; 0       ;
;      - TOP:DUT|dmem:DMEM_INST|mem~1946                                             ; 0                 ; 0       ;
;      - TOP:DUT|dmem:DMEM_INST|mem~1818                                             ; 0                 ; 0       ;
;      - TOP:DUT|dmem:DMEM_INST|mem~1690                                             ; 0                 ; 0       ;
;      - TOP:DUT|dmem:DMEM_INST|mem~2074                                             ; 0                 ; 0       ;
;      - TOP:DUT|dmem:DMEM_INST|mem~2778                                             ; 0                 ; 0       ;
;      - TOP:DUT|dmem:DMEM_INST|mem~2906                                             ; 0                 ; 0       ;
;      - TOP:DUT|dmem:DMEM_INST|mem~2650                                             ; 0                 ; 0       ;
;      - TOP:DUT|dmem:DMEM_INST|mem~3034                                             ; 0                 ; 0       ;
;      - TOP:DUT|dmem:DMEM_INST|mem~2938                                             ; 1                 ; 0       ;
;      - TOP:DUT|dmem:DMEM_INST|mem~2810                                             ; 1                 ; 0       ;
;      - TOP:DUT|dmem:DMEM_INST|mem~2682                                             ; 1                 ; 0       ;
;      - TOP:DUT|dmem:DMEM_INST|mem~3066                                             ; 1                 ; 0       ;
;      - TOP:DUT|dmem:DMEM_INST|mem~2874                                             ; 1                 ; 0       ;
;      - TOP:DUT|dmem:DMEM_INST|mem~2746                                             ; 0                 ; 0       ;
;      - TOP:DUT|dmem:DMEM_INST|mem~2618                                             ; 0                 ; 0       ;
;      - TOP:DUT|dmem:DMEM_INST|mem~3002                                             ; 1                 ; 0       ;
;      - TOP:DUT|dmem:DMEM_INST|mem~2842                                             ; 1                 ; 0       ;
;      - TOP:DUT|dmem:DMEM_INST|mem~2970                                             ; 1                 ; 0       ;
;      - TOP:DUT|dmem:DMEM_INST|mem~2714                                             ; 1                 ; 0       ;
;      - TOP:DUT|dmem:DMEM_INST|mem~3098                                             ; 1                 ; 0       ;
;      - TOP:DUT|dmem:DMEM_INST|mem~3450                                             ; 0                 ; 0       ;
;      - TOP:DUT|dmem:DMEM_INST|mem~3418                                             ; 1                 ; 0       ;
;      - TOP:DUT|dmem:DMEM_INST|mem~3386                                             ; 0                 ; 0       ;
;      - TOP:DUT|dmem:DMEM_INST|mem~3482                                             ; 0                 ; 0       ;
;      - TOP:DUT|dmem:DMEM_INST|mem~3290                                             ; 1                 ; 0       ;
;      - TOP:DUT|dmem:DMEM_INST|mem~3322                                             ; 0                 ; 0       ;
;      - TOP:DUT|dmem:DMEM_INST|mem~3258                                             ; 1                 ; 0       ;
;      - TOP:DUT|dmem:DMEM_INST|mem~3354                                             ; 0                 ; 0       ;
;      - TOP:DUT|dmem:DMEM_INST|mem~3194                                             ; 0                 ; 0       ;
;      - TOP:DUT|dmem:DMEM_INST|mem~3162                                             ; 1                 ; 0       ;
;      - TOP:DUT|dmem:DMEM_INST|mem~3130                                             ; 0                 ; 0       ;
;      - TOP:DUT|dmem:DMEM_INST|mem~3226                                             ; 0                 ; 0       ;
;      - TOP:DUT|dmem:DMEM_INST|mem~3546                                             ; 1                 ; 0       ;
;      - TOP:DUT|dmem:DMEM_INST|mem~3578                                             ; 0                 ; 0       ;
;      - TOP:DUT|dmem:DMEM_INST|mem~3514                                             ; 0                 ; 0       ;
;      - TOP:DUT|dmem:DMEM_INST|mem~3610                                             ; 0                 ; 0       ;
;      - TOP:DUT|dmem:DMEM_INST|mem~2298                                             ; 0                 ; 0       ;
;      - TOP:DUT|dmem:DMEM_INST|mem~2266                                             ; 0                 ; 0       ;
;      - TOP:DUT|dmem:DMEM_INST|mem~2234                                             ; 1                 ; 0       ;
;      - TOP:DUT|dmem:DMEM_INST|mem~2330                                             ; 1                 ; 0       ;
;      - TOP:DUT|dmem:DMEM_INST|mem~2394                                             ; 0                 ; 0       ;
;      - TOP:DUT|dmem:DMEM_INST|mem~2426                                             ; 0                 ; 0       ;
;      - TOP:DUT|dmem:DMEM_INST|mem~2362                                             ; 0                 ; 0       ;
;      - TOP:DUT|dmem:DMEM_INST|mem~2458                                             ; 0                 ; 0       ;
;      - TOP:DUT|dmem:DMEM_INST|mem~2138                                             ; 0                 ; 0       ;
;      - TOP:DUT|dmem:DMEM_INST|mem~2170                                             ; 0                 ; 0       ;
;      - TOP:DUT|dmem:DMEM_INST|mem~2106                                             ; 0                 ; 0       ;
;      - TOP:DUT|dmem:DMEM_INST|mem~2202                                             ; 0                 ; 0       ;
;      - TOP:DUT|dmem:DMEM_INST|mem~2554                                             ; 1                 ; 0       ;
;      - TOP:DUT|dmem:DMEM_INST|mem~2522                                             ; 1                 ; 0       ;
;      - TOP:DUT|dmem:DMEM_INST|mem~2490                                             ; 1                 ; 0       ;
;      - TOP:DUT|dmem:DMEM_INST|mem~2586                                             ; 1                 ; 0       ;
;      - TOP:DUT|dmem:DMEM_INST|mem~3834                                             ; 1                 ; 0       ;
;      - TOP:DUT|dmem:DMEM_INST|mem~3962                                             ; 0                 ; 0       ;
;      - TOP:DUT|dmem:DMEM_INST|mem~3706                                             ; 0                 ; 0       ;
;      - TOP:DUT|dmem:DMEM_INST|mem~4090                                             ; 1                 ; 0       ;
;      - TOP:DUT|dmem:DMEM_INST|mem~3930                                             ; 1                 ; 0       ;
;      - TOP:DUT|dmem:DMEM_INST|mem~3802                                             ; 1                 ; 0       ;
;      - TOP:DUT|dmem:DMEM_INST|mem~3674                                             ; 0                 ; 0       ;
;      - TOP:DUT|dmem:DMEM_INST|mem~4058                                             ; 0                 ; 0       ;
;      - TOP:DUT|dmem:DMEM_INST|mem~3770                                             ; 0                 ; 0       ;
;      - TOP:DUT|dmem:DMEM_INST|mem~3898                                             ; 0                 ; 0       ;
;      - TOP:DUT|dmem:DMEM_INST|mem~3642                                             ; 0                 ; 0       ;
;      - TOP:DUT|dmem:DMEM_INST|mem~4026                                             ; 0                 ; 0       ;
;      - TOP:DUT|dmem:DMEM_INST|mem~3994                                             ; 0                 ; 0       ;
;      - TOP:DUT|dmem:DMEM_INST|mem~3866                                             ; 1                 ; 0       ;
;      - TOP:DUT|dmem:DMEM_INST|mem~3738                                             ; 1                 ; 0       ;
;      - TOP:DUT|dmem:DMEM_INST|mem~4122                                             ; 1                 ; 0       ;
;      - TOP:DUT|dmem:DMEM_INST|mem~1401                                             ; 1                 ; 0       ;
;      - TOP:DUT|dmem:DMEM_INST|mem~1369                                             ; 1                 ; 0       ;
;      - TOP:DUT|dmem:DMEM_INST|mem~1337                                             ; 1                 ; 0       ;
;      - TOP:DUT|dmem:DMEM_INST|mem~1433                                             ; 1                 ; 0       ;
;      - TOP:DUT|dmem:DMEM_INST|mem~1241                                             ; 0                 ; 0       ;
;      - TOP:DUT|dmem:DMEM_INST|mem~1273                                             ; 0                 ; 0       ;
;      - TOP:DUT|dmem:DMEM_INST|mem~1209                                             ; 0                 ; 0       ;
;      - TOP:DUT|dmem:DMEM_INST|mem~1305                                             ; 0                 ; 0       ;
;      - TOP:DUT|dmem:DMEM_INST|mem~1145                                             ; 0                 ; 0       ;
;      - TOP:DUT|dmem:DMEM_INST|mem~1113                                             ; 1                 ; 0       ;
;      - TOP:DUT|dmem:DMEM_INST|mem~1081                                             ; 1                 ; 0       ;
;      - TOP:DUT|dmem:DMEM_INST|mem~1177                                             ; 1                 ; 0       ;
;      - TOP:DUT|dmem:DMEM_INST|mem~1497                                             ; 1                 ; 0       ;
;      - TOP:DUT|dmem:DMEM_INST|mem~1529                                             ; 0                 ; 0       ;
;      - TOP:DUT|dmem:DMEM_INST|mem~1465                                             ; 0                 ; 0       ;
;      - TOP:DUT|dmem:DMEM_INST|mem~1561                                             ; 1                 ; 0       ;
;      - TOP:DUT|dmem:DMEM_INST|mem~729                                              ; 0                 ; 0       ;
;      - TOP:DUT|dmem:DMEM_INST|mem~857                                              ; 0                 ; 0       ;
;      - TOP:DUT|dmem:DMEM_INST|mem~601                                              ; 0                 ; 0       ;
;      - TOP:DUT|dmem:DMEM_INST|mem~985                                              ; 0                 ; 0       ;
;      - TOP:DUT|dmem:DMEM_INST|mem~889                                              ; 0                 ; 0       ;
;      - TOP:DUT|dmem:DMEM_INST|mem~761                                              ; 0                 ; 0       ;
;      - TOP:DUT|dmem:DMEM_INST|mem~633                                              ; 0                 ; 0       ;
;      - TOP:DUT|dmem:DMEM_INST|mem~1017                                             ; 0                 ; 0       ;
;      - TOP:DUT|dmem:DMEM_INST|mem~825                                              ; 1                 ; 0       ;
;      - TOP:DUT|dmem:DMEM_INST|mem~697                                              ; 0                 ; 0       ;
;      - TOP:DUT|dmem:DMEM_INST|mem~569                                              ; 0                 ; 0       ;
;      - TOP:DUT|dmem:DMEM_INST|mem~953                                              ; 0                 ; 0       ;
;      - TOP:DUT|dmem:DMEM_INST|mem~793                                              ; 0                 ; 0       ;
;      - TOP:DUT|dmem:DMEM_INST|mem~921                                              ; 0                 ; 0       ;
;      - TOP:DUT|dmem:DMEM_INST|mem~665                                              ; 0                 ; 0       ;
;      - TOP:DUT|dmem:DMEM_INST|mem~1049                                             ; 1                 ; 0       ;
;      - TOP:DUT|dmem:DMEM_INST|mem~249                                              ; 0                 ; 0       ;
;      - TOP:DUT|dmem:DMEM_INST|mem~217                                              ; 0                 ; 0       ;
;      - TOP:DUT|dmem:DMEM_INST|mem~185                                              ; 0                 ; 0       ;
;      - TOP:DUT|dmem:DMEM_INST|mem~281                                              ; 0                 ; 0       ;
;      - TOP:DUT|dmem:DMEM_INST|mem~345                                              ; 1                 ; 0       ;
;      - TOP:DUT|dmem:DMEM_INST|mem~377                                              ; 0                 ; 0       ;
;      - TOP:DUT|dmem:DMEM_INST|mem~313                                              ; 0                 ; 0       ;
;      - TOP:DUT|dmem:DMEM_INST|mem~409                                              ; 0                 ; 0       ;
;      - TOP:DUT|dmem:DMEM_INST|mem~89                                               ; 0                 ; 0       ;
;      - TOP:DUT|dmem:DMEM_INST|mem~121                                              ; 0                 ; 0       ;
;      - TOP:DUT|dmem:DMEM_INST|mem~57                                               ; 0                 ; 0       ;
;      - TOP:DUT|dmem:DMEM_INST|mem~153                                              ; 0                 ; 0       ;
;      - TOP:DUT|dmem:DMEM_INST|mem~505                                              ; 0                 ; 0       ;
;      - TOP:DUT|dmem:DMEM_INST|mem~473                                              ; 1                 ; 0       ;
;      - TOP:DUT|dmem:DMEM_INST|mem~441                                              ; 0                 ; 0       ;
;      - TOP:DUT|dmem:DMEM_INST|mem~537                                              ; 1                 ; 0       ;
;      - TOP:DUT|dmem:DMEM_INST|mem~1785                                             ; 0                 ; 0       ;
;      - TOP:DUT|dmem:DMEM_INST|mem~1913                                             ; 0                 ; 0       ;
;      - TOP:DUT|dmem:DMEM_INST|mem~1657                                             ; 0                 ; 0       ;
;      - TOP:DUT|dmem:DMEM_INST|mem~2041                                             ; 0                 ; 0       ;
;      - TOP:DUT|dmem:DMEM_INST|mem~1881                                             ; 0                 ; 0       ;
;      - TOP:DUT|dmem:DMEM_INST|mem~1753                                             ; 0                 ; 0       ;
;      - TOP:DUT|dmem:DMEM_INST|mem~1625                                             ; 0                 ; 0       ;
;      - TOP:DUT|dmem:DMEM_INST|mem~2009                                             ; 0                 ; 0       ;
;      - TOP:DUT|dmem:DMEM_INST|mem~1721                                             ; 0                 ; 0       ;
;      - TOP:DUT|dmem:DMEM_INST|mem~1849                                             ; 0                 ; 0       ;
;      - TOP:DUT|dmem:DMEM_INST|mem~1593                                             ; 1                 ; 0       ;
;      - TOP:DUT|dmem:DMEM_INST|mem~1977                                             ; 1                 ; 0       ;
;      - TOP:DUT|dmem:DMEM_INST|mem~1945                                             ; 1                 ; 0       ;
;      - TOP:DUT|dmem:DMEM_INST|mem~1817                                             ; 0                 ; 0       ;
;      - TOP:DUT|dmem:DMEM_INST|mem~1689                                             ; 0                 ; 0       ;
;      - TOP:DUT|dmem:DMEM_INST|mem~2073                                             ; 1                 ; 0       ;
;      - TOP:DUT|dmem:DMEM_INST|mem~2777                                             ; 0                 ; 0       ;
;      - TOP:DUT|dmem:DMEM_INST|mem~2905                                             ; 0                 ; 0       ;
;      - TOP:DUT|dmem:DMEM_INST|mem~2649                                             ; 0                 ; 0       ;
;      - TOP:DUT|dmem:DMEM_INST|mem~3033                                             ; 0                 ; 0       ;
;      - TOP:DUT|dmem:DMEM_INST|mem~2937                                             ; 1                 ; 0       ;
;      - TOP:DUT|dmem:DMEM_INST|mem~2809                                             ; 1                 ; 0       ;
;      - TOP:DUT|dmem:DMEM_INST|mem~2681                                             ; 1                 ; 0       ;
;      - TOP:DUT|dmem:DMEM_INST|mem~3065                                             ; 1                 ; 0       ;
;      - TOP:DUT|dmem:DMEM_INST|mem~2873                                             ; 1                 ; 0       ;
;      - TOP:DUT|dmem:DMEM_INST|mem~2745                                             ; 0                 ; 0       ;
;      - TOP:DUT|dmem:DMEM_INST|mem~2617                                             ; 0                 ; 0       ;
;      - TOP:DUT|dmem:DMEM_INST|mem~3001                                             ; 1                 ; 0       ;
;      - TOP:DUT|dmem:DMEM_INST|mem~2841                                             ; 1                 ; 0       ;
;      - TOP:DUT|dmem:DMEM_INST|mem~2969                                             ; 1                 ; 0       ;
;      - TOP:DUT|dmem:DMEM_INST|mem~2713                                             ; 1                 ; 0       ;
;      - TOP:DUT|dmem:DMEM_INST|mem~3097                                             ; 1                 ; 0       ;
;      - TOP:DUT|dmem:DMEM_INST|mem~3449                                             ; 0                 ; 0       ;
;      - TOP:DUT|dmem:DMEM_INST|mem~3417                                             ; 0                 ; 0       ;
;      - TOP:DUT|dmem:DMEM_INST|mem~3385                                             ; 0                 ; 0       ;
;      - TOP:DUT|dmem:DMEM_INST|mem~3481                                             ; 0                 ; 0       ;
;      - TOP:DUT|dmem:DMEM_INST|mem~3289                                             ; 1                 ; 0       ;
;      - TOP:DUT|dmem:DMEM_INST|mem~3321                                             ; 0                 ; 0       ;
;      - TOP:DUT|dmem:DMEM_INST|mem~3257                                             ; 1                 ; 0       ;
;      - TOP:DUT|dmem:DMEM_INST|mem~3353                                             ; 0                 ; 0       ;
;      - TOP:DUT|dmem:DMEM_INST|mem~3193                                             ; 0                 ; 0       ;
;      - TOP:DUT|dmem:DMEM_INST|mem~3161                                             ; 1                 ; 0       ;
;      - TOP:DUT|dmem:DMEM_INST|mem~3129                                             ; 0                 ; 0       ;
;      - TOP:DUT|dmem:DMEM_INST|mem~3225                                             ; 0                 ; 0       ;
;      - TOP:DUT|dmem:DMEM_INST|mem~3545                                             ; 0                 ; 0       ;
;      - TOP:DUT|dmem:DMEM_INST|mem~3577                                             ; 0                 ; 0       ;
;      - TOP:DUT|dmem:DMEM_INST|mem~3513                                             ; 0                 ; 0       ;
;      - TOP:DUT|dmem:DMEM_INST|mem~3609                                             ; 0                 ; 0       ;
;      - TOP:DUT|dmem:DMEM_INST|mem~2297                                             ; 0                 ; 0       ;
;      - TOP:DUT|dmem:DMEM_INST|mem~2265                                             ; 0                 ; 0       ;
;      - TOP:DUT|dmem:DMEM_INST|mem~2233                                             ; 1                 ; 0       ;
;      - TOP:DUT|dmem:DMEM_INST|mem~2329                                             ; 1                 ; 0       ;
;      - TOP:DUT|dmem:DMEM_INST|mem~2393                                             ; 0                 ; 0       ;
;      - TOP:DUT|dmem:DMEM_INST|mem~2425                                             ; 0                 ; 0       ;
;      - TOP:DUT|dmem:DMEM_INST|mem~2361                                             ; 0                 ; 0       ;
;      - TOP:DUT|dmem:DMEM_INST|mem~2457                                             ; 0                 ; 0       ;
;      - TOP:DUT|dmem:DMEM_INST|mem~2137                                             ; 0                 ; 0       ;
;      - TOP:DUT|dmem:DMEM_INST|mem~2169                                             ; 0                 ; 0       ;
;      - TOP:DUT|dmem:DMEM_INST|mem~2105                                             ; 0                 ; 0       ;
;      - TOP:DUT|dmem:DMEM_INST|mem~2201                                             ; 0                 ; 0       ;
;      - TOP:DUT|dmem:DMEM_INST|mem~2553                                             ; 1                 ; 0       ;
;      - TOP:DUT|dmem:DMEM_INST|mem~2521                                             ; 1                 ; 0       ;
;      - TOP:DUT|dmem:DMEM_INST|mem~2489                                             ; 1                 ; 0       ;
;      - TOP:DUT|dmem:DMEM_INST|mem~2585                                             ; 1                 ; 0       ;
;      - TOP:DUT|dmem:DMEM_INST|mem~3833                                             ; 1                 ; 0       ;
;      - TOP:DUT|dmem:DMEM_INST|mem~3961                                             ; 0                 ; 0       ;
;      - TOP:DUT|dmem:DMEM_INST|mem~3705                                             ; 0                 ; 0       ;
;      - TOP:DUT|dmem:DMEM_INST|mem~4089                                             ; 1                 ; 0       ;
;      - TOP:DUT|dmem:DMEM_INST|mem~3929                                             ; 1                 ; 0       ;
;      - TOP:DUT|dmem:DMEM_INST|mem~3801                                             ; 1                 ; 0       ;
;      - TOP:DUT|dmem:DMEM_INST|mem~3673                                             ; 0                 ; 0       ;
;      - TOP:DUT|dmem:DMEM_INST|mem~4057                                             ; 0                 ; 0       ;
;      - TOP:DUT|dmem:DMEM_INST|mem~3769                                             ; 0                 ; 0       ;
;      - TOP:DUT|dmem:DMEM_INST|mem~3897                                             ; 0                 ; 0       ;
;      - TOP:DUT|dmem:DMEM_INST|mem~3641                                             ; 0                 ; 0       ;
;      - TOP:DUT|dmem:DMEM_INST|mem~4025                                             ; 0                 ; 0       ;
;      - TOP:DUT|dmem:DMEM_INST|mem~3993                                             ; 1                 ; 0       ;
;      - TOP:DUT|dmem:DMEM_INST|mem~3865                                             ; 1                 ; 0       ;
;      - TOP:DUT|dmem:DMEM_INST|mem~3737                                             ; 1                 ; 0       ;
;      - TOP:DUT|dmem:DMEM_INST|mem~4121                                             ; 0                 ; 0       ;
;      - TOP:DUT|dmem:DMEM_INST|mem~1400                                             ; 0                 ; 0       ;
;      - TOP:DUT|dmem:DMEM_INST|mem~1368                                             ; 0                 ; 0       ;
;      - TOP:DUT|dmem:DMEM_INST|mem~1336                                             ; 0                 ; 0       ;
;      - TOP:DUT|dmem:DMEM_INST|mem~1432                                             ; 1                 ; 0       ;
;      - TOP:DUT|dmem:DMEM_INST|mem~1240                                             ; 1                 ; 0       ;
;      - TOP:DUT|dmem:DMEM_INST|mem~1272                                             ; 0                 ; 0       ;
;      - TOP:DUT|dmem:DMEM_INST|mem~1208                                             ; 0                 ; 0       ;
;      - TOP:DUT|dmem:DMEM_INST|mem~1304                                             ; 1                 ; 0       ;
;      - TOP:DUT|dmem:DMEM_INST|mem~1144                                             ; 0                 ; 0       ;
;      - TOP:DUT|dmem:DMEM_INST|mem~1112                                             ; 0                 ; 0       ;
;      - TOP:DUT|dmem:DMEM_INST|mem~1080                                             ; 1                 ; 0       ;
;      - TOP:DUT|dmem:DMEM_INST|mem~1176                                             ; 1                 ; 0       ;
;      - TOP:DUT|dmem:DMEM_INST|mem~1496                                             ; 1                 ; 0       ;
;      - TOP:DUT|dmem:DMEM_INST|mem~1528                                             ; 0                 ; 0       ;
;      - TOP:DUT|dmem:DMEM_INST|mem~1464                                             ; 0                 ; 0       ;
;      - TOP:DUT|dmem:DMEM_INST|mem~1560                                             ; 1                 ; 0       ;
;      - TOP:DUT|dmem:DMEM_INST|mem~728                                              ; 0                 ; 0       ;
;      - TOP:DUT|dmem:DMEM_INST|mem~856                                              ; 0                 ; 0       ;
;      - TOP:DUT|dmem:DMEM_INST|mem~600                                              ; 0                 ; 0       ;
;      - TOP:DUT|dmem:DMEM_INST|mem~984                                              ; 1                 ; 0       ;
;      - TOP:DUT|dmem:DMEM_INST|mem~888                                              ; 1                 ; 0       ;
;      - TOP:DUT|dmem:DMEM_INST|mem~760                                              ; 0                 ; 0       ;
;      - TOP:DUT|dmem:DMEM_INST|mem~632                                              ; 0                 ; 0       ;
;      - TOP:DUT|dmem:DMEM_INST|mem~1016                                             ; 1                 ; 0       ;
;      - TOP:DUT|dmem:DMEM_INST|mem~824                                              ; 0                 ; 0       ;
;      - TOP:DUT|dmem:DMEM_INST|mem~696                                              ; 0                 ; 0       ;
;      - TOP:DUT|dmem:DMEM_INST|mem~568                                              ; 0                 ; 0       ;
;      - TOP:DUT|dmem:DMEM_INST|mem~952                                              ; 1                 ; 0       ;
;      - TOP:DUT|dmem:DMEM_INST|mem~792                                              ; 1                 ; 0       ;
;      - TOP:DUT|dmem:DMEM_INST|mem~920                                              ; 1                 ; 0       ;
;      - TOP:DUT|dmem:DMEM_INST|mem~664                                              ; 1                 ; 0       ;
;      - TOP:DUT|dmem:DMEM_INST|mem~1048                                             ; 1                 ; 0       ;
;      - TOP:DUT|dmem:DMEM_INST|mem~248                                              ; 0                 ; 0       ;
;      - TOP:DUT|dmem:DMEM_INST|mem~216                                              ; 0                 ; 0       ;
;      - TOP:DUT|dmem:DMEM_INST|mem~184                                              ; 0                 ; 0       ;
;      - TOP:DUT|dmem:DMEM_INST|mem~280                                              ; 0                 ; 0       ;
;      - TOP:DUT|dmem:DMEM_INST|mem~344                                              ; 1                 ; 0       ;
;      - TOP:DUT|dmem:DMEM_INST|mem~376                                              ; 0                 ; 0       ;
;      - TOP:DUT|dmem:DMEM_INST|mem~312                                              ; 0                 ; 0       ;
;      - TOP:DUT|dmem:DMEM_INST|mem~408                                              ; 0                 ; 0       ;
;      - TOP:DUT|dmem:DMEM_INST|mem~88                                               ; 0                 ; 0       ;
;      - TOP:DUT|dmem:DMEM_INST|mem~120                                              ; 0                 ; 0       ;
;      - TOP:DUT|dmem:DMEM_INST|mem~56                                               ; 1                 ; 0       ;
;      - TOP:DUT|dmem:DMEM_INST|mem~152                                              ; 1                 ; 0       ;
;      - TOP:DUT|dmem:DMEM_INST|mem~504                                              ; 0                 ; 0       ;
;      - TOP:DUT|dmem:DMEM_INST|mem~472                                              ; 1                 ; 0       ;
;      - TOP:DUT|dmem:DMEM_INST|mem~440                                              ; 0                 ; 0       ;
;      - TOP:DUT|dmem:DMEM_INST|mem~536                                              ; 1                 ; 0       ;
;      - TOP:DUT|dmem:DMEM_INST|mem~1784                                             ; 0                 ; 0       ;
;      - TOP:DUT|dmem:DMEM_INST|mem~1912                                             ; 1                 ; 0       ;
;      - TOP:DUT|dmem:DMEM_INST|mem~1656                                             ; 1                 ; 0       ;
;      - TOP:DUT|dmem:DMEM_INST|mem~2040                                             ; 0                 ; 0       ;
;      - TOP:DUT|dmem:DMEM_INST|mem~1880                                             ; 0                 ; 0       ;
;      - TOP:DUT|dmem:DMEM_INST|mem~1752                                             ; 0                 ; 0       ;
;      - TOP:DUT|dmem:DMEM_INST|mem~1624                                             ; 0                 ; 0       ;
;      - TOP:DUT|dmem:DMEM_INST|mem~2008                                             ; 0                 ; 0       ;
;      - TOP:DUT|dmem:DMEM_INST|mem~1720                                             ; 1                 ; 0       ;
;      - TOP:DUT|dmem:DMEM_INST|mem~1848                                             ; 0                 ; 0       ;
;      - TOP:DUT|dmem:DMEM_INST|mem~1592                                             ; 0                 ; 0       ;
;      - TOP:DUT|dmem:DMEM_INST|mem~1976                                             ; 0                 ; 0       ;
;      - TOP:DUT|dmem:DMEM_INST|mem~1944                                             ; 0                 ; 0       ;
;      - TOP:DUT|dmem:DMEM_INST|mem~1816                                             ; 1                 ; 0       ;
;      - TOP:DUT|dmem:DMEM_INST|mem~1688                                             ; 1                 ; 0       ;
;      - TOP:DUT|dmem:DMEM_INST|mem~2072                                             ; 1                 ; 0       ;
;      - TOP:DUT|dmem:DMEM_INST|mem~2776                                             ; 0                 ; 0       ;
;      - TOP:DUT|dmem:DMEM_INST|mem~2904                                             ; 0                 ; 0       ;
;      - TOP:DUT|dmem:DMEM_INST|mem~2648                                             ; 0                 ; 0       ;
;      - TOP:DUT|dmem:DMEM_INST|mem~3032                                             ; 0                 ; 0       ;
;      - TOP:DUT|dmem:DMEM_INST|mem~2936                                             ; 0                 ; 0       ;
;      - TOP:DUT|dmem:DMEM_INST|mem~2808                                             ; 1                 ; 0       ;
;      - TOP:DUT|dmem:DMEM_INST|mem~2680                                             ; 1                 ; 0       ;
;      - TOP:DUT|dmem:DMEM_INST|mem~3064                                             ; 0                 ; 0       ;
;      - TOP:DUT|dmem:DMEM_INST|mem~2872                                             ; 0                 ; 0       ;
;      - TOP:DUT|dmem:DMEM_INST|mem~2744                                             ; 1                 ; 0       ;
;      - TOP:DUT|dmem:DMEM_INST|mem~2616                                             ; 1                 ; 0       ;
;      - TOP:DUT|dmem:DMEM_INST|mem~3000                                             ; 0                 ; 0       ;
;      - TOP:DUT|dmem:DMEM_INST|mem~2840                                             ; 1                 ; 0       ;
;      - TOP:DUT|dmem:DMEM_INST|mem~2968                                             ; 0                 ; 0       ;
;      - TOP:DUT|dmem:DMEM_INST|mem~2712                                             ; 0                 ; 0       ;
;      - TOP:DUT|dmem:DMEM_INST|mem~3096                                             ; 1                 ; 0       ;
;      - TOP:DUT|dmem:DMEM_INST|mem~3448                                             ; 0                 ; 0       ;
;      - TOP:DUT|dmem:DMEM_INST|mem~3416                                             ; 0                 ; 0       ;
;      - TOP:DUT|dmem:DMEM_INST|mem~3384                                             ; 0                 ; 0       ;
;      - TOP:DUT|dmem:DMEM_INST|mem~3480                                             ; 0                 ; 0       ;
;      - TOP:DUT|dmem:DMEM_INST|mem~3288                                             ; 0                 ; 0       ;
;      - TOP:DUT|dmem:DMEM_INST|mem~3320                                             ; 0                 ; 0       ;
;      - TOP:DUT|dmem:DMEM_INST|mem~3256                                             ; 1                 ; 0       ;
;      - TOP:DUT|dmem:DMEM_INST|mem~3352                                             ; 0                 ; 0       ;
;      - TOP:DUT|dmem:DMEM_INST|mem~3192                                             ; 0                 ; 0       ;
;      - TOP:DUT|dmem:DMEM_INST|mem~3160                                             ; 0                 ; 0       ;
;      - TOP:DUT|dmem:DMEM_INST|mem~3128                                             ; 0                 ; 0       ;
;      - TOP:DUT|dmem:DMEM_INST|mem~3224                                             ; 0                 ; 0       ;
;      - TOP:DUT|dmem:DMEM_INST|mem~3544                                             ; 1                 ; 0       ;
;      - TOP:DUT|dmem:DMEM_INST|mem~3576                                             ; 0                 ; 0       ;
;      - TOP:DUT|dmem:DMEM_INST|mem~3512                                             ; 0                 ; 0       ;
;      - TOP:DUT|dmem:DMEM_INST|mem~3608                                             ; 0                 ; 0       ;
;      - TOP:DUT|dmem:DMEM_INST|mem~2296                                             ; 0                 ; 0       ;
;      - TOP:DUT|dmem:DMEM_INST|mem~2264                                             ; 0                 ; 0       ;
;      - TOP:DUT|dmem:DMEM_INST|mem~2232                                             ; 1                 ; 0       ;
;      - TOP:DUT|dmem:DMEM_INST|mem~2328                                             ; 1                 ; 0       ;
;      - TOP:DUT|dmem:DMEM_INST|mem~2392                                             ; 0                 ; 0       ;
;      - TOP:DUT|dmem:DMEM_INST|mem~2424                                             ; 0                 ; 0       ;
;      - TOP:DUT|dmem:DMEM_INST|mem~2360                                             ; 0                 ; 0       ;
;      - TOP:DUT|dmem:DMEM_INST|mem~2456                                             ; 0                 ; 0       ;
;      - TOP:DUT|dmem:DMEM_INST|mem~2136                                             ; 1                 ; 0       ;
;      - TOP:DUT|dmem:DMEM_INST|mem~2168                                             ; 0                 ; 0       ;
;      - TOP:DUT|dmem:DMEM_INST|mem~2104                                             ; 0                 ; 0       ;
;      - TOP:DUT|dmem:DMEM_INST|mem~2200                                             ; 0                 ; 0       ;
;      - TOP:DUT|dmem:DMEM_INST|mem~2552                                             ; 0                 ; 0       ;
;      - TOP:DUT|dmem:DMEM_INST|mem~2520                                             ; 1                 ; 0       ;
;      - TOP:DUT|dmem:DMEM_INST|mem~2488                                             ; 1                 ; 0       ;
;      - TOP:DUT|dmem:DMEM_INST|mem~2584                                             ; 1                 ; 0       ;
;      - TOP:DUT|dmem:DMEM_INST|mem~3832                                             ; 1                 ; 0       ;
;      - TOP:DUT|dmem:DMEM_INST|mem~3960                                             ; 0                 ; 0       ;
;      - TOP:DUT|dmem:DMEM_INST|mem~3704                                             ; 0                 ; 0       ;
;      - TOP:DUT|dmem:DMEM_INST|mem~4088                                             ; 0                 ; 0       ;
;      - TOP:DUT|dmem:DMEM_INST|mem~3928                                             ; 1                 ; 0       ;
;      - TOP:DUT|dmem:DMEM_INST|mem~3800                                             ; 1                 ; 0       ;
;      - TOP:DUT|dmem:DMEM_INST|mem~3672                                             ; 0                 ; 0       ;
;      - TOP:DUT|dmem:DMEM_INST|mem~4056                                             ; 0                 ; 0       ;
;      - TOP:DUT|dmem:DMEM_INST|mem~3768                                             ; 0                 ; 0       ;
;      - TOP:DUT|dmem:DMEM_INST|mem~3896                                             ; 0                 ; 0       ;
;      - TOP:DUT|dmem:DMEM_INST|mem~3640                                             ; 0                 ; 0       ;
;      - TOP:DUT|dmem:DMEM_INST|mem~4024                                             ; 0                 ; 0       ;
;      - TOP:DUT|dmem:DMEM_INST|mem~3992                                             ; 0                 ; 0       ;
;      - TOP:DUT|dmem:DMEM_INST|mem~3864                                             ; 0                 ; 0       ;
;      - TOP:DUT|dmem:DMEM_INST|mem~3736                                             ; 0                 ; 0       ;
;      - TOP:DUT|dmem:DMEM_INST|mem~4120                                             ; 1                 ; 0       ;
;      - TOP:DUT|dmem:DMEM_INST|mem~1399                                             ; 1                 ; 0       ;
;      - TOP:DUT|dmem:DMEM_INST|mem~1367                                             ; 0                 ; 0       ;
;      - TOP:DUT|dmem:DMEM_INST|mem~1335                                             ; 0                 ; 0       ;
;      - TOP:DUT|dmem:DMEM_INST|mem~1431                                             ; 1                 ; 0       ;
;      - TOP:DUT|dmem:DMEM_INST|mem~1239                                             ; 0                 ; 0       ;
;      - TOP:DUT|dmem:DMEM_INST|mem~1271                                             ; 0                 ; 0       ;
;      - TOP:DUT|dmem:DMEM_INST|mem~1207                                             ; 0                 ; 0       ;
;      - TOP:DUT|dmem:DMEM_INST|mem~1303                                             ; 0                 ; 0       ;
;      - TOP:DUT|dmem:DMEM_INST|mem~1143                                             ; 0                 ; 0       ;
;      - TOP:DUT|dmem:DMEM_INST|mem~1111                                             ; 0                 ; 0       ;
;      - TOP:DUT|dmem:DMEM_INST|mem~1079                                             ; 1                 ; 0       ;
;      - TOP:DUT|dmem:DMEM_INST|mem~1175                                             ; 1                 ; 0       ;
;      - TOP:DUT|dmem:DMEM_INST|mem~1495                                             ; 0                 ; 0       ;
;      - TOP:DUT|dmem:DMEM_INST|mem~1527                                             ; 0                 ; 0       ;
;      - TOP:DUT|dmem:DMEM_INST|mem~1463                                             ; 0                 ; 0       ;
;      - TOP:DUT|dmem:DMEM_INST|mem~1559                                             ; 0                 ; 0       ;
;      - TOP:DUT|dmem:DMEM_INST|mem~727                                              ; 0                 ; 0       ;
;      - TOP:DUT|dmem:DMEM_INST|mem~855                                              ; 1                 ; 0       ;
;      - TOP:DUT|dmem:DMEM_INST|mem~599                                              ; 0                 ; 0       ;
;      - TOP:DUT|dmem:DMEM_INST|mem~983                                              ; 0                 ; 0       ;
;      - TOP:DUT|dmem:DMEM_INST|mem~887                                              ; 0                 ; 0       ;
;      - TOP:DUT|dmem:DMEM_INST|mem~759                                              ; 1                 ; 0       ;
;      - TOP:DUT|dmem:DMEM_INST|mem~631                                              ; 1                 ; 0       ;
;      - TOP:DUT|dmem:DMEM_INST|mem~1015                                             ; 0                 ; 0       ;
;      - TOP:DUT|dmem:DMEM_INST|mem~823                                              ; 0                 ; 0       ;
;      - TOP:DUT|dmem:DMEM_INST|mem~695                                              ; 0                 ; 0       ;
;      - TOP:DUT|dmem:DMEM_INST|mem~567                                              ; 0                 ; 0       ;
;      - TOP:DUT|dmem:DMEM_INST|mem~951                                              ; 0                 ; 0       ;
;      - TOP:DUT|dmem:DMEM_INST|mem~791                                              ; 0                 ; 0       ;
;      - TOP:DUT|dmem:DMEM_INST|mem~919                                              ; 1                 ; 0       ;
;      - TOP:DUT|dmem:DMEM_INST|mem~663                                              ; 0                 ; 0       ;
;      - TOP:DUT|dmem:DMEM_INST|mem~1047                                             ; 1                 ; 0       ;
;      - TOP:DUT|dmem:DMEM_INST|mem~247                                              ; 0                 ; 0       ;
;      - TOP:DUT|dmem:DMEM_INST|mem~215                                              ; 0                 ; 0       ;
;      - TOP:DUT|dmem:DMEM_INST|mem~183                                              ; 0                 ; 0       ;
;      - TOP:DUT|dmem:DMEM_INST|mem~279                                              ; 0                 ; 0       ;
;      - TOP:DUT|dmem:DMEM_INST|mem~343                                              ; 0                 ; 0       ;
;      - TOP:DUT|dmem:DMEM_INST|mem~375                                              ; 0                 ; 0       ;
;      - TOP:DUT|dmem:DMEM_INST|mem~311                                              ; 0                 ; 0       ;
;      - TOP:DUT|dmem:DMEM_INST|mem~407                                              ; 0                 ; 0       ;
;      - TOP:DUT|dmem:DMEM_INST|mem~87                                               ; 1                 ; 0       ;
;      - TOP:DUT|dmem:DMEM_INST|mem~119                                              ; 1                 ; 0       ;
;      - TOP:DUT|dmem:DMEM_INST|mem~55                                               ; 1                 ; 0       ;
;      - TOP:DUT|dmem:DMEM_INST|mem~151                                              ; 1                 ; 0       ;
;      - TOP:DUT|dmem:DMEM_INST|mem~503                                              ; 0                 ; 0       ;
;      - TOP:DUT|dmem:DMEM_INST|mem~471                                              ; 0                 ; 0       ;
;      - TOP:DUT|dmem:DMEM_INST|mem~439                                              ; 1                 ; 0       ;
;      - TOP:DUT|dmem:DMEM_INST|mem~535                                              ; 1                 ; 0       ;
;      - TOP:DUT|dmem:DMEM_INST|mem~1783                                             ; 0                 ; 0       ;
;      - TOP:DUT|dmem:DMEM_INST|mem~1911                                             ; 0                 ; 0       ;
;      - TOP:DUT|dmem:DMEM_INST|mem~1655                                             ; 0                 ; 0       ;
;      - TOP:DUT|dmem:DMEM_INST|mem~2039                                             ; 0                 ; 0       ;
;      - TOP:DUT|dmem:DMEM_INST|mem~1879                                             ; 0                 ; 0       ;
;      - TOP:DUT|dmem:DMEM_INST|mem~1751                                             ; 0                 ; 0       ;
;      - TOP:DUT|dmem:DMEM_INST|mem~1623                                             ; 0                 ; 0       ;
;      - TOP:DUT|dmem:DMEM_INST|mem~2007                                             ; 0                 ; 0       ;
;      - TOP:DUT|dmem:DMEM_INST|mem~1719                                             ; 1                 ; 0       ;
;      - TOP:DUT|dmem:DMEM_INST|mem~1847                                             ; 0                 ; 0       ;
;      - TOP:DUT|dmem:DMEM_INST|mem~1591                                             ; 1                 ; 0       ;
;      - TOP:DUT|dmem:DMEM_INST|mem~1975                                             ; 0                 ; 0       ;
;      - TOP:DUT|dmem:DMEM_INST|mem~1943                                             ; 0                 ; 0       ;
;      - TOP:DUT|dmem:DMEM_INST|mem~1815                                             ; 0                 ; 0       ;
;      - TOP:DUT|dmem:DMEM_INST|mem~1687                                             ; 0                 ; 0       ;
;      - TOP:DUT|dmem:DMEM_INST|mem~2071                                             ; 1                 ; 0       ;
;      - TOP:DUT|dmem:DMEM_INST|mem~2775                                             ; 0                 ; 0       ;
;      - TOP:DUT|dmem:DMEM_INST|mem~2903                                             ; 0                 ; 0       ;
;      - TOP:DUT|dmem:DMEM_INST|mem~2647                                             ; 0                 ; 0       ;
;      - TOP:DUT|dmem:DMEM_INST|mem~3031                                             ; 0                 ; 0       ;
;      - TOP:DUT|dmem:DMEM_INST|mem~2935                                             ; 1                 ; 0       ;
;      - TOP:DUT|dmem:DMEM_INST|mem~2807                                             ; 1                 ; 0       ;
;      - TOP:DUT|dmem:DMEM_INST|mem~2679                                             ; 1                 ; 0       ;
;      - TOP:DUT|dmem:DMEM_INST|mem~3063                                             ; 1                 ; 0       ;
;      - TOP:DUT|dmem:DMEM_INST|mem~2871                                             ; 0                 ; 0       ;
;      - TOP:DUT|dmem:DMEM_INST|mem~2743                                             ; 1                 ; 0       ;
;      - TOP:DUT|dmem:DMEM_INST|mem~2615                                             ; 0                 ; 0       ;
;      - TOP:DUT|dmem:DMEM_INST|mem~2999                                             ; 0                 ; 0       ;
;      - TOP:DUT|dmem:DMEM_INST|mem~2839                                             ; 0                 ; 0       ;
;      - TOP:DUT|dmem:DMEM_INST|mem~2967                                             ; 0                 ; 0       ;
;      - TOP:DUT|dmem:DMEM_INST|mem~2711                                             ; 0                 ; 0       ;
;      - TOP:DUT|dmem:DMEM_INST|mem~3095                                             ; 0                 ; 0       ;
;      - TOP:DUT|dmem:DMEM_INST|mem~3447                                             ; 0                 ; 0       ;
;      - TOP:DUT|dmem:DMEM_INST|mem~3415                                             ; 1                 ; 0       ;
;      - TOP:DUT|dmem:DMEM_INST|mem~3383                                             ; 0                 ; 0       ;
;      - TOP:DUT|dmem:DMEM_INST|mem~3479                                             ; 0                 ; 0       ;
;      - TOP:DUT|dmem:DMEM_INST|mem~3287                                             ; 1                 ; 0       ;
;      - TOP:DUT|dmem:DMEM_INST|mem~3319                                             ; 0                 ; 0       ;
;      - TOP:DUT|dmem:DMEM_INST|mem~3255                                             ; 1                 ; 0       ;
;      - TOP:DUT|dmem:DMEM_INST|mem~3351                                             ; 0                 ; 0       ;
;      - TOP:DUT|dmem:DMEM_INST|mem~3191                                             ; 0                 ; 0       ;
;      - TOP:DUT|dmem:DMEM_INST|mem~3159                                             ; 0                 ; 0       ;
;      - TOP:DUT|dmem:DMEM_INST|mem~3127                                             ; 0                 ; 0       ;
;      - TOP:DUT|dmem:DMEM_INST|mem~3223                                             ; 0                 ; 0       ;
;      - TOP:DUT|dmem:DMEM_INST|mem~3543                                             ; 1                 ; 0       ;
;      - TOP:DUT|dmem:DMEM_INST|mem~3575                                             ; 0                 ; 0       ;
;      - TOP:DUT|dmem:DMEM_INST|mem~3511                                             ; 1                 ; 0       ;
;      - TOP:DUT|dmem:DMEM_INST|mem~3607                                             ; 1                 ; 0       ;
;      - TOP:DUT|dmem:DMEM_INST|mem~2295                                             ; 0                 ; 0       ;
;      - TOP:DUT|dmem:DMEM_INST|mem~2263                                             ; 0                 ; 0       ;
;      - TOP:DUT|dmem:DMEM_INST|mem~2231                                             ; 0                 ; 0       ;
;      - TOP:DUT|dmem:DMEM_INST|mem~2327                                             ; 0                 ; 0       ;
;      - TOP:DUT|dmem:DMEM_INST|mem~2391                                             ; 0                 ; 0       ;
;      - TOP:DUT|dmem:DMEM_INST|mem~2423                                             ; 0                 ; 0       ;
;      - TOP:DUT|dmem:DMEM_INST|mem~2359                                             ; 0                 ; 0       ;
;      - TOP:DUT|dmem:DMEM_INST|mem~2455                                             ; 0                 ; 0       ;
;      - TOP:DUT|dmem:DMEM_INST|mem~2135                                             ; 1                 ; 0       ;
;      - TOP:DUT|dmem:DMEM_INST|mem~2167                                             ; 0                 ; 0       ;
;      - TOP:DUT|dmem:DMEM_INST|mem~2103                                             ; 1                 ; 0       ;
;      - TOP:DUT|dmem:DMEM_INST|mem~2199                                             ; 1                 ; 0       ;
;      - TOP:DUT|dmem:DMEM_INST|mem~2551                                             ; 1                 ; 0       ;
;      - TOP:DUT|dmem:DMEM_INST|mem~2519                                             ; 0                 ; 0       ;
;      - TOP:DUT|dmem:DMEM_INST|mem~2487                                             ; 0                 ; 0       ;
;      - TOP:DUT|dmem:DMEM_INST|mem~2583                                             ; 0                 ; 0       ;
;      - TOP:DUT|dmem:DMEM_INST|mem~3831                                             ; 1                 ; 0       ;
;      - TOP:DUT|dmem:DMEM_INST|mem~3959                                             ; 0                 ; 0       ;
;      - TOP:DUT|dmem:DMEM_INST|mem~3703                                             ; 0                 ; 0       ;
;      - TOP:DUT|dmem:DMEM_INST|mem~4087                                             ; 1                 ; 0       ;
;      - TOP:DUT|dmem:DMEM_INST|mem~3927                                             ; 1                 ; 0       ;
;      - TOP:DUT|dmem:DMEM_INST|mem~3799                                             ; 1                 ; 0       ;
;      - TOP:DUT|dmem:DMEM_INST|mem~3671                                             ; 0                 ; 0       ;
;      - TOP:DUT|dmem:DMEM_INST|mem~4055                                             ; 0                 ; 0       ;
;      - TOP:DUT|dmem:DMEM_INST|mem~3767                                             ; 0                 ; 0       ;
;      - TOP:DUT|dmem:DMEM_INST|mem~3895                                             ; 0                 ; 0       ;
;      - TOP:DUT|dmem:DMEM_INST|mem~3639                                             ; 0                 ; 0       ;
;      - TOP:DUT|dmem:DMEM_INST|mem~4023                                             ; 0                 ; 0       ;
;      - TOP:DUT|dmem:DMEM_INST|mem~3991                                             ; 0                 ; 0       ;
;      - TOP:DUT|dmem:DMEM_INST|mem~3863                                             ; 0                 ; 0       ;
;      - TOP:DUT|dmem:DMEM_INST|mem~3735                                             ; 0                 ; 0       ;
;      - TOP:DUT|dmem:DMEM_INST|mem~4119                                             ; 1                 ; 0       ;
;      - TOP:DUT|dmem:DMEM_INST|mem~1398                                             ; 1                 ; 0       ;
;      - TOP:DUT|dmem:DMEM_INST|mem~1366                                             ; 0                 ; 0       ;
;      - TOP:DUT|dmem:DMEM_INST|mem~1334                                             ; 0                 ; 0       ;
;      - TOP:DUT|dmem:DMEM_INST|mem~1430                                             ; 0                 ; 0       ;
;      - TOP:DUT|dmem:DMEM_INST|mem~1238                                             ; 0                 ; 0       ;
;      - TOP:DUT|dmem:DMEM_INST|mem~1270                                             ; 0                 ; 0       ;
;      - TOP:DUT|dmem:DMEM_INST|mem~1206                                             ; 0                 ; 0       ;
;      - TOP:DUT|dmem:DMEM_INST|mem~1302                                             ; 0                 ; 0       ;
;      - TOP:DUT|dmem:DMEM_INST|mem~1142                                             ; 0                 ; 0       ;
;      - TOP:DUT|dmem:DMEM_INST|mem~1110                                             ; 0                 ; 0       ;
;      - TOP:DUT|dmem:DMEM_INST|mem~1078                                             ; 1                 ; 0       ;
;      - TOP:DUT|dmem:DMEM_INST|mem~1174                                             ; 1                 ; 0       ;
;      - TOP:DUT|dmem:DMEM_INST|mem~1494                                             ; 0                 ; 0       ;
;      - TOP:DUT|dmem:DMEM_INST|mem~1526                                             ; 1                 ; 0       ;
;      - TOP:DUT|dmem:DMEM_INST|mem~1462                                             ; 1                 ; 0       ;
;      - TOP:DUT|dmem:DMEM_INST|mem~1558                                             ; 0                 ; 0       ;
;      - TOP:DUT|dmem:DMEM_INST|mem~726                                              ; 1                 ; 0       ;
;      - TOP:DUT|dmem:DMEM_INST|mem~854                                              ; 0                 ; 0       ;
;      - TOP:DUT|dmem:DMEM_INST|mem~598                                              ; 0                 ; 0       ;
;      - TOP:DUT|dmem:DMEM_INST|mem~982                                              ; 0                 ; 0       ;
;      - TOP:DUT|dmem:DMEM_INST|mem~886                                              ; 0                 ; 0       ;
;      - TOP:DUT|dmem:DMEM_INST|mem~758                                              ; 1                 ; 0       ;
;      - TOP:DUT|dmem:DMEM_INST|mem~630                                              ; 0                 ; 0       ;
;      - TOP:DUT|dmem:DMEM_INST|mem~1014                                             ; 0                 ; 0       ;
;      - TOP:DUT|dmem:DMEM_INST|mem~822                                              ; 0                 ; 0       ;
;      - TOP:DUT|dmem:DMEM_INST|mem~694                                              ; 1                 ; 0       ;
;      - TOP:DUT|dmem:DMEM_INST|mem~566                                              ; 0                 ; 0       ;
;      - TOP:DUT|dmem:DMEM_INST|mem~950                                              ; 0                 ; 0       ;
;      - TOP:DUT|dmem:DMEM_INST|mem~790                                              ; 1                 ; 0       ;
;      - TOP:DUT|dmem:DMEM_INST|mem~918                                              ; 1                 ; 0       ;
;      - TOP:DUT|dmem:DMEM_INST|mem~662                                              ; 0                 ; 0       ;
;      - TOP:DUT|dmem:DMEM_INST|mem~1046                                             ; 1                 ; 0       ;
;      - TOP:DUT|dmem:DMEM_INST|mem~246                                              ; 0                 ; 0       ;
;      - TOP:DUT|dmem:DMEM_INST|mem~214                                              ; 0                 ; 0       ;
;      - TOP:DUT|dmem:DMEM_INST|mem~182                                              ; 0                 ; 0       ;
;      - TOP:DUT|dmem:DMEM_INST|mem~278                                              ; 0                 ; 0       ;
;      - TOP:DUT|dmem:DMEM_INST|mem~342                                              ; 0                 ; 0       ;
;      - TOP:DUT|dmem:DMEM_INST|mem~374                                              ; 0                 ; 0       ;
;      - TOP:DUT|dmem:DMEM_INST|mem~310                                              ; 0                 ; 0       ;
;      - TOP:DUT|dmem:DMEM_INST|mem~406                                              ; 0                 ; 0       ;
;      - TOP:DUT|dmem:DMEM_INST|mem~86                                               ; 0                 ; 0       ;
;      - TOP:DUT|dmem:DMEM_INST|mem~118                                              ; 0                 ; 0       ;
;      - TOP:DUT|dmem:DMEM_INST|mem~54                                               ; 1                 ; 0       ;
;      - TOP:DUT|dmem:DMEM_INST|mem~150                                              ; 1                 ; 0       ;
;      - TOP:DUT|dmem:DMEM_INST|mem~502                                              ; 1                 ; 0       ;
;      - TOP:DUT|dmem:DMEM_INST|mem~470                                              ; 1                 ; 0       ;
;      - TOP:DUT|dmem:DMEM_INST|mem~438                                              ; 1                 ; 0       ;
;      - TOP:DUT|dmem:DMEM_INST|mem~534                                              ; 1                 ; 0       ;
;      - TOP:DUT|dmem:DMEM_INST|mem~1782                                             ; 0                 ; 0       ;
;      - TOP:DUT|dmem:DMEM_INST|mem~1910                                             ; 0                 ; 0       ;
;      - TOP:DUT|dmem:DMEM_INST|mem~1654                                             ; 0                 ; 0       ;
;      - TOP:DUT|dmem:DMEM_INST|mem~2038                                             ; 0                 ; 0       ;
;      - TOP:DUT|dmem:DMEM_INST|mem~1878                                             ; 0                 ; 0       ;
;      - TOP:DUT|dmem:DMEM_INST|mem~1750                                             ; 0                 ; 0       ;
;      - TOP:DUT|dmem:DMEM_INST|mem~1622                                             ; 0                 ; 0       ;
;      - TOP:DUT|dmem:DMEM_INST|mem~2006                                             ; 0                 ; 0       ;
;      - TOP:DUT|dmem:DMEM_INST|mem~1718                                             ; 1                 ; 0       ;
;      - TOP:DUT|dmem:DMEM_INST|mem~1846                                             ; 0                 ; 0       ;
;      - TOP:DUT|dmem:DMEM_INST|mem~1590                                             ; 1                 ; 0       ;
;      - TOP:DUT|dmem:DMEM_INST|mem~1974                                             ; 1                 ; 0       ;
;      - TOP:DUT|dmem:DMEM_INST|mem~1942                                             ; 0                 ; 0       ;
;      - TOP:DUT|dmem:DMEM_INST|mem~1814                                             ; 0                 ; 0       ;
;      - TOP:DUT|dmem:DMEM_INST|mem~1686                                             ; 0                 ; 0       ;
;      - TOP:DUT|dmem:DMEM_INST|mem~2070                                             ; 1                 ; 0       ;
;      - TOP:DUT|dmem:DMEM_INST|mem~2774                                             ; 0                 ; 0       ;
;      - TOP:DUT|dmem:DMEM_INST|mem~2902                                             ; 0                 ; 0       ;
;      - TOP:DUT|dmem:DMEM_INST|mem~2646                                             ; 0                 ; 0       ;
;      - TOP:DUT|dmem:DMEM_INST|mem~3030                                             ; 0                 ; 0       ;
;      - TOP:DUT|dmem:DMEM_INST|mem~2934                                             ; 1                 ; 0       ;
;      - TOP:DUT|dmem:DMEM_INST|mem~2806                                             ; 1                 ; 0       ;
;      - TOP:DUT|dmem:DMEM_INST|mem~2678                                             ; 1                 ; 0       ;
;      - TOP:DUT|dmem:DMEM_INST|mem~3062                                             ; 1                 ; 0       ;
;      - TOP:DUT|dmem:DMEM_INST|mem~2870                                             ; 0                 ; 0       ;
;      - TOP:DUT|dmem:DMEM_INST|mem~2742                                             ; 1                 ; 0       ;
;      - TOP:DUT|dmem:DMEM_INST|mem~2614                                             ; 1                 ; 0       ;
;      - TOP:DUT|dmem:DMEM_INST|mem~2998                                             ; 0                 ; 0       ;
;      - TOP:DUT|dmem:DMEM_INST|mem~2838                                             ; 0                 ; 0       ;
;      - TOP:DUT|dmem:DMEM_INST|mem~2966                                             ; 0                 ; 0       ;
;      - TOP:DUT|dmem:DMEM_INST|mem~2710                                             ; 0                 ; 0       ;
;      - TOP:DUT|dmem:DMEM_INST|mem~3094                                             ; 0                 ; 0       ;
;      - TOP:DUT|dmem:DMEM_INST|mem~3446                                             ; 0                 ; 0       ;
;      - TOP:DUT|dmem:DMEM_INST|mem~3414                                             ; 1                 ; 0       ;
;      - TOP:DUT|dmem:DMEM_INST|mem~3382                                             ; 0                 ; 0       ;
;      - TOP:DUT|dmem:DMEM_INST|mem~3478                                             ; 0                 ; 0       ;
;      - TOP:DUT|dmem:DMEM_INST|mem~3286                                             ; 1                 ; 0       ;
;      - TOP:DUT|dmem:DMEM_INST|mem~3318                                             ; 0                 ; 0       ;
;      - TOP:DUT|dmem:DMEM_INST|mem~3254                                             ; 0                 ; 0       ;
;      - TOP:DUT|dmem:DMEM_INST|mem~3350                                             ; 0                 ; 0       ;
;      - TOP:DUT|dmem:DMEM_INST|mem~3190                                             ; 0                 ; 0       ;
;      - TOP:DUT|dmem:DMEM_INST|mem~3158                                             ; 0                 ; 0       ;
;      - TOP:DUT|dmem:DMEM_INST|mem~3126                                             ; 0                 ; 0       ;
;      - TOP:DUT|dmem:DMEM_INST|mem~3222                                             ; 0                 ; 0       ;
;      - TOP:DUT|dmem:DMEM_INST|mem~3542                                             ; 1                 ; 0       ;
;      - TOP:DUT|dmem:DMEM_INST|mem~3574                                             ; 0                 ; 0       ;
;      - TOP:DUT|dmem:DMEM_INST|mem~3510                                             ; 1                 ; 0       ;
;      - TOP:DUT|dmem:DMEM_INST|mem~3606                                             ; 1                 ; 0       ;
;      - TOP:DUT|dmem:DMEM_INST|mem~2294                                             ; 0                 ; 0       ;
;      - TOP:DUT|dmem:DMEM_INST|mem~2262                                             ; 0                 ; 0       ;
;      - TOP:DUT|dmem:DMEM_INST|mem~2230                                             ; 0                 ; 0       ;
;      - TOP:DUT|dmem:DMEM_INST|mem~2326                                             ; 0                 ; 0       ;
;      - TOP:DUT|dmem:DMEM_INST|mem~2390                                             ; 0                 ; 0       ;
;      - TOP:DUT|dmem:DMEM_INST|mem~2422                                             ; 0                 ; 0       ;
;      - TOP:DUT|dmem:DMEM_INST|mem~2358                                             ; 0                 ; 0       ;
;      - TOP:DUT|dmem:DMEM_INST|mem~2454                                             ; 0                 ; 0       ;
;      - TOP:DUT|dmem:DMEM_INST|mem~2134                                             ; 1                 ; 0       ;
;      - TOP:DUT|dmem:DMEM_INST|mem~2166                                             ; 0                 ; 0       ;
;      - TOP:DUT|dmem:DMEM_INST|mem~2102                                             ; 1                 ; 0       ;
;      - TOP:DUT|dmem:DMEM_INST|mem~2198                                             ; 1                 ; 0       ;
;      - TOP:DUT|dmem:DMEM_INST|mem~2550                                             ; 0                 ; 0       ;
;      - TOP:DUT|dmem:DMEM_INST|mem~2518                                             ; 1                 ; 0       ;
;      - TOP:DUT|dmem:DMEM_INST|mem~2486                                             ; 0                 ; 0       ;
;      - TOP:DUT|dmem:DMEM_INST|mem~2582                                             ; 0                 ; 0       ;
;      - TOP:DUT|dmem:DMEM_INST|mem~3830                                             ; 1                 ; 0       ;
;      - TOP:DUT|dmem:DMEM_INST|mem~3958                                             ; 0                 ; 0       ;
;      - TOP:DUT|dmem:DMEM_INST|mem~3702                                             ; 0                 ; 0       ;
;      - TOP:DUT|dmem:DMEM_INST|mem~4086                                             ; 1                 ; 0       ;
;      - TOP:DUT|dmem:DMEM_INST|mem~3926                                             ; 0                 ; 0       ;
;      - TOP:DUT|dmem:DMEM_INST|mem~3798                                             ; 1                 ; 0       ;
;      - TOP:DUT|dmem:DMEM_INST|mem~3670                                             ; 1                 ; 0       ;
;      - TOP:DUT|dmem:DMEM_INST|mem~4054                                             ; 0                 ; 0       ;
;      - TOP:DUT|dmem:DMEM_INST|mem~3766                                             ; 0                 ; 0       ;
;      - TOP:DUT|dmem:DMEM_INST|mem~3894                                             ; 0                 ; 0       ;
;      - TOP:DUT|dmem:DMEM_INST|mem~3638                                             ; 0                 ; 0       ;
;      - TOP:DUT|dmem:DMEM_INST|mem~4022                                             ; 0                 ; 0       ;
;      - TOP:DUT|dmem:DMEM_INST|mem~3990                                             ; 0                 ; 0       ;
;      - TOP:DUT|dmem:DMEM_INST|mem~3862                                             ; 0                 ; 0       ;
;      - TOP:DUT|dmem:DMEM_INST|mem~3734                                             ; 0                 ; 0       ;
;      - TOP:DUT|dmem:DMEM_INST|mem~4118                                             ; 0                 ; 0       ;
;      - TOP:DUT|dmem:DMEM_INST|mem~1397                                             ; 1                 ; 0       ;
;      - TOP:DUT|dmem:DMEM_INST|mem~1365                                             ; 0                 ; 0       ;
;      - TOP:DUT|dmem:DMEM_INST|mem~1333                                             ; 0                 ; 0       ;
;      - TOP:DUT|dmem:DMEM_INST|mem~1429                                             ; 1                 ; 0       ;
;      - TOP:DUT|dmem:DMEM_INST|mem~1237                                             ; 0                 ; 0       ;
;      - TOP:DUT|dmem:DMEM_INST|mem~1269                                             ; 0                 ; 0       ;
;      - TOP:DUT|dmem:DMEM_INST|mem~1205                                             ; 0                 ; 0       ;
;      - TOP:DUT|dmem:DMEM_INST|mem~1301                                             ; 0                 ; 0       ;
;      - TOP:DUT|dmem:DMEM_INST|mem~1141                                             ; 0                 ; 0       ;
;      - TOP:DUT|dmem:DMEM_INST|mem~1109                                             ; 0                 ; 0       ;
;      - TOP:DUT|dmem:DMEM_INST|mem~1077                                             ; 1                 ; 0       ;
;      - TOP:DUT|dmem:DMEM_INST|mem~1173                                             ; 1                 ; 0       ;
;      - TOP:DUT|dmem:DMEM_INST|mem~1493                                             ; 1                 ; 0       ;
;      - TOP:DUT|dmem:DMEM_INST|mem~1525                                             ; 1                 ; 0       ;
;      - TOP:DUT|dmem:DMEM_INST|mem~1461                                             ; 1                 ; 0       ;
;      - TOP:DUT|dmem:DMEM_INST|mem~1557                                             ; 0                 ; 0       ;
;      - TOP:DUT|dmem:DMEM_INST|mem~725                                              ; 1                 ; 0       ;
;      - TOP:DUT|dmem:DMEM_INST|mem~853                                              ; 0                 ; 0       ;
;      - TOP:DUT|dmem:DMEM_INST|mem~597                                              ; 0                 ; 0       ;
;      - TOP:DUT|dmem:DMEM_INST|mem~981                                              ; 0                 ; 0       ;
;      - TOP:DUT|dmem:DMEM_INST|mem~885                                              ; 1                 ; 0       ;
;      - TOP:DUT|dmem:DMEM_INST|mem~757                                              ; 1                 ; 0       ;
;      - TOP:DUT|dmem:DMEM_INST|mem~629                                              ; 0                 ; 0       ;
;      - TOP:DUT|dmem:DMEM_INST|mem~1013                                             ; 0                 ; 0       ;
;      - TOP:DUT|dmem:DMEM_INST|mem~821                                              ; 0                 ; 0       ;
;      - TOP:DUT|dmem:DMEM_INST|mem~693                                              ; 0                 ; 0       ;
;      - TOP:DUT|dmem:DMEM_INST|mem~565                                              ; 0                 ; 0       ;
;      - TOP:DUT|dmem:DMEM_INST|mem~949                                              ; 0                 ; 0       ;
;      - TOP:DUT|dmem:DMEM_INST|mem~789                                              ; 0                 ; 0       ;
;      - TOP:DUT|dmem:DMEM_INST|mem~917                                              ; 1                 ; 0       ;
;      - TOP:DUT|dmem:DMEM_INST|mem~661                                              ; 0                 ; 0       ;
;      - TOP:DUT|dmem:DMEM_INST|mem~1045                                             ; 1                 ; 0       ;
;      - TOP:DUT|dmem:DMEM_INST|mem~245                                              ; 0                 ; 0       ;
;      - TOP:DUT|dmem:DMEM_INST|mem~213                                              ; 0                 ; 0       ;
;      - TOP:DUT|dmem:DMEM_INST|mem~181                                              ; 0                 ; 0       ;
;      - TOP:DUT|dmem:DMEM_INST|mem~277                                              ; 0                 ; 0       ;
;      - TOP:DUT|dmem:DMEM_INST|mem~341                                              ; 0                 ; 0       ;
;      - TOP:DUT|dmem:DMEM_INST|mem~373                                              ; 0                 ; 0       ;
;      - TOP:DUT|dmem:DMEM_INST|mem~309                                              ; 0                 ; 0       ;
;      - TOP:DUT|dmem:DMEM_INST|mem~405                                              ; 0                 ; 0       ;
;      - TOP:DUT|dmem:DMEM_INST|mem~85                                               ; 0                 ; 0       ;
;      - TOP:DUT|dmem:DMEM_INST|mem~117                                              ; 1                 ; 0       ;
;      - TOP:DUT|dmem:DMEM_INST|mem~53                                               ; 1                 ; 0       ;
;      - TOP:DUT|dmem:DMEM_INST|mem~149                                              ; 1                 ; 0       ;
;      - TOP:DUT|dmem:DMEM_INST|mem~501                                              ; 1                 ; 0       ;
;      - TOP:DUT|dmem:DMEM_INST|mem~469                                              ; 1                 ; 0       ;
;      - TOP:DUT|dmem:DMEM_INST|mem~437                                              ; 1                 ; 0       ;
;      - TOP:DUT|dmem:DMEM_INST|mem~533                                              ; 1                 ; 0       ;
;      - TOP:DUT|dmem:DMEM_INST|mem~1781                                             ; 0                 ; 0       ;
;      - TOP:DUT|dmem:DMEM_INST|mem~1909                                             ; 0                 ; 0       ;
;      - TOP:DUT|dmem:DMEM_INST|mem~1653                                             ; 0                 ; 0       ;
;      - TOP:DUT|dmem:DMEM_INST|mem~2037                                             ; 0                 ; 0       ;
;      - TOP:DUT|dmem:DMEM_INST|mem~1877                                             ; 0                 ; 0       ;
;      - TOP:DUT|dmem:DMEM_INST|mem~1749                                             ; 0                 ; 0       ;
;      - TOP:DUT|dmem:DMEM_INST|mem~1621                                             ; 1                 ; 0       ;
;      - TOP:DUT|dmem:DMEM_INST|mem~2005                                             ; 1                 ; 0       ;
;      - TOP:DUT|dmem:DMEM_INST|mem~1717                                             ; 0                 ; 0       ;
;      - TOP:DUT|dmem:DMEM_INST|mem~1845                                             ; 0                 ; 0       ;
;      - TOP:DUT|dmem:DMEM_INST|mem~1589                                             ; 1                 ; 0       ;
;      - TOP:DUT|dmem:DMEM_INST|mem~1973                                             ; 1                 ; 0       ;
;      - TOP:DUT|dmem:DMEM_INST|mem~1941                                             ; 1                 ; 0       ;
;      - TOP:DUT|dmem:DMEM_INST|mem~1813                                             ; 0                 ; 0       ;
;      - TOP:DUT|dmem:DMEM_INST|mem~1685                                             ; 0                 ; 0       ;
;      - TOP:DUT|dmem:DMEM_INST|mem~2069                                             ; 1                 ; 0       ;
;      - TOP:DUT|dmem:DMEM_INST|mem~2773                                             ; 1                 ; 0       ;
;      - TOP:DUT|dmem:DMEM_INST|mem~2901                                             ; 0                 ; 0       ;
;      - TOP:DUT|dmem:DMEM_INST|mem~2645                                             ; 0                 ; 0       ;
;      - TOP:DUT|dmem:DMEM_INST|mem~3029                                             ; 0                 ; 0       ;
;      - TOP:DUT|dmem:DMEM_INST|mem~2933                                             ; 1                 ; 0       ;
;      - TOP:DUT|dmem:DMEM_INST|mem~2805                                             ; 1                 ; 0       ;
;      - TOP:DUT|dmem:DMEM_INST|mem~2677                                             ; 1                 ; 0       ;
;      - TOP:DUT|dmem:DMEM_INST|mem~3061                                             ; 1                 ; 0       ;
;      - TOP:DUT|dmem:DMEM_INST|mem~2869                                             ; 0                 ; 0       ;
;      - TOP:DUT|dmem:DMEM_INST|mem~2741                                             ; 1                 ; 0       ;
;      - TOP:DUT|dmem:DMEM_INST|mem~2613                                             ; 1                 ; 0       ;
;      - TOP:DUT|dmem:DMEM_INST|mem~2997                                             ; 0                 ; 0       ;
;      - TOP:DUT|dmem:DMEM_INST|mem~2837                                             ; 0                 ; 0       ;
;      - TOP:DUT|dmem:DMEM_INST|mem~2965                                             ; 0                 ; 0       ;
;      - TOP:DUT|dmem:DMEM_INST|mem~2709                                             ; 0                 ; 0       ;
;      - TOP:DUT|dmem:DMEM_INST|mem~3093                                             ; 0                 ; 0       ;
;      - TOP:DUT|dmem:DMEM_INST|mem~3445                                             ; 0                 ; 0       ;
;      - TOP:DUT|dmem:DMEM_INST|mem~3413                                             ; 1                 ; 0       ;
;      - TOP:DUT|dmem:DMEM_INST|mem~3381                                             ; 0                 ; 0       ;
;      - TOP:DUT|dmem:DMEM_INST|mem~3477                                             ; 0                 ; 0       ;
;      - TOP:DUT|dmem:DMEM_INST|mem~3285                                             ; 1                 ; 0       ;
;      - TOP:DUT|dmem:DMEM_INST|mem~3317                                             ; 0                 ; 0       ;
;      - TOP:DUT|dmem:DMEM_INST|mem~3253                                             ; 1                 ; 0       ;
;      - TOP:DUT|dmem:DMEM_INST|mem~3349                                             ; 0                 ; 0       ;
;      - TOP:DUT|dmem:DMEM_INST|mem~3221                                             ; 1                 ; 0       ;
;      - TOP:DUT|dmem:DMEM_INST|mem~3157                                             ; 0                 ; 0       ;
;      - TOP:DUT|dmem:DMEM_INST|mem~3125                                             ; 0                 ; 0       ;
;      - TOP:DUT|dmem:DMEM_INST|mem~3189                                             ; 0                 ; 0       ;
;      - TOP:DUT|dmem:DMEM_INST|mem~3541                                             ; 0                 ; 0       ;
;      - TOP:DUT|dmem:DMEM_INST|mem~3573                                             ; 0                 ; 0       ;
;      - TOP:DUT|dmem:DMEM_INST|mem~3509                                             ; 0                 ; 0       ;
;      - TOP:DUT|dmem:DMEM_INST|mem~3605                                             ; 0                 ; 0       ;
;      - TOP:DUT|dmem:DMEM_INST|mem~2293                                             ; 0                 ; 0       ;
;      - TOP:DUT|dmem:DMEM_INST|mem~2261                                             ; 0                 ; 0       ;
;      - TOP:DUT|dmem:DMEM_INST|mem~2229                                             ; 0                 ; 0       ;
;      - TOP:DUT|dmem:DMEM_INST|mem~2325                                             ; 0                 ; 0       ;
;      - TOP:DUT|dmem:DMEM_INST|mem~2389                                             ; 0                 ; 0       ;
;      - TOP:DUT|dmem:DMEM_INST|mem~2421                                             ; 0                 ; 0       ;
;      - TOP:DUT|dmem:DMEM_INST|mem~2357                                             ; 0                 ; 0       ;
;      - TOP:DUT|dmem:DMEM_INST|mem~2453                                             ; 0                 ; 0       ;
;      - TOP:DUT|dmem:DMEM_INST|mem~2133                                             ; 1                 ; 0       ;
;      - TOP:DUT|dmem:DMEM_INST|mem~2165                                             ; 0                 ; 0       ;
;      - TOP:DUT|dmem:DMEM_INST|mem~2101                                             ; 0                 ; 0       ;
;      - TOP:DUT|dmem:DMEM_INST|mem~2197                                             ; 0                 ; 0       ;
;      - TOP:DUT|dmem:DMEM_INST|mem~2549                                             ; 0                 ; 0       ;
;      - TOP:DUT|dmem:DMEM_INST|mem~2517                                             ; 1                 ; 0       ;
;      - TOP:DUT|dmem:DMEM_INST|mem~2485                                             ; 0                 ; 0       ;
;      - TOP:DUT|dmem:DMEM_INST|mem~2581                                             ; 0                 ; 0       ;
;      - TOP:DUT|dmem:DMEM_INST|mem~3829                                             ; 1                 ; 0       ;
;      - TOP:DUT|dmem:DMEM_INST|mem~3957                                             ; 0                 ; 0       ;
;      - TOP:DUT|dmem:DMEM_INST|mem~3701                                             ; 0                 ; 0       ;
;      - TOP:DUT|dmem:DMEM_INST|mem~4085                                             ; 1                 ; 0       ;
;      - TOP:DUT|dmem:DMEM_INST|mem~3925                                             ; 0                 ; 0       ;
;      - TOP:DUT|dmem:DMEM_INST|mem~3797                                             ; 1                 ; 0       ;
;      - TOP:DUT|dmem:DMEM_INST|mem~3669                                             ; 1                 ; 0       ;
;      - TOP:DUT|dmem:DMEM_INST|mem~4053                                             ; 0                 ; 0       ;
;      - TOP:DUT|dmem:DMEM_INST|mem~3765                                             ; 0                 ; 0       ;
;      - TOP:DUT|dmem:DMEM_INST|mem~3893                                             ; 0                 ; 0       ;
;      - TOP:DUT|dmem:DMEM_INST|mem~3637                                             ; 0                 ; 0       ;
;      - TOP:DUT|dmem:DMEM_INST|mem~4021                                             ; 0                 ; 0       ;
;      - TOP:DUT|dmem:DMEM_INST|mem~3989                                             ; 1                 ; 0       ;
;      - TOP:DUT|dmem:DMEM_INST|mem~3861                                             ; 0                 ; 0       ;
;      - TOP:DUT|dmem:DMEM_INST|mem~3733                                             ; 0                 ; 0       ;
;      - TOP:DUT|dmem:DMEM_INST|mem~4117                                             ; 1                 ; 0       ;
;      - TOP:DUT|dmem:DMEM_INST|mem~1396                                             ; 1                 ; 0       ;
;      - TOP:DUT|dmem:DMEM_INST|mem~1364                                             ; 0                 ; 0       ;
;      - TOP:DUT|dmem:DMEM_INST|mem~1332                                             ; 0                 ; 0       ;
;      - TOP:DUT|dmem:DMEM_INST|mem~1428                                             ; 0                 ; 0       ;
;      - TOP:DUT|dmem:DMEM_INST|mem~1236                                             ; 0                 ; 0       ;
;      - TOP:DUT|dmem:DMEM_INST|mem~1268                                             ; 0                 ; 0       ;
;      - TOP:DUT|dmem:DMEM_INST|mem~1204                                             ; 1                 ; 0       ;
;      - TOP:DUT|dmem:DMEM_INST|mem~1300                                             ; 0                 ; 0       ;
;      - TOP:DUT|dmem:DMEM_INST|mem~1140                                             ; 0                 ; 0       ;
;      - TOP:DUT|dmem:DMEM_INST|mem~1108                                             ; 0                 ; 0       ;
;      - TOP:DUT|dmem:DMEM_INST|mem~1076                                             ; 1                 ; 0       ;
;      - TOP:DUT|dmem:DMEM_INST|mem~1172                                             ; 1                 ; 0       ;
;      - TOP:DUT|dmem:DMEM_INST|mem~1492                                             ; 1                 ; 0       ;
;      - TOP:DUT|dmem:DMEM_INST|mem~1524                                             ; 1                 ; 0       ;
;      - TOP:DUT|dmem:DMEM_INST|mem~1460                                             ; 1                 ; 0       ;
;      - TOP:DUT|dmem:DMEM_INST|mem~1556                                             ; 0                 ; 0       ;
;      - TOP:DUT|dmem:DMEM_INST|mem~724                                              ; 0                 ; 0       ;
;      - TOP:DUT|dmem:DMEM_INST|mem~852                                              ; 0                 ; 0       ;
;      - TOP:DUT|dmem:DMEM_INST|mem~596                                              ; 0                 ; 0       ;
;      - TOP:DUT|dmem:DMEM_INST|mem~980                                              ; 1                 ; 0       ;
;      - TOP:DUT|dmem:DMEM_INST|mem~884                                              ; 0                 ; 0       ;
;      - TOP:DUT|dmem:DMEM_INST|mem~756                                              ; 1                 ; 0       ;
;      - TOP:DUT|dmem:DMEM_INST|mem~628                                              ; 0                 ; 0       ;
;      - TOP:DUT|dmem:DMEM_INST|mem~1012                                             ; 0                 ; 0       ;
;      - TOP:DUT|dmem:DMEM_INST|mem~820                                              ; 0                 ; 0       ;
;      - TOP:DUT|dmem:DMEM_INST|mem~692                                              ; 1                 ; 0       ;
;      - TOP:DUT|dmem:DMEM_INST|mem~564                                              ; 0                 ; 0       ;
;      - TOP:DUT|dmem:DMEM_INST|mem~948                                              ; 0                 ; 0       ;
;      - TOP:DUT|dmem:DMEM_INST|mem~788                                              ; 0                 ; 0       ;
;      - TOP:DUT|dmem:DMEM_INST|mem~916                                              ; 1                 ; 0       ;
;      - TOP:DUT|dmem:DMEM_INST|mem~660                                              ; 0                 ; 0       ;
;      - TOP:DUT|dmem:DMEM_INST|mem~1044                                             ; 1                 ; 0       ;
;      - TOP:DUT|dmem:DMEM_INST|mem~244                                              ; 0                 ; 0       ;
;      - TOP:DUT|dmem:DMEM_INST|mem~212                                              ; 0                 ; 0       ;
;      - TOP:DUT|dmem:DMEM_INST|mem~180                                              ; 0                 ; 0       ;
;      - TOP:DUT|dmem:DMEM_INST|mem~276                                              ; 0                 ; 0       ;
;      - TOP:DUT|dmem:DMEM_INST|mem~340                                              ; 0                 ; 0       ;
;      - TOP:DUT|dmem:DMEM_INST|mem~372                                              ; 0                 ; 0       ;
;      - TOP:DUT|dmem:DMEM_INST|mem~308                                              ; 0                 ; 0       ;
;      - TOP:DUT|dmem:DMEM_INST|mem~404                                              ; 0                 ; 0       ;
;      - TOP:DUT|dmem:DMEM_INST|mem~84                                               ; 1                 ; 0       ;
;      - TOP:DUT|dmem:DMEM_INST|mem~116                                              ; 0                 ; 0       ;
;      - TOP:DUT|dmem:DMEM_INST|mem~52                                               ; 0                 ; 0       ;
;      - TOP:DUT|dmem:DMEM_INST|mem~148                                              ; 0                 ; 0       ;
;      - TOP:DUT|dmem:DMEM_INST|mem~500                                              ; 0                 ; 0       ;
;      - TOP:DUT|dmem:DMEM_INST|mem~468                                              ; 1                 ; 0       ;
;      - TOP:DUT|dmem:DMEM_INST|mem~436                                              ; 1                 ; 0       ;
;      - TOP:DUT|dmem:DMEM_INST|mem~532                                              ; 1                 ; 0       ;
;      - TOP:DUT|dmem:DMEM_INST|mem~1780                                             ; 0                 ; 0       ;
;      - TOP:DUT|dmem:DMEM_INST|mem~1908                                             ; 0                 ; 0       ;
;      - TOP:DUT|dmem:DMEM_INST|mem~1652                                             ; 0                 ; 0       ;
;      - TOP:DUT|dmem:DMEM_INST|mem~2036                                             ; 0                 ; 0       ;
;      - TOP:DUT|dmem:DMEM_INST|mem~1876                                             ; 0                 ; 0       ;
;      - TOP:DUT|dmem:DMEM_INST|mem~1748                                             ; 0                 ; 0       ;
;      - TOP:DUT|dmem:DMEM_INST|mem~1620                                             ; 0                 ; 0       ;
;      - TOP:DUT|dmem:DMEM_INST|mem~2004                                             ; 0                 ; 0       ;
;      - TOP:DUT|dmem:DMEM_INST|mem~1716                                             ; 0                 ; 0       ;
;      - TOP:DUT|dmem:DMEM_INST|mem~1844                                             ; 0                 ; 0       ;
;      - TOP:DUT|dmem:DMEM_INST|mem~1588                                             ; 1                 ; 0       ;
;      - TOP:DUT|dmem:DMEM_INST|mem~1972                                             ; 1                 ; 0       ;
;      - TOP:DUT|dmem:DMEM_INST|mem~1940                                             ; 1                 ; 0       ;
;      - TOP:DUT|dmem:DMEM_INST|mem~1812                                             ; 0                 ; 0       ;
;      - TOP:DUT|dmem:DMEM_INST|mem~1684                                             ; 0                 ; 0       ;
;      - TOP:DUT|dmem:DMEM_INST|mem~2068                                             ; 1                 ; 0       ;
;      - TOP:DUT|dmem:DMEM_INST|mem~2772                                             ; 1                 ; 0       ;
;      - TOP:DUT|dmem:DMEM_INST|mem~2900                                             ; 0                 ; 0       ;
;      - TOP:DUT|dmem:DMEM_INST|mem~2644                                             ; 0                 ; 0       ;
;      - TOP:DUT|dmem:DMEM_INST|mem~3028                                             ; 0                 ; 0       ;
;      - TOP:DUT|dmem:DMEM_INST|mem~2932                                             ; 1                 ; 0       ;
;      - TOP:DUT|dmem:DMEM_INST|mem~2804                                             ; 1                 ; 0       ;
;      - TOP:DUT|dmem:DMEM_INST|mem~2676                                             ; 1                 ; 0       ;
;      - TOP:DUT|dmem:DMEM_INST|mem~3060                                             ; 1                 ; 0       ;
;      - TOP:DUT|dmem:DMEM_INST|mem~2868                                             ; 0                 ; 0       ;
;      - TOP:DUT|dmem:DMEM_INST|mem~2740                                             ; 1                 ; 0       ;
;      - TOP:DUT|dmem:DMEM_INST|mem~2612                                             ; 1                 ; 0       ;
;      - TOP:DUT|dmem:DMEM_INST|mem~2996                                             ; 0                 ; 0       ;
;      - TOP:DUT|dmem:DMEM_INST|mem~2836                                             ; 0                 ; 0       ;
;      - TOP:DUT|dmem:DMEM_INST|mem~2964                                             ; 0                 ; 0       ;
;      - TOP:DUT|dmem:DMEM_INST|mem~2708                                             ; 0                 ; 0       ;
;      - TOP:DUT|dmem:DMEM_INST|mem~3092                                             ; 0                 ; 0       ;
;      - TOP:DUT|dmem:DMEM_INST|mem~3444                                             ; 0                 ; 0       ;
;      - TOP:DUT|dmem:DMEM_INST|mem~3412                                             ; 0                 ; 0       ;
;      - TOP:DUT|dmem:DMEM_INST|mem~3380                                             ; 0                 ; 0       ;
;      - TOP:DUT|dmem:DMEM_INST|mem~3476                                             ; 0                 ; 0       ;
;      - TOP:DUT|dmem:DMEM_INST|mem~3284                                             ; 1                 ; 0       ;
;      - TOP:DUT|dmem:DMEM_INST|mem~3316                                             ; 0                 ; 0       ;
;      - TOP:DUT|dmem:DMEM_INST|mem~3252                                             ; 1                 ; 0       ;
;      - TOP:DUT|dmem:DMEM_INST|mem~3348                                             ; 0                 ; 0       ;
;      - TOP:DUT|dmem:DMEM_INST|mem~3188                                             ; 0                 ; 0       ;
;      - TOP:DUT|dmem:DMEM_INST|mem~3156                                             ; 0                 ; 0       ;
;      - TOP:DUT|dmem:DMEM_INST|mem~3124                                             ; 0                 ; 0       ;
;      - TOP:DUT|dmem:DMEM_INST|mem~3220                                             ; 0                 ; 0       ;
;      - TOP:DUT|dmem:DMEM_INST|mem~3540                                             ; 1                 ; 0       ;
;      - TOP:DUT|dmem:DMEM_INST|mem~3572                                             ; 0                 ; 0       ;
;      - TOP:DUT|dmem:DMEM_INST|mem~3508                                             ; 0                 ; 0       ;
;      - TOP:DUT|dmem:DMEM_INST|mem~3604                                             ; 0                 ; 0       ;
;      - TOP:DUT|dmem:DMEM_INST|mem~2292                                             ; 0                 ; 0       ;
;      - TOP:DUT|dmem:DMEM_INST|mem~2260                                             ; 0                 ; 0       ;
;      - TOP:DUT|dmem:DMEM_INST|mem~2228                                             ; 0                 ; 0       ;
;      - TOP:DUT|dmem:DMEM_INST|mem~2324                                             ; 0                 ; 0       ;
;      - TOP:DUT|dmem:DMEM_INST|mem~2388                                             ; 0                 ; 0       ;
;      - TOP:DUT|dmem:DMEM_INST|mem~2420                                             ; 0                 ; 0       ;
;      - TOP:DUT|dmem:DMEM_INST|mem~2356                                             ; 0                 ; 0       ;
;      - TOP:DUT|dmem:DMEM_INST|mem~2452                                             ; 0                 ; 0       ;
;      - TOP:DUT|dmem:DMEM_INST|mem~2132                                             ; 1                 ; 0       ;
;      - TOP:DUT|dmem:DMEM_INST|mem~2164                                             ; 0                 ; 0       ;
;      - TOP:DUT|dmem:DMEM_INST|mem~2100                                             ; 0                 ; 0       ;
;      - TOP:DUT|dmem:DMEM_INST|mem~2196                                             ; 0                 ; 0       ;
;      - TOP:DUT|dmem:DMEM_INST|mem~2548                                             ; 0                 ; 0       ;
;      - TOP:DUT|dmem:DMEM_INST|mem~2516                                             ; 1                 ; 0       ;
;      - TOP:DUT|dmem:DMEM_INST|mem~2484                                             ; 0                 ; 0       ;
;      - TOP:DUT|dmem:DMEM_INST|mem~2580                                             ; 0                 ; 0       ;
;      - TOP:DUT|dmem:DMEM_INST|mem~3828                                             ; 1                 ; 0       ;
;      - TOP:DUT|dmem:DMEM_INST|mem~3956                                             ; 0                 ; 0       ;
;      - TOP:DUT|dmem:DMEM_INST|mem~3700                                             ; 0                 ; 0       ;
;      - TOP:DUT|dmem:DMEM_INST|mem~4084                                             ; 1                 ; 0       ;
;      - TOP:DUT|dmem:DMEM_INST|mem~3924                                             ; 0                 ; 0       ;
;      - TOP:DUT|dmem:DMEM_INST|mem~3796                                             ; 1                 ; 0       ;
;      - TOP:DUT|dmem:DMEM_INST|mem~3668                                             ; 1                 ; 0       ;
;      - TOP:DUT|dmem:DMEM_INST|mem~4052                                             ; 0                 ; 0       ;
;      - TOP:DUT|dmem:DMEM_INST|mem~3764                                             ; 0                 ; 0       ;
;      - TOP:DUT|dmem:DMEM_INST|mem~3892                                             ; 0                 ; 0       ;
;      - TOP:DUT|dmem:DMEM_INST|mem~3636                                             ; 0                 ; 0       ;
;      - TOP:DUT|dmem:DMEM_INST|mem~4020                                             ; 0                 ; 0       ;
;      - TOP:DUT|dmem:DMEM_INST|mem~3988                                             ; 1                 ; 0       ;
;      - TOP:DUT|dmem:DMEM_INST|mem~3860                                             ; 1                 ; 0       ;
;      - TOP:DUT|dmem:DMEM_INST|mem~3732                                             ; 1                 ; 0       ;
;      - TOP:DUT|dmem:DMEM_INST|mem~4116                                             ; 0                 ; 0       ;
;      - TOP:DUT|dmem:DMEM_INST|mem~1395                                             ; 1                 ; 0       ;
;      - TOP:DUT|dmem:DMEM_INST|mem~1363                                             ; 0                 ; 0       ;
;      - TOP:DUT|dmem:DMEM_INST|mem~1331                                             ; 0                 ; 0       ;
;      - TOP:DUT|dmem:DMEM_INST|mem~1427                                             ; 0                 ; 0       ;
;      - TOP:DUT|dmem:DMEM_INST|mem~1235                                             ; 0                 ; 0       ;
;      - TOP:DUT|dmem:DMEM_INST|mem~1267                                             ; 0                 ; 0       ;
;      - TOP:DUT|dmem:DMEM_INST|mem~1203                                             ; 0                 ; 0       ;
;      - TOP:DUT|dmem:DMEM_INST|mem~1299                                             ; 0                 ; 0       ;
;      - TOP:DUT|dmem:DMEM_INST|mem~1139                                             ; 0                 ; 0       ;
;      - TOP:DUT|dmem:DMEM_INST|mem~1107                                             ; 1                 ; 0       ;
;      - TOP:DUT|dmem:DMEM_INST|mem~1075                                             ; 0                 ; 0       ;
;      - TOP:DUT|dmem:DMEM_INST|mem~1171                                             ; 0                 ; 0       ;
;      - TOP:DUT|dmem:DMEM_INST|mem~1491                                             ; 1                 ; 0       ;
;      - TOP:DUT|dmem:DMEM_INST|mem~1523                                             ; 1                 ; 0       ;
;      - TOP:DUT|dmem:DMEM_INST|mem~1459                                             ; 1                 ; 0       ;
;      - TOP:DUT|dmem:DMEM_INST|mem~1555                                             ; 0                 ; 0       ;
;      - TOP:DUT|dmem:DMEM_INST|mem~723                                              ; 0                 ; 0       ;
;      - TOP:DUT|dmem:DMEM_INST|mem~851                                              ; 0                 ; 0       ;
;      - TOP:DUT|dmem:DMEM_INST|mem~595                                              ; 0                 ; 0       ;
;      - TOP:DUT|dmem:DMEM_INST|mem~979                                              ; 1                 ; 0       ;
;      - TOP:DUT|dmem:DMEM_INST|mem~883                                              ; 0                 ; 0       ;
;      - TOP:DUT|dmem:DMEM_INST|mem~755                                              ; 1                 ; 0       ;
;      - TOP:DUT|dmem:DMEM_INST|mem~627                                              ; 0                 ; 0       ;
;      - TOP:DUT|dmem:DMEM_INST|mem~1011                                             ; 0                 ; 0       ;
;      - TOP:DUT|dmem:DMEM_INST|mem~819                                              ; 1                 ; 0       ;
;      - TOP:DUT|dmem:DMEM_INST|mem~691                                              ; 0                 ; 0       ;
;      - TOP:DUT|dmem:DMEM_INST|mem~563                                              ; 0                 ; 0       ;
;      - TOP:DUT|dmem:DMEM_INST|mem~947                                              ; 0                 ; 0       ;
;      - TOP:DUT|dmem:DMEM_INST|mem~787                                              ; 0                 ; 0       ;
;      - TOP:DUT|dmem:DMEM_INST|mem~915                                              ; 1                 ; 0       ;
;      - TOP:DUT|dmem:DMEM_INST|mem~659                                              ; 0                 ; 0       ;
;      - TOP:DUT|dmem:DMEM_INST|mem~1043                                             ; 1                 ; 0       ;
;      - TOP:DUT|dmem:DMEM_INST|mem~243                                              ; 0                 ; 0       ;
;      - TOP:DUT|dmem:DMEM_INST|mem~211                                              ; 0                 ; 0       ;
;      - TOP:DUT|dmem:DMEM_INST|mem~179                                              ; 0                 ; 0       ;
;      - TOP:DUT|dmem:DMEM_INST|mem~275                                              ; 0                 ; 0       ;
;      - TOP:DUT|dmem:DMEM_INST|mem~339                                              ; 0                 ; 0       ;
;      - TOP:DUT|dmem:DMEM_INST|mem~371                                              ; 0                 ; 0       ;
;      - TOP:DUT|dmem:DMEM_INST|mem~307                                              ; 0                 ; 0       ;
;      - TOP:DUT|dmem:DMEM_INST|mem~403                                              ; 0                 ; 0       ;
;      - TOP:DUT|dmem:DMEM_INST|mem~83                                               ; 0                 ; 0       ;
;      - TOP:DUT|dmem:DMEM_INST|mem~115                                              ; 1                 ; 0       ;
;      - TOP:DUT|dmem:DMEM_INST|mem~51                                               ; 0                 ; 0       ;
;      - TOP:DUT|dmem:DMEM_INST|mem~147                                              ; 1                 ; 0       ;
;      - TOP:DUT|dmem:DMEM_INST|mem~499                                              ; 1                 ; 0       ;
;      - TOP:DUT|dmem:DMEM_INST|mem~467                                              ; 1                 ; 0       ;
;      - TOP:DUT|dmem:DMEM_INST|mem~435                                              ; 1                 ; 0       ;
;      - TOP:DUT|dmem:DMEM_INST|mem~531                                              ; 1                 ; 0       ;
;      - TOP:DUT|dmem:DMEM_INST|mem~1779                                             ; 0                 ; 0       ;
;      - TOP:DUT|dmem:DMEM_INST|mem~1907                                             ; 0                 ; 0       ;
;      - TOP:DUT|dmem:DMEM_INST|mem~1651                                             ; 0                 ; 0       ;
;      - TOP:DUT|dmem:DMEM_INST|mem~2035                                             ; 0                 ; 0       ;
;      - TOP:DUT|dmem:DMEM_INST|mem~1875                                             ; 0                 ; 0       ;
;      - TOP:DUT|dmem:DMEM_INST|mem~1747                                             ; 1                 ; 0       ;
;      - TOP:DUT|dmem:DMEM_INST|mem~1619                                             ; 1                 ; 0       ;
;      - TOP:DUT|dmem:DMEM_INST|mem~2003                                             ; 1                 ; 0       ;
;      - TOP:DUT|dmem:DMEM_INST|mem~1715                                             ; 1                 ; 0       ;
;      - TOP:DUT|dmem:DMEM_INST|mem~1843                                             ; 0                 ; 0       ;
;      - TOP:DUT|dmem:DMEM_INST|mem~1587                                             ; 0                 ; 0       ;
;      - TOP:DUT|dmem:DMEM_INST|mem~1971                                             ; 0                 ; 0       ;
;      - TOP:DUT|dmem:DMEM_INST|mem~1939                                             ; 1                 ; 0       ;
;      - TOP:DUT|dmem:DMEM_INST|mem~1811                                             ; 1                 ; 0       ;
;      - TOP:DUT|dmem:DMEM_INST|mem~1683                                             ; 1                 ; 0       ;
;      - TOP:DUT|dmem:DMEM_INST|mem~2067                                             ; 1                 ; 0       ;
;      - TOP:DUT|dmem:DMEM_INST|mem~2771                                             ; 1                 ; 0       ;
;      - TOP:DUT|dmem:DMEM_INST|mem~2899                                             ; 0                 ; 0       ;
;      - TOP:DUT|dmem:DMEM_INST|mem~2643                                             ; 0                 ; 0       ;
;      - TOP:DUT|dmem:DMEM_INST|mem~3027                                             ; 0                 ; 0       ;
;      - TOP:DUT|dmem:DMEM_INST|mem~2931                                             ; 1                 ; 0       ;
;      - TOP:DUT|dmem:DMEM_INST|mem~2803                                             ; 0                 ; 0       ;
;      - TOP:DUT|dmem:DMEM_INST|mem~2675                                             ; 1                 ; 0       ;
;      - TOP:DUT|dmem:DMEM_INST|mem~3059                                             ; 1                 ; 0       ;
;      - TOP:DUT|dmem:DMEM_INST|mem~2867                                             ; 0                 ; 0       ;
;      - TOP:DUT|dmem:DMEM_INST|mem~2739                                             ; 1                 ; 0       ;
;      - TOP:DUT|dmem:DMEM_INST|mem~2611                                             ; 1                 ; 0       ;
;      - TOP:DUT|dmem:DMEM_INST|mem~2995                                             ; 0                 ; 0       ;
;      - TOP:DUT|dmem:DMEM_INST|mem~2835                                             ; 0                 ; 0       ;
;      - TOP:DUT|dmem:DMEM_INST|mem~2963                                             ; 0                 ; 0       ;
;      - TOP:DUT|dmem:DMEM_INST|mem~2707                                             ; 0                 ; 0       ;
;      - TOP:DUT|dmem:DMEM_INST|mem~3091                                             ; 0                 ; 0       ;
;      - TOP:DUT|dmem:DMEM_INST|mem~3443                                             ; 0                 ; 0       ;
;      - TOP:DUT|dmem:DMEM_INST|mem~3411                                             ; 1                 ; 0       ;
;      - TOP:DUT|dmem:DMEM_INST|mem~3379                                             ; 0                 ; 0       ;
;      - TOP:DUT|dmem:DMEM_INST|mem~3475                                             ; 0                 ; 0       ;
;      - TOP:DUT|dmem:DMEM_INST|mem~3283                                             ; 0                 ; 0       ;
;      - TOP:DUT|dmem:DMEM_INST|mem~3315                                             ; 0                 ; 0       ;
;      - TOP:DUT|dmem:DMEM_INST|mem~3251                                             ; 0                 ; 0       ;
;      - TOP:DUT|dmem:DMEM_INST|mem~3347                                             ; 0                 ; 0       ;
;      - TOP:DUT|dmem:DMEM_INST|mem~3187                                             ; 0                 ; 0       ;
;      - TOP:DUT|dmem:DMEM_INST|mem~3155                                             ; 1                 ; 0       ;
;      - TOP:DUT|dmem:DMEM_INST|mem~3123                                             ; 0                 ; 0       ;
;      - TOP:DUT|dmem:DMEM_INST|mem~3219                                             ; 0                 ; 0       ;
;      - TOP:DUT|dmem:DMEM_INST|mem~3539                                             ; 0                 ; 0       ;
;      - TOP:DUT|dmem:DMEM_INST|mem~3571                                             ; 0                 ; 0       ;
;      - TOP:DUT|dmem:DMEM_INST|mem~3507                                             ; 0                 ; 0       ;
;      - TOP:DUT|dmem:DMEM_INST|mem~3603                                             ; 0                 ; 0       ;
;      - TOP:DUT|dmem:DMEM_INST|mem~2291                                             ; 0                 ; 0       ;
;      - TOP:DUT|dmem:DMEM_INST|mem~2259                                             ; 0                 ; 0       ;
;      - TOP:DUT|dmem:DMEM_INST|mem~2227                                             ; 0                 ; 0       ;
;      - TOP:DUT|dmem:DMEM_INST|mem~2323                                             ; 0                 ; 0       ;
;      - TOP:DUT|dmem:DMEM_INST|mem~2387                                             ; 0                 ; 0       ;
;      - TOP:DUT|dmem:DMEM_INST|mem~2419                                             ; 0                 ; 0       ;
;      - TOP:DUT|dmem:DMEM_INST|mem~2355                                             ; 0                 ; 0       ;
;      - TOP:DUT|dmem:DMEM_INST|mem~2451                                             ; 0                 ; 0       ;
;      - TOP:DUT|dmem:DMEM_INST|mem~2131                                             ; 0                 ; 0       ;
;      - TOP:DUT|dmem:DMEM_INST|mem~2163                                             ; 0                 ; 0       ;
;      - TOP:DUT|dmem:DMEM_INST|mem~2099                                             ; 0                 ; 0       ;
;      - TOP:DUT|dmem:DMEM_INST|mem~2195                                             ; 0                 ; 0       ;
;      - TOP:DUT|dmem:DMEM_INST|mem~2547                                             ; 0                 ; 0       ;
;      - TOP:DUT|dmem:DMEM_INST|mem~2515                                             ; 0                 ; 0       ;
;      - TOP:DUT|dmem:DMEM_INST|mem~2483                                             ; 0                 ; 0       ;
;      - TOP:DUT|dmem:DMEM_INST|mem~2579                                             ; 0                 ; 0       ;
;      - TOP:DUT|dmem:DMEM_INST|mem~3827                                             ; 1                 ; 0       ;
;      - TOP:DUT|dmem:DMEM_INST|mem~3955                                             ; 0                 ; 0       ;
;      - TOP:DUT|dmem:DMEM_INST|mem~3699                                             ; 0                 ; 0       ;
;      - TOP:DUT|dmem:DMEM_INST|mem~4083                                             ; 1                 ; 0       ;
;      - TOP:DUT|dmem:DMEM_INST|mem~3923                                             ; 0                 ; 0       ;
;      - TOP:DUT|dmem:DMEM_INST|mem~3795                                             ; 1                 ; 0       ;
;      - TOP:DUT|dmem:DMEM_INST|mem~3667                                             ; 1                 ; 0       ;
;      - TOP:DUT|dmem:DMEM_INST|mem~4051                                             ; 0                 ; 0       ;
;      - TOP:DUT|dmem:DMEM_INST|mem~3763                                             ; 0                 ; 0       ;
;      - TOP:DUT|dmem:DMEM_INST|mem~3891                                             ; 0                 ; 0       ;
;      - TOP:DUT|dmem:DMEM_INST|mem~3635                                             ; 0                 ; 0       ;
;      - TOP:DUT|dmem:DMEM_INST|mem~4019                                             ; 0                 ; 0       ;
;      - TOP:DUT|dmem:DMEM_INST|mem~3987                                             ; 0                 ; 0       ;
;      - TOP:DUT|dmem:DMEM_INST|mem~3859                                             ; 1                 ; 0       ;
;      - TOP:DUT|dmem:DMEM_INST|mem~3731                                             ; 1                 ; 0       ;
;      - TOP:DUT|dmem:DMEM_INST|mem~4115                                             ; 0                 ; 0       ;
;      - TOP:DUT|dmem:DMEM_INST|mem~1394                                             ; 1                 ; 0       ;
;      - TOP:DUT|dmem:DMEM_INST|mem~1362                                             ; 0                 ; 0       ;
;      - TOP:DUT|dmem:DMEM_INST|mem~1330                                             ; 0                 ; 0       ;
;      - TOP:DUT|dmem:DMEM_INST|mem~1426                                             ; 0                 ; 0       ;
;      - TOP:DUT|dmem:DMEM_INST|mem~1234                                             ; 0                 ; 0       ;
;      - TOP:DUT|dmem:DMEM_INST|mem~1266                                             ; 0                 ; 0       ;
;      - TOP:DUT|dmem:DMEM_INST|mem~1202                                             ; 0                 ; 0       ;
;      - TOP:DUT|dmem:DMEM_INST|mem~1298                                             ; 0                 ; 0       ;
;      - TOP:DUT|dmem:DMEM_INST|mem~1138                                             ; 0                 ; 0       ;
;      - TOP:DUT|dmem:DMEM_INST|mem~1106                                             ; 1                 ; 0       ;
;      - TOP:DUT|dmem:DMEM_INST|mem~1074                                             ; 0                 ; 0       ;
;      - TOP:DUT|dmem:DMEM_INST|mem~1170                                             ; 0                 ; 0       ;
;      - TOP:DUT|dmem:DMEM_INST|mem~1490                                             ; 1                 ; 0       ;
;      - TOP:DUT|dmem:DMEM_INST|mem~1522                                             ; 1                 ; 0       ;
;      - TOP:DUT|dmem:DMEM_INST|mem~1458                                             ; 0                 ; 0       ;
;      - TOP:DUT|dmem:DMEM_INST|mem~1554                                             ; 0                 ; 0       ;
;      - TOP:DUT|dmem:DMEM_INST|mem~722                                              ; 0                 ; 0       ;
;      - TOP:DUT|dmem:DMEM_INST|mem~850                                              ; 0                 ; 0       ;
;      - TOP:DUT|dmem:DMEM_INST|mem~594                                              ; 0                 ; 0       ;
;      - TOP:DUT|dmem:DMEM_INST|mem~978                                              ; 1                 ; 0       ;
;      - TOP:DUT|dmem:DMEM_INST|mem~882                                              ; 0                 ; 0       ;
;      - TOP:DUT|dmem:DMEM_INST|mem~754                                              ; 1                 ; 0       ;
;      - TOP:DUT|dmem:DMEM_INST|mem~626                                              ; 1                 ; 0       ;
;      - TOP:DUT|dmem:DMEM_INST|mem~1010                                             ; 0                 ; 0       ;
;      - TOP:DUT|dmem:DMEM_INST|mem~818                                              ; 0                 ; 0       ;
;      - TOP:DUT|dmem:DMEM_INST|mem~690                                              ; 1                 ; 0       ;
;      - TOP:DUT|dmem:DMEM_INST|mem~562                                              ; 0                 ; 0       ;
;      - TOP:DUT|dmem:DMEM_INST|mem~946                                              ; 0                 ; 0       ;
;      - TOP:DUT|dmem:DMEM_INST|mem~786                                              ; 1                 ; 0       ;
;      - TOP:DUT|dmem:DMEM_INST|mem~914                                              ; 1                 ; 0       ;
;      - TOP:DUT|dmem:DMEM_INST|mem~658                                              ; 0                 ; 0       ;
;      - TOP:DUT|dmem:DMEM_INST|mem~1042                                             ; 1                 ; 0       ;
;      - TOP:DUT|dmem:DMEM_INST|mem~242                                              ; 1                 ; 0       ;
;      - TOP:DUT|dmem:DMEM_INST|mem~210                                              ; 0                 ; 0       ;
;      - TOP:DUT|dmem:DMEM_INST|mem~178                                              ; 0                 ; 0       ;
;      - TOP:DUT|dmem:DMEM_INST|mem~274                                              ; 0                 ; 0       ;
;      - TOP:DUT|dmem:DMEM_INST|mem~338                                              ; 1                 ; 0       ;
;      - TOP:DUT|dmem:DMEM_INST|mem~370                                              ; 0                 ; 0       ;
;      - TOP:DUT|dmem:DMEM_INST|mem~306                                              ; 0                 ; 0       ;
;      - TOP:DUT|dmem:DMEM_INST|mem~402                                              ; 0                 ; 0       ;
;      - TOP:DUT|dmem:DMEM_INST|mem~82                                               ; 0                 ; 0       ;
;      - TOP:DUT|dmem:DMEM_INST|mem~114                                              ; 0                 ; 0       ;
;      - TOP:DUT|dmem:DMEM_INST|mem~50                                               ; 0                 ; 0       ;
;      - TOP:DUT|dmem:DMEM_INST|mem~146                                              ; 0                 ; 0       ;
;      - TOP:DUT|dmem:DMEM_INST|mem~498                                              ; 0                 ; 0       ;
;      - TOP:DUT|dmem:DMEM_INST|mem~466                                              ; 0                 ; 0       ;
;      - TOP:DUT|dmem:DMEM_INST|mem~434                                              ; 1                 ; 0       ;
;      - TOP:DUT|dmem:DMEM_INST|mem~530                                              ; 1                 ; 0       ;
;      - TOP:DUT|dmem:DMEM_INST|mem~1778                                             ; 0                 ; 0       ;
;      - TOP:DUT|dmem:DMEM_INST|mem~1906                                             ; 0                 ; 0       ;
;      - TOP:DUT|dmem:DMEM_INST|mem~1650                                             ; 0                 ; 0       ;
;      - TOP:DUT|dmem:DMEM_INST|mem~2034                                             ; 0                 ; 0       ;
;      - TOP:DUT|dmem:DMEM_INST|mem~1874                                             ; 0                 ; 0       ;
;      - TOP:DUT|dmem:DMEM_INST|mem~1746                                             ; 0                 ; 0       ;
;      - TOP:DUT|dmem:DMEM_INST|mem~1618                                             ; 1                 ; 0       ;
;      - TOP:DUT|dmem:DMEM_INST|mem~2002                                             ; 1                 ; 0       ;
;      - TOP:DUT|dmem:DMEM_INST|mem~1714                                             ; 1                 ; 0       ;
;      - TOP:DUT|dmem:DMEM_INST|mem~1842                                             ; 0                 ; 0       ;
;      - TOP:DUT|dmem:DMEM_INST|mem~1586                                             ; 0                 ; 0       ;
;      - TOP:DUT|dmem:DMEM_INST|mem~1970                                             ; 0                 ; 0       ;
;      - TOP:DUT|dmem:DMEM_INST|mem~1938                                             ; 1                 ; 0       ;
;      - TOP:DUT|dmem:DMEM_INST|mem~1810                                             ; 0                 ; 0       ;
;      - TOP:DUT|dmem:DMEM_INST|mem~1682                                             ; 0                 ; 0       ;
;      - TOP:DUT|dmem:DMEM_INST|mem~2066                                             ; 1                 ; 0       ;
;      - TOP:DUT|dmem:DMEM_INST|mem~2770                                             ; 1                 ; 0       ;
;      - TOP:DUT|dmem:DMEM_INST|mem~2898                                             ; 0                 ; 0       ;
;      - TOP:DUT|dmem:DMEM_INST|mem~2642                                             ; 0                 ; 0       ;
;      - TOP:DUT|dmem:DMEM_INST|mem~3026                                             ; 0                 ; 0       ;
;      - TOP:DUT|dmem:DMEM_INST|mem~2930                                             ; 0                 ; 0       ;
;      - TOP:DUT|dmem:DMEM_INST|mem~2802                                             ; 0                 ; 0       ;
;      - TOP:DUT|dmem:DMEM_INST|mem~2674                                             ; 1                 ; 0       ;
;      - TOP:DUT|dmem:DMEM_INST|mem~3058                                             ; 1                 ; 0       ;
;      - TOP:DUT|dmem:DMEM_INST|mem~2866                                             ; 0                 ; 0       ;
;      - TOP:DUT|dmem:DMEM_INST|mem~2738                                             ; 1                 ; 0       ;
;      - TOP:DUT|dmem:DMEM_INST|mem~2610                                             ; 1                 ; 0       ;
;      - TOP:DUT|dmem:DMEM_INST|mem~2994                                             ; 0                 ; 0       ;
;      - TOP:DUT|dmem:DMEM_INST|mem~2834                                             ; 0                 ; 0       ;
;      - TOP:DUT|dmem:DMEM_INST|mem~2962                                             ; 0                 ; 0       ;
;      - TOP:DUT|dmem:DMEM_INST|mem~2706                                             ; 0                 ; 0       ;
;      - TOP:DUT|dmem:DMEM_INST|mem~3090                                             ; 0                 ; 0       ;
;      - TOP:DUT|dmem:DMEM_INST|mem~3442                                             ; 1                 ; 0       ;
;      - TOP:DUT|dmem:DMEM_INST|mem~3410                                             ; 0                 ; 0       ;
;      - TOP:DUT|dmem:DMEM_INST|mem~3378                                             ; 0                 ; 0       ;
;      - TOP:DUT|dmem:DMEM_INST|mem~3474                                             ; 0                 ; 0       ;
;      - TOP:DUT|dmem:DMEM_INST|mem~3282                                             ; 1                 ; 0       ;
;      - TOP:DUT|dmem:DMEM_INST|mem~3314                                             ; 0                 ; 0       ;
;      - TOP:DUT|dmem:DMEM_INST|mem~3250                                             ; 1                 ; 0       ;
;      - TOP:DUT|dmem:DMEM_INST|mem~3346                                             ; 0                 ; 0       ;
;      - TOP:DUT|dmem:DMEM_INST|mem~3218                                             ; 0                 ; 0       ;
;      - TOP:DUT|dmem:DMEM_INST|mem~3154                                             ; 0                 ; 0       ;
;      - TOP:DUT|dmem:DMEM_INST|mem~3122                                             ; 0                 ; 0       ;
;      - TOP:DUT|dmem:DMEM_INST|mem~3186                                             ; 0                 ; 0       ;
;      - TOP:DUT|dmem:DMEM_INST|mem~3538                                             ; 1                 ; 0       ;
;      - TOP:DUT|dmem:DMEM_INST|mem~3570                                             ; 0                 ; 0       ;
;      - TOP:DUT|dmem:DMEM_INST|mem~3506                                             ; 0                 ; 0       ;
;      - TOP:DUT|dmem:DMEM_INST|mem~3602                                             ; 0                 ; 0       ;
;      - TOP:DUT|dmem:DMEM_INST|mem~2290                                             ; 0                 ; 0       ;
;      - TOP:DUT|dmem:DMEM_INST|mem~2258                                             ; 0                 ; 0       ;
;      - TOP:DUT|dmem:DMEM_INST|mem~2226                                             ; 0                 ; 0       ;
;      - TOP:DUT|dmem:DMEM_INST|mem~2322                                             ; 0                 ; 0       ;
;      - TOP:DUT|dmem:DMEM_INST|mem~2386                                             ; 0                 ; 0       ;
;      - TOP:DUT|dmem:DMEM_INST|mem~2418                                             ; 0                 ; 0       ;
;      - TOP:DUT|dmem:DMEM_INST|mem~2354                                             ; 0                 ; 0       ;
;      - TOP:DUT|dmem:DMEM_INST|mem~2450                                             ; 0                 ; 0       ;
;      - TOP:DUT|dmem:DMEM_INST|mem~2130                                             ; 1                 ; 0       ;
;      - TOP:DUT|dmem:DMEM_INST|mem~2162                                             ; 0                 ; 0       ;
;      - TOP:DUT|dmem:DMEM_INST|mem~2098                                             ; 1                 ; 0       ;
;      - TOP:DUT|dmem:DMEM_INST|mem~2194                                             ; 1                 ; 0       ;
;      - TOP:DUT|dmem:DMEM_INST|mem~2546                                             ; 0                 ; 0       ;
;      - TOP:DUT|dmem:DMEM_INST|mem~2514                                             ; 1                 ; 0       ;
;      - TOP:DUT|dmem:DMEM_INST|mem~2482                                             ; 0                 ; 0       ;
;      - TOP:DUT|dmem:DMEM_INST|mem~2578                                             ; 0                 ; 0       ;
;      - TOP:DUT|dmem:DMEM_INST|mem~3826                                             ; 1                 ; 0       ;
;      - TOP:DUT|dmem:DMEM_INST|mem~3954                                             ; 0                 ; 0       ;
;      - TOP:DUT|dmem:DMEM_INST|mem~3698                                             ; 0                 ; 0       ;
;      - TOP:DUT|dmem:DMEM_INST|mem~4082                                             ; 1                 ; 0       ;
;      - TOP:DUT|dmem:DMEM_INST|mem~3922                                             ; 1                 ; 0       ;
;      - TOP:DUT|dmem:DMEM_INST|mem~3794                                             ; 1                 ; 0       ;
;      - TOP:DUT|dmem:DMEM_INST|mem~3666                                             ; 1                 ; 0       ;
;      - TOP:DUT|dmem:DMEM_INST|mem~4050                                             ; 1                 ; 0       ;
;      - TOP:DUT|dmem:DMEM_INST|mem~3762                                             ; 0                 ; 0       ;
;      - TOP:DUT|dmem:DMEM_INST|mem~3890                                             ; 0                 ; 0       ;
;      - TOP:DUT|dmem:DMEM_INST|mem~3634                                             ; 1                 ; 0       ;
;      - TOP:DUT|dmem:DMEM_INST|mem~4018                                             ; 0                 ; 0       ;
;      - TOP:DUT|dmem:DMEM_INST|mem~3986                                             ; 0                 ; 0       ;
;      - TOP:DUT|dmem:DMEM_INST|mem~3858                                             ; 1                 ; 0       ;
;      - TOP:DUT|dmem:DMEM_INST|mem~3730                                             ; 1                 ; 0       ;
;      - TOP:DUT|dmem:DMEM_INST|mem~4114                                             ; 1                 ; 0       ;
;      - TOP:DUT|dmem:DMEM_INST|mem~1393                                             ; 1                 ; 0       ;
;      - TOP:DUT|dmem:DMEM_INST|mem~1361                                             ; 0                 ; 0       ;
;      - TOP:DUT|dmem:DMEM_INST|mem~1329                                             ; 0                 ; 0       ;
;      - TOP:DUT|dmem:DMEM_INST|mem~1425                                             ; 1                 ; 0       ;
;      - TOP:DUT|dmem:DMEM_INST|mem~1233                                             ; 0                 ; 0       ;
;      - TOP:DUT|dmem:DMEM_INST|mem~1265                                             ; 0                 ; 0       ;
;      - TOP:DUT|dmem:DMEM_INST|mem~1201                                             ; 0                 ; 0       ;
;      - TOP:DUT|dmem:DMEM_INST|mem~1297                                             ; 0                 ; 0       ;
;      - TOP:DUT|dmem:DMEM_INST|mem~1137                                             ; 0                 ; 0       ;
;      - TOP:DUT|dmem:DMEM_INST|mem~1105                                             ; 1                 ; 0       ;
;      - TOP:DUT|dmem:DMEM_INST|mem~1073                                             ; 0                 ; 0       ;
;      - TOP:DUT|dmem:DMEM_INST|mem~1169                                             ; 0                 ; 0       ;
;      - TOP:DUT|dmem:DMEM_INST|mem~1489                                             ; 0                 ; 0       ;
;      - TOP:DUT|dmem:DMEM_INST|mem~1521                                             ; 0                 ; 0       ;
;      - TOP:DUT|dmem:DMEM_INST|mem~1457                                             ; 0                 ; 0       ;
;      - TOP:DUT|dmem:DMEM_INST|mem~1553                                             ; 0                 ; 0       ;
;      - TOP:DUT|dmem:DMEM_INST|mem~721                                              ; 1                 ; 0       ;
;      - TOP:DUT|dmem:DMEM_INST|mem~849                                              ; 0                 ; 0       ;
;      - TOP:DUT|dmem:DMEM_INST|mem~593                                              ; 0                 ; 0       ;
;      - TOP:DUT|dmem:DMEM_INST|mem~977                                              ; 0                 ; 0       ;
;      - TOP:DUT|dmem:DMEM_INST|mem~881                                              ; 0                 ; 0       ;
;      - TOP:DUT|dmem:DMEM_INST|mem~753                                              ; 0                 ; 0       ;
;      - TOP:DUT|dmem:DMEM_INST|mem~625                                              ; 0                 ; 0       ;
;      - TOP:DUT|dmem:DMEM_INST|mem~1009                                             ; 0                 ; 0       ;
;      - TOP:DUT|dmem:DMEM_INST|mem~817                                              ; 1                 ; 0       ;
;      - TOP:DUT|dmem:DMEM_INST|mem~689                                              ; 0                 ; 0       ;
;      - TOP:DUT|dmem:DMEM_INST|mem~561                                              ; 0                 ; 0       ;
;      - TOP:DUT|dmem:DMEM_INST|mem~945                                              ; 0                 ; 0       ;
;      - TOP:DUT|dmem:DMEM_INST|mem~785                                              ; 1                 ; 0       ;
;      - TOP:DUT|dmem:DMEM_INST|mem~913                                              ; 1                 ; 0       ;
;      - TOP:DUT|dmem:DMEM_INST|mem~657                                              ; 0                 ; 0       ;
;      - TOP:DUT|dmem:DMEM_INST|mem~1041                                             ; 1                 ; 0       ;
;      - TOP:DUT|dmem:DMEM_INST|mem~241                                              ; 0                 ; 0       ;
;      - TOP:DUT|dmem:DMEM_INST|mem~209                                              ; 0                 ; 0       ;
;      - TOP:DUT|dmem:DMEM_INST|mem~177                                              ; 0                 ; 0       ;
;      - TOP:DUT|dmem:DMEM_INST|mem~273                                              ; 0                 ; 0       ;
;      - TOP:DUT|dmem:DMEM_INST|mem~337                                              ; 1                 ; 0       ;
;      - TOP:DUT|dmem:DMEM_INST|mem~369                                              ; 0                 ; 0       ;
;      - TOP:DUT|dmem:DMEM_INST|mem~305                                              ; 0                 ; 0       ;
;      - TOP:DUT|dmem:DMEM_INST|mem~401                                              ; 0                 ; 0       ;
;      - TOP:DUT|dmem:DMEM_INST|mem~81                                               ; 0                 ; 0       ;
;      - TOP:DUT|dmem:DMEM_INST|mem~113                                              ; 0                 ; 0       ;
;      - TOP:DUT|dmem:DMEM_INST|mem~49                                               ; 0                 ; 0       ;
;      - TOP:DUT|dmem:DMEM_INST|mem~145                                              ; 0                 ; 0       ;
;      - TOP:DUT|dmem:DMEM_INST|mem~497                                              ; 1                 ; 0       ;
;      - TOP:DUT|dmem:DMEM_INST|mem~465                                              ; 0                 ; 0       ;
;      - TOP:DUT|dmem:DMEM_INST|mem~433                                              ; 1                 ; 0       ;
;      - TOP:DUT|dmem:DMEM_INST|mem~529                                              ; 1                 ; 0       ;
;      - TOP:DUT|dmem:DMEM_INST|mem~1777                                             ; 0                 ; 0       ;
;      - TOP:DUT|dmem:DMEM_INST|mem~1905                                             ; 1                 ; 0       ;
;      - TOP:DUT|dmem:DMEM_INST|mem~1649                                             ; 0                 ; 0       ;
;      - TOP:DUT|dmem:DMEM_INST|mem~2033                                             ; 0                 ; 0       ;
;      - TOP:DUT|dmem:DMEM_INST|mem~1873                                             ; 0                 ; 0       ;
;      - TOP:DUT|dmem:DMEM_INST|mem~1745                                             ; 1                 ; 0       ;
;      - TOP:DUT|dmem:DMEM_INST|mem~1617                                             ; 1                 ; 0       ;
;      - TOP:DUT|dmem:DMEM_INST|mem~2001                                             ; 0                 ; 0       ;
;      - TOP:DUT|dmem:DMEM_INST|mem~1713                                             ; 0                 ; 0       ;
;      - TOP:DUT|dmem:DMEM_INST|mem~1841                                             ; 0                 ; 0       ;
;      - TOP:DUT|dmem:DMEM_INST|mem~1585                                             ; 1                 ; 0       ;
;      - TOP:DUT|dmem:DMEM_INST|mem~1969                                             ; 1                 ; 0       ;
;      - TOP:DUT|dmem:DMEM_INST|mem~1937                                             ; 0                 ; 0       ;
;      - TOP:DUT|dmem:DMEM_INST|mem~1809                                             ; 0                 ; 0       ;
;      - TOP:DUT|dmem:DMEM_INST|mem~1681                                             ; 0                 ; 0       ;
;      - TOP:DUT|dmem:DMEM_INST|mem~2065                                             ; 1                 ; 0       ;
;      - TOP:DUT|dmem:DMEM_INST|mem~2769                                             ; 1                 ; 0       ;
;      - TOP:DUT|dmem:DMEM_INST|mem~2897                                             ; 0                 ; 0       ;
;      - TOP:DUT|dmem:DMEM_INST|mem~2641                                             ; 1                 ; 0       ;
;      - TOP:DUT|dmem:DMEM_INST|mem~3025                                             ; 0                 ; 0       ;
;      - TOP:DUT|dmem:DMEM_INST|mem~2929                                             ; 0                 ; 0       ;
;      - TOP:DUT|dmem:DMEM_INST|mem~2801                                             ; 0                 ; 0       ;
;      - TOP:DUT|dmem:DMEM_INST|mem~2673                                             ; 1                 ; 0       ;
;      - TOP:DUT|dmem:DMEM_INST|mem~3057                                             ; 1                 ; 0       ;
;      - TOP:DUT|dmem:DMEM_INST|mem~2865                                             ; 0                 ; 0       ;
;      - TOP:DUT|dmem:DMEM_INST|mem~2737                                             ; 1                 ; 0       ;
;      - TOP:DUT|dmem:DMEM_INST|mem~2609                                             ; 1                 ; 0       ;
;      - TOP:DUT|dmem:DMEM_INST|mem~2993                                             ; 0                 ; 0       ;
;      - TOP:DUT|dmem:DMEM_INST|mem~2833                                             ; 0                 ; 0       ;
;      - TOP:DUT|dmem:DMEM_INST|mem~2961                                             ; 0                 ; 0       ;
;      - TOP:DUT|dmem:DMEM_INST|mem~2705                                             ; 0                 ; 0       ;
;      - TOP:DUT|dmem:DMEM_INST|mem~3089                                             ; 0                 ; 0       ;
;      - TOP:DUT|dmem:DMEM_INST|mem~3441                                             ; 1                 ; 0       ;
;      - TOP:DUT|dmem:DMEM_INST|mem~3409                                             ; 1                 ; 0       ;
;      - TOP:DUT|dmem:DMEM_INST|mem~3377                                             ; 0                 ; 0       ;
;      - TOP:DUT|dmem:DMEM_INST|mem~3473                                             ; 0                 ; 0       ;
;      - TOP:DUT|dmem:DMEM_INST|mem~3281                                             ; 1                 ; 0       ;
;      - TOP:DUT|dmem:DMEM_INST|mem~3313                                             ; 0                 ; 0       ;
;      - TOP:DUT|dmem:DMEM_INST|mem~3249                                             ; 1                 ; 0       ;
;      - TOP:DUT|dmem:DMEM_INST|mem~3345                                             ; 1                 ; 0       ;
;      - TOP:DUT|dmem:DMEM_INST|mem~3185                                             ; 0                 ; 0       ;
;      - TOP:DUT|dmem:DMEM_INST|mem~3153                                             ; 0                 ; 0       ;
;      - TOP:DUT|dmem:DMEM_INST|mem~3121                                             ; 1                 ; 0       ;
;      - TOP:DUT|dmem:DMEM_INST|mem~3217                                             ; 1                 ; 0       ;
;      - TOP:DUT|dmem:DMEM_INST|mem~3537                                             ; 1                 ; 0       ;
;      - TOP:DUT|dmem:DMEM_INST|mem~3569                                             ; 1                 ; 0       ;
;      - TOP:DUT|dmem:DMEM_INST|mem~3505                                             ; 0                 ; 0       ;
;      - TOP:DUT|dmem:DMEM_INST|mem~3601                                             ; 0                 ; 0       ;
;      - TOP:DUT|dmem:DMEM_INST|mem~2289                                             ; 0                 ; 0       ;
;      - TOP:DUT|dmem:DMEM_INST|mem~2257                                             ; 0                 ; 0       ;
;      - TOP:DUT|dmem:DMEM_INST|mem~2225                                             ; 0                 ; 0       ;
;      - TOP:DUT|dmem:DMEM_INST|mem~2321                                             ; 0                 ; 0       ;
;      - TOP:DUT|dmem:DMEM_INST|mem~2385                                             ; 0                 ; 0       ;
;      - TOP:DUT|dmem:DMEM_INST|mem~2417                                             ; 0                 ; 0       ;
;      - TOP:DUT|dmem:DMEM_INST|mem~2353                                             ; 0                 ; 0       ;
;      - TOP:DUT|dmem:DMEM_INST|mem~2449                                             ; 0                 ; 0       ;
;      - TOP:DUT|dmem:DMEM_INST|mem~2129                                             ; 0                 ; 0       ;
;      - TOP:DUT|dmem:DMEM_INST|mem~2161                                             ; 0                 ; 0       ;
;      - TOP:DUT|dmem:DMEM_INST|mem~2097                                             ; 0                 ; 0       ;
;      - TOP:DUT|dmem:DMEM_INST|mem~2193                                             ; 0                 ; 0       ;
;      - TOP:DUT|dmem:DMEM_INST|mem~2545                                             ; 1                 ; 0       ;
;      - TOP:DUT|dmem:DMEM_INST|mem~2513                                             ; 1                 ; 0       ;
;      - TOP:DUT|dmem:DMEM_INST|mem~2481                                             ; 0                 ; 0       ;
;      - TOP:DUT|dmem:DMEM_INST|mem~2577                                             ; 0                 ; 0       ;
;      - TOP:DUT|dmem:DMEM_INST|mem~3825                                             ; 1                 ; 0       ;
;      - TOP:DUT|dmem:DMEM_INST|mem~3953                                             ; 0                 ; 0       ;
;      - TOP:DUT|dmem:DMEM_INST|mem~3697                                             ; 0                 ; 0       ;
;      - TOP:DUT|dmem:DMEM_INST|mem~4081                                             ; 1                 ; 0       ;
;      - TOP:DUT|dmem:DMEM_INST|mem~3921                                             ; 0                 ; 0       ;
;      - TOP:DUT|dmem:DMEM_INST|mem~3793                                             ; 1                 ; 0       ;
;      - TOP:DUT|dmem:DMEM_INST|mem~3665                                             ; 1                 ; 0       ;
;      - TOP:DUT|dmem:DMEM_INST|mem~4049                                             ; 0                 ; 0       ;
;      - TOP:DUT|dmem:DMEM_INST|mem~3761                                             ; 0                 ; 0       ;
;      - TOP:DUT|dmem:DMEM_INST|mem~3889                                             ; 0                 ; 0       ;
;      - TOP:DUT|dmem:DMEM_INST|mem~3633                                             ; 1                 ; 0       ;
;      - TOP:DUT|dmem:DMEM_INST|mem~4017                                             ; 0                 ; 0       ;
;      - TOP:DUT|dmem:DMEM_INST|mem~3985                                             ; 0                 ; 0       ;
;      - TOP:DUT|dmem:DMEM_INST|mem~3857                                             ; 0                 ; 0       ;
;      - TOP:DUT|dmem:DMEM_INST|mem~3729                                             ; 0                 ; 0       ;
;      - TOP:DUT|dmem:DMEM_INST|mem~4113                                             ; 1                 ; 0       ;
;      - TOP:DUT|dmem:DMEM_INST|mem~1392                                             ; 1                 ; 0       ;
;      - TOP:DUT|dmem:DMEM_INST|mem~1360                                             ; 0                 ; 0       ;
;      - TOP:DUT|dmem:DMEM_INST|mem~1328                                             ; 0                 ; 0       ;
;      - TOP:DUT|dmem:DMEM_INST|mem~1424                                             ; 0                 ; 0       ;
;      - TOP:DUT|dmem:DMEM_INST|mem~1232                                             ; 0                 ; 0       ;
;      - TOP:DUT|dmem:DMEM_INST|mem~1264                                             ; 0                 ; 0       ;
;      - TOP:DUT|dmem:DMEM_INST|mem~1200                                             ; 0                 ; 0       ;
;      - TOP:DUT|dmem:DMEM_INST|mem~1296                                             ; 0                 ; 0       ;
;      - TOP:DUT|dmem:DMEM_INST|mem~1136                                             ; 0                 ; 0       ;
;      - TOP:DUT|dmem:DMEM_INST|mem~1104                                             ; 0                 ; 0       ;
;      - TOP:DUT|dmem:DMEM_INST|mem~1072                                             ; 0                 ; 0       ;
;      - TOP:DUT|dmem:DMEM_INST|mem~1168                                             ; 0                 ; 0       ;
;      - TOP:DUT|dmem:DMEM_INST|mem~1488                                             ; 1                 ; 0       ;
;      - TOP:DUT|dmem:DMEM_INST|mem~1520                                             ; 1                 ; 0       ;
;      - TOP:DUT|dmem:DMEM_INST|mem~1456                                             ; 1                 ; 0       ;
;      - TOP:DUT|dmem:DMEM_INST|mem~1552                                             ; 0                 ; 0       ;
;      - TOP:DUT|dmem:DMEM_INST|mem~720                                              ; 1                 ; 0       ;
;      - TOP:DUT|dmem:DMEM_INST|mem~848                                              ; 0                 ; 0       ;
;      - TOP:DUT|dmem:DMEM_INST|mem~592                                              ; 0                 ; 0       ;
;      - TOP:DUT|dmem:DMEM_INST|mem~976                                              ; 0                 ; 0       ;
;      - TOP:DUT|dmem:DMEM_INST|mem~880                                              ; 0                 ; 0       ;
;      - TOP:DUT|dmem:DMEM_INST|mem~752                                              ; 1                 ; 0       ;
;      - TOP:DUT|dmem:DMEM_INST|mem~624                                              ; 1                 ; 0       ;
;      - TOP:DUT|dmem:DMEM_INST|mem~1008                                             ; 0                 ; 0       ;
;      - TOP:DUT|dmem:DMEM_INST|mem~816                                              ; 0                 ; 0       ;
;      - TOP:DUT|dmem:DMEM_INST|mem~688                                              ; 1                 ; 0       ;
;      - TOP:DUT|dmem:DMEM_INST|mem~560                                              ; 0                 ; 0       ;
;      - TOP:DUT|dmem:DMEM_INST|mem~944                                              ; 1                 ; 0       ;
;      - TOP:DUT|dmem:DMEM_INST|mem~784                                              ; 0                 ; 0       ;
;      - TOP:DUT|dmem:DMEM_INST|mem~912                                              ; 1                 ; 0       ;
;      - TOP:DUT|dmem:DMEM_INST|mem~656                                              ; 0                 ; 0       ;
;      - TOP:DUT|dmem:DMEM_INST|mem~1040                                             ; 1                 ; 0       ;
;      - TOP:DUT|dmem:DMEM_INST|mem~240                                              ; 0                 ; 0       ;
;      - TOP:DUT|dmem:DMEM_INST|mem~208                                              ; 0                 ; 0       ;
;      - TOP:DUT|dmem:DMEM_INST|mem~176                                              ; 0                 ; 0       ;
;      - TOP:DUT|dmem:DMEM_INST|mem~272                                              ; 0                 ; 0       ;
;      - TOP:DUT|dmem:DMEM_INST|mem~336                                              ; 0                 ; 0       ;
;      - TOP:DUT|dmem:DMEM_INST|mem~368                                              ; 0                 ; 0       ;
;      - TOP:DUT|dmem:DMEM_INST|mem~304                                              ; 0                 ; 0       ;
;      - TOP:DUT|dmem:DMEM_INST|mem~400                                              ; 0                 ; 0       ;
;      - TOP:DUT|dmem:DMEM_INST|mem~80                                               ; 0                 ; 0       ;
;      - TOP:DUT|dmem:DMEM_INST|mem~112                                              ; 0                 ; 0       ;
;      - TOP:DUT|dmem:DMEM_INST|mem~48                                               ; 1                 ; 0       ;
;      - TOP:DUT|dmem:DMEM_INST|mem~144                                              ; 1                 ; 0       ;
;      - TOP:DUT|dmem:DMEM_INST|mem~496                                              ; 0                 ; 0       ;
;      - TOP:DUT|dmem:DMEM_INST|mem~464                                              ; 0                 ; 0       ;
;      - TOP:DUT|dmem:DMEM_INST|mem~432                                              ; 1                 ; 0       ;
;      - TOP:DUT|dmem:DMEM_INST|mem~528                                              ; 1                 ; 0       ;
;      - TOP:DUT|dmem:DMEM_INST|mem~1776                                             ; 0                 ; 0       ;
;      - TOP:DUT|dmem:DMEM_INST|mem~1904                                             ; 1                 ; 0       ;
;      - TOP:DUT|dmem:DMEM_INST|mem~1648                                             ; 0                 ; 0       ;
;      - TOP:DUT|dmem:DMEM_INST|mem~2032                                             ; 0                 ; 0       ;
;      - TOP:DUT|dmem:DMEM_INST|mem~1872                                             ; 0                 ; 0       ;
;      - TOP:DUT|dmem:DMEM_INST|mem~1744                                             ; 0                 ; 0       ;
;      - TOP:DUT|dmem:DMEM_INST|mem~1616                                             ; 1                 ; 0       ;
;      - TOP:DUT|dmem:DMEM_INST|mem~2000                                             ; 1                 ; 0       ;
;      - TOP:DUT|dmem:DMEM_INST|mem~1712                                             ; 1                 ; 0       ;
;      - TOP:DUT|dmem:DMEM_INST|mem~1840                                             ; 0                 ; 0       ;
;      - TOP:DUT|dmem:DMEM_INST|mem~1584                                             ; 1                 ; 0       ;
;      - TOP:DUT|dmem:DMEM_INST|mem~1968                                             ; 0                 ; 0       ;
;      - TOP:DUT|dmem:DMEM_INST|mem~1936                                             ; 1                 ; 0       ;
;      - TOP:DUT|dmem:DMEM_INST|mem~1808                                             ; 0                 ; 0       ;
;      - TOP:DUT|dmem:DMEM_INST|mem~1680                                             ; 0                 ; 0       ;
;      - TOP:DUT|dmem:DMEM_INST|mem~2064                                             ; 1                 ; 0       ;
;      - TOP:DUT|dmem:DMEM_INST|mem~2768                                             ; 1                 ; 0       ;
;      - TOP:DUT|dmem:DMEM_INST|mem~2896                                             ; 0                 ; 0       ;
;      - TOP:DUT|dmem:DMEM_INST|mem~2640                                             ; 0                 ; 0       ;
;      - TOP:DUT|dmem:DMEM_INST|mem~3024                                             ; 0                 ; 0       ;
;      - TOP:DUT|dmem:DMEM_INST|mem~2928                                             ; 0                 ; 0       ;
;      - TOP:DUT|dmem:DMEM_INST|mem~2800                                             ; 0                 ; 0       ;
;      - TOP:DUT|dmem:DMEM_INST|mem~2672                                             ; 1                 ; 0       ;
;      - TOP:DUT|dmem:DMEM_INST|mem~3056                                             ; 1                 ; 0       ;
;      - TOP:DUT|dmem:DMEM_INST|mem~2864                                             ; 1                 ; 0       ;
;      - TOP:DUT|dmem:DMEM_INST|mem~2736                                             ; 0                 ; 0       ;
;      - TOP:DUT|dmem:DMEM_INST|mem~2608                                             ; 1                 ; 0       ;
;      - TOP:DUT|dmem:DMEM_INST|mem~2992                                             ; 1                 ; 0       ;
;      - TOP:DUT|dmem:DMEM_INST|mem~2832                                             ; 1                 ; 0       ;
;      - TOP:DUT|dmem:DMEM_INST|mem~2960                                             ; 0                 ; 0       ;
;      - TOP:DUT|dmem:DMEM_INST|mem~2704                                             ; 0                 ; 0       ;
;      - TOP:DUT|dmem:DMEM_INST|mem~3088                                             ; 1                 ; 0       ;
;      - TOP:DUT|dmem:DMEM_INST|mem~3440                                             ; 1                 ; 0       ;
;      - TOP:DUT|dmem:DMEM_INST|mem~3408                                             ; 0                 ; 0       ;
;      - TOP:DUT|dmem:DMEM_INST|mem~3376                                             ; 0                 ; 0       ;
;      - TOP:DUT|dmem:DMEM_INST|mem~3472                                             ; 0                 ; 0       ;
;      - TOP:DUT|dmem:DMEM_INST|mem~3280                                             ; 1                 ; 0       ;
;      - TOP:DUT|dmem:DMEM_INST|mem~3312                                             ; 0                 ; 0       ;
;      - TOP:DUT|dmem:DMEM_INST|mem~3248                                             ; 1                 ; 0       ;
;      - TOP:DUT|dmem:DMEM_INST|mem~3344                                             ; 0                 ; 0       ;
;      - TOP:DUT|dmem:DMEM_INST|mem~3184                                             ; 0                 ; 0       ;
;      - TOP:DUT|dmem:DMEM_INST|mem~3152                                             ; 0                 ; 0       ;
;      - TOP:DUT|dmem:DMEM_INST|mem~3120                                             ; 0                 ; 0       ;
;      - TOP:DUT|dmem:DMEM_INST|mem~3216                                             ; 0                 ; 0       ;
;      - TOP:DUT|dmem:DMEM_INST|mem~3536                                             ; 0                 ; 0       ;
;      - TOP:DUT|dmem:DMEM_INST|mem~3568                                             ; 0                 ; 0       ;
;      - TOP:DUT|dmem:DMEM_INST|mem~3504                                             ; 0                 ; 0       ;
;      - TOP:DUT|dmem:DMEM_INST|mem~3600                                             ; 0                 ; 0       ;
;      - TOP:DUT|dmem:DMEM_INST|mem~2288                                             ; 0                 ; 0       ;
;      - TOP:DUT|dmem:DMEM_INST|mem~2256                                             ; 0                 ; 0       ;
;      - TOP:DUT|dmem:DMEM_INST|mem~2224                                             ; 0                 ; 0       ;
;      - TOP:DUT|dmem:DMEM_INST|mem~2320                                             ; 0                 ; 0       ;
;      - TOP:DUT|dmem:DMEM_INST|mem~2384                                             ; 0                 ; 0       ;
;      - TOP:DUT|dmem:DMEM_INST|mem~2416                                             ; 0                 ; 0       ;
;      - TOP:DUT|dmem:DMEM_INST|mem~2352                                             ; 0                 ; 0       ;
;      - TOP:DUT|dmem:DMEM_INST|mem~2448                                             ; 0                 ; 0       ;
;      - TOP:DUT|dmem:DMEM_INST|mem~2128                                             ; 1                 ; 0       ;
;      - TOP:DUT|dmem:DMEM_INST|mem~2160                                             ; 0                 ; 0       ;
;      - TOP:DUT|dmem:DMEM_INST|mem~2096                                             ; 0                 ; 0       ;
;      - TOP:DUT|dmem:DMEM_INST|mem~2192                                             ; 0                 ; 0       ;
;      - TOP:DUT|dmem:DMEM_INST|mem~2544                                             ; 1                 ; 0       ;
;      - TOP:DUT|dmem:DMEM_INST|mem~2512                                             ; 0                 ; 0       ;
;      - TOP:DUT|dmem:DMEM_INST|mem~2480                                             ; 0                 ; 0       ;
;      - TOP:DUT|dmem:DMEM_INST|mem~2576                                             ; 0                 ; 0       ;
;      - TOP:DUT|dmem:DMEM_INST|mem~3824                                             ; 1                 ; 0       ;
;      - TOP:DUT|dmem:DMEM_INST|mem~3952                                             ; 0                 ; 0       ;
;      - TOP:DUT|dmem:DMEM_INST|mem~3696                                             ; 0                 ; 0       ;
;      - TOP:DUT|dmem:DMEM_INST|mem~4080                                             ; 1                 ; 0       ;
;      - TOP:DUT|dmem:DMEM_INST|mem~3920                                             ; 1                 ; 0       ;
;      - TOP:DUT|dmem:DMEM_INST|mem~3792                                             ; 1                 ; 0       ;
;      - TOP:DUT|dmem:DMEM_INST|mem~3664                                             ; 1                 ; 0       ;
;      - TOP:DUT|dmem:DMEM_INST|mem~4048                                             ; 1                 ; 0       ;
;      - TOP:DUT|dmem:DMEM_INST|mem~3760                                             ; 0                 ; 0       ;
;      - TOP:DUT|dmem:DMEM_INST|mem~3888                                             ; 0                 ; 0       ;
;      - TOP:DUT|dmem:DMEM_INST|mem~3632                                             ; 0                 ; 0       ;
;      - TOP:DUT|dmem:DMEM_INST|mem~4016                                             ; 0                 ; 0       ;
;      - TOP:DUT|dmem:DMEM_INST|mem~3984                                             ; 0                 ; 0       ;
;      - TOP:DUT|dmem:DMEM_INST|mem~3856                                             ; 1                 ; 0       ;
;      - TOP:DUT|dmem:DMEM_INST|mem~3728                                             ; 1                 ; 0       ;
;      - TOP:DUT|dmem:DMEM_INST|mem~4112                                             ; 1                 ; 0       ;
;      - TOP:DUT|dmem:DMEM_INST|mem~1391                                             ; 1                 ; 0       ;
;      - TOP:DUT|dmem:DMEM_INST|mem~1359                                             ; 1                 ; 0       ;
;      - TOP:DUT|dmem:DMEM_INST|mem~1327                                             ; 1                 ; 0       ;
;      - TOP:DUT|dmem:DMEM_INST|mem~1423                                             ; 1                 ; 0       ;
;      - TOP:DUT|dmem:DMEM_INST|mem~1231                                             ; 0                 ; 0       ;
;      - TOP:DUT|dmem:DMEM_INST|mem~1263                                             ; 0                 ; 0       ;
;      - TOP:DUT|dmem:DMEM_INST|mem~1199                                             ; 0                 ; 0       ;
;      - TOP:DUT|dmem:DMEM_INST|mem~1295                                             ; 0                 ; 0       ;
;      - TOP:DUT|dmem:DMEM_INST|mem~1135                                             ; 0                 ; 0       ;
;      - TOP:DUT|dmem:DMEM_INST|mem~1103                                             ; 0                 ; 0       ;
;      - TOP:DUT|dmem:DMEM_INST|mem~1071                                             ; 0                 ; 0       ;
;      - TOP:DUT|dmem:DMEM_INST|mem~1167                                             ; 0                 ; 0       ;
;      - TOP:DUT|dmem:DMEM_INST|mem~1487                                             ; 1                 ; 0       ;
;      - TOP:DUT|dmem:DMEM_INST|mem~1519                                             ; 0                 ; 0       ;
;      - TOP:DUT|dmem:DMEM_INST|mem~1455                                             ; 0                 ; 0       ;
;      - TOP:DUT|dmem:DMEM_INST|mem~1551                                             ; 1                 ; 0       ;
;      - TOP:DUT|dmem:DMEM_INST|mem~719                                              ; 1                 ; 0       ;
;      - TOP:DUT|dmem:DMEM_INST|mem~847                                              ; 0                 ; 0       ;
;      - TOP:DUT|dmem:DMEM_INST|mem~591                                              ; 0                 ; 0       ;
;      - TOP:DUT|dmem:DMEM_INST|mem~975                                              ; 0                 ; 0       ;
;      - TOP:DUT|dmem:DMEM_INST|mem~879                                              ; 0                 ; 0       ;
;      - TOP:DUT|dmem:DMEM_INST|mem~751                                              ; 0                 ; 0       ;
;      - TOP:DUT|dmem:DMEM_INST|mem~623                                              ; 0                 ; 0       ;
;      - TOP:DUT|dmem:DMEM_INST|mem~1007                                             ; 0                 ; 0       ;
;      - TOP:DUT|dmem:DMEM_INST|mem~815                                              ; 0                 ; 0       ;
;      - TOP:DUT|dmem:DMEM_INST|mem~687                                              ; 0                 ; 0       ;
;      - TOP:DUT|dmem:DMEM_INST|mem~559                                              ; 0                 ; 0       ;
;      - TOP:DUT|dmem:DMEM_INST|mem~943                                              ; 1                 ; 0       ;
;      - TOP:DUT|dmem:DMEM_INST|mem~783                                              ; 0                 ; 0       ;
;      - TOP:DUT|dmem:DMEM_INST|mem~911                                              ; 1                 ; 0       ;
;      - TOP:DUT|dmem:DMEM_INST|mem~655                                              ; 0                 ; 0       ;
;      - TOP:DUT|dmem:DMEM_INST|mem~1039                                             ; 1                 ; 0       ;
;      - TOP:DUT|dmem:DMEM_INST|mem~239                                              ; 1                 ; 0       ;
;      - TOP:DUT|dmem:DMEM_INST|mem~207                                              ; 0                 ; 0       ;
;      - TOP:DUT|dmem:DMEM_INST|mem~175                                              ; 0                 ; 0       ;
;      - TOP:DUT|dmem:DMEM_INST|mem~271                                              ; 0                 ; 0       ;
;      - TOP:DUT|dmem:DMEM_INST|mem~335                                              ; 0                 ; 0       ;
;      - TOP:DUT|dmem:DMEM_INST|mem~367                                              ; 0                 ; 0       ;
;      - TOP:DUT|dmem:DMEM_INST|mem~303                                              ; 0                 ; 0       ;
;      - TOP:DUT|dmem:DMEM_INST|mem~399                                              ; 0                 ; 0       ;
;      - TOP:DUT|dmem:DMEM_INST|mem~79                                               ; 0                 ; 0       ;
;      - TOP:DUT|dmem:DMEM_INST|mem~111                                              ; 0                 ; 0       ;
;      - TOP:DUT|dmem:DMEM_INST|mem~47                                               ; 0                 ; 0       ;
;      - TOP:DUT|dmem:DMEM_INST|mem~143                                              ; 0                 ; 0       ;
;      - TOP:DUT|dmem:DMEM_INST|mem~495                                              ; 0                 ; 0       ;
;      - TOP:DUT|dmem:DMEM_INST|mem~463                                              ; 0                 ; 0       ;
;      - TOP:DUT|dmem:DMEM_INST|mem~431                                              ; 1                 ; 0       ;
;      - TOP:DUT|dmem:DMEM_INST|mem~527                                              ; 1                 ; 0       ;
;      - TOP:DUT|dmem:DMEM_INST|mem~1775                                             ; 1                 ; 0       ;
;      - TOP:DUT|dmem:DMEM_INST|mem~1903                                             ; 1                 ; 0       ;
;      - TOP:DUT|dmem:DMEM_INST|mem~1647                                             ; 0                 ; 0       ;
;      - TOP:DUT|dmem:DMEM_INST|mem~2031                                             ; 1                 ; 0       ;
;      - TOP:DUT|dmem:DMEM_INST|mem~1871                                             ; 0                 ; 0       ;
;      - TOP:DUT|dmem:DMEM_INST|mem~1743                                             ; 0                 ; 0       ;
;      - TOP:DUT|dmem:DMEM_INST|mem~1615                                             ; 0                 ; 0       ;
;      - TOP:DUT|dmem:DMEM_INST|mem~1999                                             ; 0                 ; 0       ;
;      - TOP:DUT|dmem:DMEM_INST|mem~1711                                             ; 1                 ; 0       ;
;      - TOP:DUT|dmem:DMEM_INST|mem~1839                                             ; 0                 ; 0       ;
;      - TOP:DUT|dmem:DMEM_INST|mem~1583                                             ; 1                 ; 0       ;
;      - TOP:DUT|dmem:DMEM_INST|mem~1967                                             ; 1                 ; 0       ;
;      - TOP:DUT|dmem:DMEM_INST|mem~1935                                             ; 1                 ; 0       ;
;      - TOP:DUT|dmem:DMEM_INST|mem~1807                                             ; 0                 ; 0       ;
;      - TOP:DUT|dmem:DMEM_INST|mem~1679                                             ; 0                 ; 0       ;
;      - TOP:DUT|dmem:DMEM_INST|mem~2063                                             ; 1                 ; 0       ;
;      - TOP:DUT|dmem:DMEM_INST|mem~2767                                             ; 1                 ; 0       ;
;      - TOP:DUT|dmem:DMEM_INST|mem~2895                                             ; 0                 ; 0       ;
;      - TOP:DUT|dmem:DMEM_INST|mem~2639                                             ; 0                 ; 0       ;
;      - TOP:DUT|dmem:DMEM_INST|mem~3023                                             ; 0                 ; 0       ;
;      - TOP:DUT|dmem:DMEM_INST|mem~2927                                             ; 0                 ; 0       ;
;      - TOP:DUT|dmem:DMEM_INST|mem~2799                                             ; 0                 ; 0       ;
;      - TOP:DUT|dmem:DMEM_INST|mem~2671                                             ; 1                 ; 0       ;
;      - TOP:DUT|dmem:DMEM_INST|mem~3055                                             ; 1                 ; 0       ;
;      - TOP:DUT|dmem:DMEM_INST|mem~2863                                             ; 0                 ; 0       ;
;      - TOP:DUT|dmem:DMEM_INST|mem~2735                                             ; 1                 ; 0       ;
;      - TOP:DUT|dmem:DMEM_INST|mem~2607                                             ; 1                 ; 0       ;
;      - TOP:DUT|dmem:DMEM_INST|mem~2991                                             ; 0                 ; 0       ;
;      - TOP:DUT|dmem:DMEM_INST|mem~2831                                             ; 1                 ; 0       ;
;      - TOP:DUT|dmem:DMEM_INST|mem~2959                                             ; 1                 ; 0       ;
;      - TOP:DUT|dmem:DMEM_INST|mem~2703                                             ; 1                 ; 0       ;
;      - TOP:DUT|dmem:DMEM_INST|mem~3087                                             ; 1                 ; 0       ;
;      - TOP:DUT|dmem:DMEM_INST|mem~3439                                             ; 0                 ; 0       ;
;      - TOP:DUT|dmem:DMEM_INST|mem~3407                                             ; 1                 ; 0       ;
;      - TOP:DUT|dmem:DMEM_INST|mem~3375                                             ; 1                 ; 0       ;
;      - TOP:DUT|dmem:DMEM_INST|mem~3471                                             ; 1                 ; 0       ;
;      - TOP:DUT|dmem:DMEM_INST|mem~3279                                             ; 1                 ; 0       ;
;      - TOP:DUT|dmem:DMEM_INST|mem~3311                                             ; 0                 ; 0       ;
;      - TOP:DUT|dmem:DMEM_INST|mem~3247                                             ; 1                 ; 0       ;
;      - TOP:DUT|dmem:DMEM_INST|mem~3343                                             ; 1                 ; 0       ;
;      - TOP:DUT|dmem:DMEM_INST|mem~3183                                             ; 0                 ; 0       ;
;      - TOP:DUT|dmem:DMEM_INST|mem~3151                                             ; 0                 ; 0       ;
;      - TOP:DUT|dmem:DMEM_INST|mem~3119                                             ; 0                 ; 0       ;
;      - TOP:DUT|dmem:DMEM_INST|mem~3215                                             ; 0                 ; 0       ;
;      - TOP:DUT|dmem:DMEM_INST|mem~3535                                             ; 1                 ; 0       ;
;      - TOP:DUT|dmem:DMEM_INST|mem~3567                                             ; 0                 ; 0       ;
;      - TOP:DUT|dmem:DMEM_INST|mem~3503                                             ; 0                 ; 0       ;
;      - TOP:DUT|dmem:DMEM_INST|mem~3599                                             ; 0                 ; 0       ;
;      - TOP:DUT|dmem:DMEM_INST|mem~2287                                             ; 0                 ; 0       ;
;      - TOP:DUT|dmem:DMEM_INST|mem~2255                                             ; 1                 ; 0       ;
;      - TOP:DUT|dmem:DMEM_INST|mem~2223                                             ; 0                 ; 0       ;
;      - TOP:DUT|dmem:DMEM_INST|mem~2319                                             ; 0                 ; 0       ;
;      - TOP:DUT|dmem:DMEM_INST|mem~2383                                             ; 0                 ; 0       ;
;      - TOP:DUT|dmem:DMEM_INST|mem~2415                                             ; 0                 ; 0       ;
;      - TOP:DUT|dmem:DMEM_INST|mem~2351                                             ; 0                 ; 0       ;
;      - TOP:DUT|dmem:DMEM_INST|mem~2447                                             ; 0                 ; 0       ;
;      - TOP:DUT|dmem:DMEM_INST|mem~2127                                             ; 1                 ; 0       ;
;      - TOP:DUT|dmem:DMEM_INST|mem~2159                                             ; 0                 ; 0       ;
;      - TOP:DUT|dmem:DMEM_INST|mem~2095                                             ; 0                 ; 0       ;
;      - TOP:DUT|dmem:DMEM_INST|mem~2191                                             ; 0                 ; 0       ;
;      - TOP:DUT|dmem:DMEM_INST|mem~2543                                             ; 1                 ; 0       ;
;      - TOP:DUT|dmem:DMEM_INST|mem~2511                                             ; 0                 ; 0       ;
;      - TOP:DUT|dmem:DMEM_INST|mem~2479                                             ; 0                 ; 0       ;
;      - TOP:DUT|dmem:DMEM_INST|mem~2575                                             ; 1                 ; 0       ;
;      - TOP:DUT|dmem:DMEM_INST|mem~3823                                             ; 1                 ; 0       ;
;      - TOP:DUT|dmem:DMEM_INST|mem~3951                                             ; 0                 ; 0       ;
;      - TOP:DUT|dmem:DMEM_INST|mem~3695                                             ; 0                 ; 0       ;
;      - TOP:DUT|dmem:DMEM_INST|mem~4079                                             ; 1                 ; 0       ;
;      - TOP:DUT|dmem:DMEM_INST|mem~3919                                             ; 1                 ; 0       ;
;      - TOP:DUT|dmem:DMEM_INST|mem~3791                                             ; 1                 ; 0       ;
;      - TOP:DUT|dmem:DMEM_INST|mem~3663                                             ; 1                 ; 0       ;
;      - TOP:DUT|dmem:DMEM_INST|mem~4047                                             ; 1                 ; 0       ;
;      - TOP:DUT|dmem:DMEM_INST|mem~3759                                             ; 0                 ; 0       ;
;      - TOP:DUT|dmem:DMEM_INST|mem~3887                                             ; 0                 ; 0       ;
;      - TOP:DUT|dmem:DMEM_INST|mem~3631                                             ; 0                 ; 0       ;
;      - TOP:DUT|dmem:DMEM_INST|mem~4015                                             ; 0                 ; 0       ;
;      - TOP:DUT|dmem:DMEM_INST|mem~3983                                             ; 0                 ; 0       ;
;      - TOP:DUT|dmem:DMEM_INST|mem~3855                                             ; 0                 ; 0       ;
;      - TOP:DUT|dmem:DMEM_INST|mem~3727                                             ; 0                 ; 0       ;
;      - TOP:DUT|dmem:DMEM_INST|mem~4111                                             ; 1                 ; 0       ;
;      - TOP:DUT|dmem:DMEM_INST|mem~2766                                             ; 1                 ; 0       ;
;      - TOP:DUT|dmem:DMEM_INST|mem~2894                                             ; 0                 ; 0       ;
;      - TOP:DUT|dmem:DMEM_INST|mem~2638                                             ; 0                 ; 0       ;
;      - TOP:DUT|dmem:DMEM_INST|mem~3022                                             ; 0                 ; 0       ;
;      - TOP:DUT|dmem:DMEM_INST|mem~2926                                             ; 0                 ; 0       ;
;      - TOP:DUT|dmem:DMEM_INST|mem~2798                                             ; 0                 ; 0       ;
;      - TOP:DUT|dmem:DMEM_INST|mem~2670                                             ; 1                 ; 0       ;
;      - TOP:DUT|dmem:DMEM_INST|mem~3054                                             ; 1                 ; 0       ;
;      - TOP:DUT|dmem:DMEM_INST|mem~2862                                             ; 0                 ; 0       ;
;      - TOP:DUT|dmem:DMEM_INST|mem~2734                                             ; 1                 ; 0       ;
;      - TOP:DUT|dmem:DMEM_INST|mem~2606                                             ; 1                 ; 0       ;
;      - TOP:DUT|dmem:DMEM_INST|mem~2990                                             ; 0                 ; 0       ;
;      - TOP:DUT|dmem:DMEM_INST|mem~2830                                             ; 0                 ; 0       ;
;      - TOP:DUT|dmem:DMEM_INST|mem~2958                                             ; 0                 ; 0       ;
;      - TOP:DUT|dmem:DMEM_INST|mem~2702                                             ; 0                 ; 0       ;
;      - TOP:DUT|dmem:DMEM_INST|mem~3086                                             ; 0                 ; 0       ;
;      - TOP:DUT|dmem:DMEM_INST|mem~3438                                             ; 1                 ; 0       ;
;      - TOP:DUT|dmem:DMEM_INST|mem~3406                                             ; 1                 ; 0       ;
;      - TOP:DUT|dmem:DMEM_INST|mem~3374                                             ; 1                 ; 0       ;
;      - TOP:DUT|dmem:DMEM_INST|mem~3470                                             ; 1                 ; 0       ;
;      - TOP:DUT|dmem:DMEM_INST|mem~3278                                             ; 1                 ; 0       ;
;      - TOP:DUT|dmem:DMEM_INST|mem~3310                                             ; 0                 ; 0       ;
;      - TOP:DUT|dmem:DMEM_INST|mem~3246                                             ; 1                 ; 0       ;
;      - TOP:DUT|dmem:DMEM_INST|mem~3342                                             ; 1                 ; 0       ;
;      - TOP:DUT|dmem:DMEM_INST|mem~3182                                             ; 1                 ; 0       ;
;      - TOP:DUT|dmem:DMEM_INST|mem~3150                                             ; 0                 ; 0       ;
;      - TOP:DUT|dmem:DMEM_INST|mem~3118                                             ; 0                 ; 0       ;
;      - TOP:DUT|dmem:DMEM_INST|mem~3214                                             ; 0                 ; 0       ;
;      - TOP:DUT|dmem:DMEM_INST|mem~3534                                             ; 1                 ; 0       ;
;      - TOP:DUT|dmem:DMEM_INST|mem~3566                                             ; 0                 ; 0       ;
;      - TOP:DUT|dmem:DMEM_INST|mem~3502                                             ; 0                 ; 0       ;
;      - TOP:DUT|dmem:DMEM_INST|mem~3598                                             ; 0                 ; 0       ;
;      - TOP:DUT|dmem:DMEM_INST|mem~2286                                             ; 0                 ; 0       ;
;      - TOP:DUT|dmem:DMEM_INST|mem~2254                                             ; 0                 ; 0       ;
;      - TOP:DUT|dmem:DMEM_INST|mem~2222                                             ; 0                 ; 0       ;
;      - TOP:DUT|dmem:DMEM_INST|mem~2318                                             ; 0                 ; 0       ;
;      - TOP:DUT|dmem:DMEM_INST|mem~2382                                             ; 0                 ; 0       ;
;      - TOP:DUT|dmem:DMEM_INST|mem~2414                                             ; 0                 ; 0       ;
;      - TOP:DUT|dmem:DMEM_INST|mem~2350                                             ; 0                 ; 0       ;
;      - TOP:DUT|dmem:DMEM_INST|mem~2446                                             ; 0                 ; 0       ;
;      - TOP:DUT|dmem:DMEM_INST|mem~2126                                             ; 1                 ; 0       ;
;      - TOP:DUT|dmem:DMEM_INST|mem~2158                                             ; 0                 ; 0       ;
;      - TOP:DUT|dmem:DMEM_INST|mem~2094                                             ; 1                 ; 0       ;
;      - TOP:DUT|dmem:DMEM_INST|mem~2190                                             ; 1                 ; 0       ;
;      - TOP:DUT|dmem:DMEM_INST|mem~2542                                             ; 1                 ; 0       ;
;      - TOP:DUT|dmem:DMEM_INST|mem~2510                                             ; 1                 ; 0       ;
;      - TOP:DUT|dmem:DMEM_INST|mem~2478                                             ; 0                 ; 0       ;
;      - TOP:DUT|dmem:DMEM_INST|mem~2574                                             ; 1                 ; 0       ;
;      - TOP:DUT|dmem:DMEM_INST|mem~3822                                             ; 1                 ; 0       ;
;      - TOP:DUT|dmem:DMEM_INST|mem~3950                                             ; 0                 ; 0       ;
;      - TOP:DUT|dmem:DMEM_INST|mem~3694                                             ; 0                 ; 0       ;
;      - TOP:DUT|dmem:DMEM_INST|mem~4078                                             ; 1                 ; 0       ;
;      - TOP:DUT|dmem:DMEM_INST|mem~3918                                             ; 1                 ; 0       ;
;      - TOP:DUT|dmem:DMEM_INST|mem~3790                                             ; 1                 ; 0       ;
;      - TOP:DUT|dmem:DMEM_INST|mem~3662                                             ; 1                 ; 0       ;
;      - TOP:DUT|dmem:DMEM_INST|mem~4046                                             ; 1                 ; 0       ;
;      - TOP:DUT|dmem:DMEM_INST|mem~3758                                             ; 0                 ; 0       ;
;      - TOP:DUT|dmem:DMEM_INST|mem~3886                                             ; 0                 ; 0       ;
;      - TOP:DUT|dmem:DMEM_INST|mem~3630                                             ; 0                 ; 0       ;
;      - TOP:DUT|dmem:DMEM_INST|mem~4014                                             ; 0                 ; 0       ;
;      - TOP:DUT|dmem:DMEM_INST|mem~3982                                             ; 0                 ; 0       ;
;      - TOP:DUT|dmem:DMEM_INST|mem~3854                                             ; 0                 ; 0       ;
;      - TOP:DUT|dmem:DMEM_INST|mem~3726                                             ; 0                 ; 0       ;
;      - TOP:DUT|dmem:DMEM_INST|mem~4110                                             ; 0                 ; 0       ;
;      - TOP:DUT|dmem:DMEM_INST|mem~1390                                             ; 1                 ; 0       ;
;      - TOP:DUT|dmem:DMEM_INST|mem~1358                                             ; 0                 ; 0       ;
;      - TOP:DUT|dmem:DMEM_INST|mem~1326                                             ; 0                 ; 0       ;
;      - TOP:DUT|dmem:DMEM_INST|mem~1422                                             ; 0                 ; 0       ;
;      - TOP:DUT|dmem:DMEM_INST|mem~1230                                             ; 0                 ; 0       ;
;      - TOP:DUT|dmem:DMEM_INST|mem~1262                                             ; 0                 ; 0       ;
;      - TOP:DUT|dmem:DMEM_INST|mem~1198                                             ; 0                 ; 0       ;
;      - TOP:DUT|dmem:DMEM_INST|mem~1294                                             ; 0                 ; 0       ;
;      - TOP:DUT|dmem:DMEM_INST|mem~1134                                             ; 0                 ; 0       ;
;      - TOP:DUT|dmem:DMEM_INST|mem~1102                                             ; 1                 ; 0       ;
;      - TOP:DUT|dmem:DMEM_INST|mem~1070                                             ; 0                 ; 0       ;
;      - TOP:DUT|dmem:DMEM_INST|mem~1166                                             ; 0                 ; 0       ;
;      - TOP:DUT|dmem:DMEM_INST|mem~1486                                             ; 1                 ; 0       ;
;      - TOP:DUT|dmem:DMEM_INST|mem~1518                                             ; 1                 ; 0       ;
;      - TOP:DUT|dmem:DMEM_INST|mem~1454                                             ; 1                 ; 0       ;
;      - TOP:DUT|dmem:DMEM_INST|mem~1550                                             ; 0                 ; 0       ;
;      - TOP:DUT|dmem:DMEM_INST|mem~718                                              ; 1                 ; 0       ;
;      - TOP:DUT|dmem:DMEM_INST|mem~846                                              ; 0                 ; 0       ;
;      - TOP:DUT|dmem:DMEM_INST|mem~590                                              ; 0                 ; 0       ;
;      - TOP:DUT|dmem:DMEM_INST|mem~974                                              ; 0                 ; 0       ;
;      - TOP:DUT|dmem:DMEM_INST|mem~878                                              ; 0                 ; 0       ;
;      - TOP:DUT|dmem:DMEM_INST|mem~750                                              ; 0                 ; 0       ;
;      - TOP:DUT|dmem:DMEM_INST|mem~622                                              ; 0                 ; 0       ;
;      - TOP:DUT|dmem:DMEM_INST|mem~1006                                             ; 0                 ; 0       ;
;      - TOP:DUT|dmem:DMEM_INST|mem~814                                              ; 1                 ; 0       ;
;      - TOP:DUT|dmem:DMEM_INST|mem~686                                              ; 1                 ; 0       ;
;      - TOP:DUT|dmem:DMEM_INST|mem~558                                              ; 0                 ; 0       ;
;      - TOP:DUT|dmem:DMEM_INST|mem~942                                              ; 1                 ; 0       ;
;      - TOP:DUT|dmem:DMEM_INST|mem~782                                              ; 0                 ; 0       ;
;      - TOP:DUT|dmem:DMEM_INST|mem~910                                              ; 1                 ; 0       ;
;      - TOP:DUT|dmem:DMEM_INST|mem~654                                              ; 0                 ; 0       ;
;      - TOP:DUT|dmem:DMEM_INST|mem~1038                                             ; 1                 ; 0       ;
;      - TOP:DUT|dmem:DMEM_INST|mem~238                                              ; 1                 ; 0       ;
;      - TOP:DUT|dmem:DMEM_INST|mem~206                                              ; 0                 ; 0       ;
;      - TOP:DUT|dmem:DMEM_INST|mem~174                                              ; 0                 ; 0       ;
;      - TOP:DUT|dmem:DMEM_INST|mem~270                                              ; 0                 ; 0       ;
;      - TOP:DUT|dmem:DMEM_INST|mem~334                                              ; 0                 ; 0       ;
;      - TOP:DUT|dmem:DMEM_INST|mem~366                                              ; 0                 ; 0       ;
;      - TOP:DUT|dmem:DMEM_INST|mem~302                                              ; 1                 ; 0       ;
;      - TOP:DUT|dmem:DMEM_INST|mem~398                                              ; 1                 ; 0       ;
;      - TOP:DUT|dmem:DMEM_INST|mem~78                                               ; 1                 ; 0       ;
;      - TOP:DUT|dmem:DMEM_INST|mem~110                                              ; 1                 ; 0       ;
;      - TOP:DUT|dmem:DMEM_INST|mem~46                                               ; 1                 ; 0       ;
;      - TOP:DUT|dmem:DMEM_INST|mem~142                                              ; 1                 ; 0       ;
;      - TOP:DUT|dmem:DMEM_INST|mem~494                                              ; 1                 ; 0       ;
;      - TOP:DUT|dmem:DMEM_INST|mem~462                                              ; 1                 ; 0       ;
;      - TOP:DUT|dmem:DMEM_INST|mem~430                                              ; 1                 ; 0       ;
;      - TOP:DUT|dmem:DMEM_INST|mem~526                                              ; 1                 ; 0       ;
;      - TOP:DUT|dmem:DMEM_INST|mem~1774                                             ; 0                 ; 0       ;
;      - TOP:DUT|dmem:DMEM_INST|mem~1902                                             ; 1                 ; 0       ;
;      - TOP:DUT|dmem:DMEM_INST|mem~1646                                             ; 0                 ; 0       ;
;      - TOP:DUT|dmem:DMEM_INST|mem~2030                                             ; 0                 ; 0       ;
;      - TOP:DUT|dmem:DMEM_INST|mem~1870                                             ; 0                 ; 0       ;
;      - TOP:DUT|dmem:DMEM_INST|mem~1742                                             ; 0                 ; 0       ;
;      - TOP:DUT|dmem:DMEM_INST|mem~1614                                             ; 1                 ; 0       ;
;      - TOP:DUT|dmem:DMEM_INST|mem~1998                                             ; 1                 ; 0       ;
;      - TOP:DUT|dmem:DMEM_INST|mem~1710                                             ; 1                 ; 0       ;
;      - TOP:DUT|dmem:DMEM_INST|mem~1838                                             ; 0                 ; 0       ;
;      - TOP:DUT|dmem:DMEM_INST|mem~1582                                             ; 1                 ; 0       ;
;      - TOP:DUT|dmem:DMEM_INST|mem~1966                                             ; 0                 ; 0       ;
;      - TOP:DUT|dmem:DMEM_INST|mem~1934                                             ; 0                 ; 0       ;
;      - TOP:DUT|dmem:DMEM_INST|mem~1806                                             ; 0                 ; 0       ;
;      - TOP:DUT|dmem:DMEM_INST|mem~1678                                             ; 0                 ; 0       ;
;      - TOP:DUT|dmem:DMEM_INST|mem~2062                                             ; 0                 ; 0       ;
;      - TOP:DUT|dmem:DMEM_INST|mem~1389                                             ; 1                 ; 0       ;
;      - TOP:DUT|dmem:DMEM_INST|mem~1357                                             ; 0                 ; 0       ;
;      - TOP:DUT|dmem:DMEM_INST|mem~1325                                             ; 0                 ; 0       ;
;      - TOP:DUT|dmem:DMEM_INST|mem~1421                                             ; 1                 ; 0       ;
;      - TOP:DUT|dmem:DMEM_INST|mem~1229                                             ; 0                 ; 0       ;
;      - TOP:DUT|dmem:DMEM_INST|mem~1261                                             ; 0                 ; 0       ;
;      - TOP:DUT|dmem:DMEM_INST|mem~1197                                             ; 1                 ; 0       ;
;      - TOP:DUT|dmem:DMEM_INST|mem~1293                                             ; 1                 ; 0       ;
;      - TOP:DUT|dmem:DMEM_INST|mem~1133                                             ; 0                 ; 0       ;
;      - TOP:DUT|dmem:DMEM_INST|mem~1101                                             ; 1                 ; 0       ;
;      - TOP:DUT|dmem:DMEM_INST|mem~1069                                             ; 0                 ; 0       ;
;      - TOP:DUT|dmem:DMEM_INST|mem~1165                                             ; 0                 ; 0       ;
;      - TOP:DUT|dmem:DMEM_INST|mem~1485                                             ; 1                 ; 0       ;
;      - TOP:DUT|dmem:DMEM_INST|mem~1517                                             ; 1                 ; 0       ;
;      - TOP:DUT|dmem:DMEM_INST|mem~1453                                             ; 0                 ; 0       ;
;      - TOP:DUT|dmem:DMEM_INST|mem~1549                                             ; 0                 ; 0       ;
;      - TOP:DUT|dmem:DMEM_INST|mem~717                                              ; 1                 ; 0       ;
;      - TOP:DUT|dmem:DMEM_INST|mem~845                                              ; 0                 ; 0       ;
;      - TOP:DUT|dmem:DMEM_INST|mem~589                                              ; 0                 ; 0       ;
;      - TOP:DUT|dmem:DMEM_INST|mem~973                                              ; 1                 ; 0       ;
;      - TOP:DUT|dmem:DMEM_INST|mem~877                                              ; 0                 ; 0       ;
;      - TOP:DUT|dmem:DMEM_INST|mem~749                                              ; 1                 ; 0       ;
;      - TOP:DUT|dmem:DMEM_INST|mem~621                                              ; 1                 ; 0       ;
;      - TOP:DUT|dmem:DMEM_INST|mem~1005                                             ; 0                 ; 0       ;
;      - TOP:DUT|dmem:DMEM_INST|mem~813                                              ; 0                 ; 0       ;
;      - TOP:DUT|dmem:DMEM_INST|mem~685                                              ; 1                 ; 0       ;
;      - TOP:DUT|dmem:DMEM_INST|mem~557                                              ; 0                 ; 0       ;
;      - TOP:DUT|dmem:DMEM_INST|mem~941                                              ; 1                 ; 0       ;
;      - TOP:DUT|dmem:DMEM_INST|mem~781                                              ; 0                 ; 0       ;
;      - TOP:DUT|dmem:DMEM_INST|mem~909                                              ; 1                 ; 0       ;
;      - TOP:DUT|dmem:DMEM_INST|mem~653                                              ; 1                 ; 0       ;
;      - TOP:DUT|dmem:DMEM_INST|mem~1037                                             ; 1                 ; 0       ;
;      - TOP:DUT|dmem:DMEM_INST|mem~237                                              ; 0                 ; 0       ;
;      - TOP:DUT|dmem:DMEM_INST|mem~205                                              ; 0                 ; 0       ;
;      - TOP:DUT|dmem:DMEM_INST|mem~173                                              ; 0                 ; 0       ;
;      - TOP:DUT|dmem:DMEM_INST|mem~269                                              ; 0                 ; 0       ;
;      - TOP:DUT|dmem:DMEM_INST|mem~333                                              ; 0                 ; 0       ;
;      - TOP:DUT|dmem:DMEM_INST|mem~365                                              ; 0                 ; 0       ;
;      - TOP:DUT|dmem:DMEM_INST|mem~301                                              ; 1                 ; 0       ;
;      - TOP:DUT|dmem:DMEM_INST|mem~397                                              ; 1                 ; 0       ;
;      - TOP:DUT|dmem:DMEM_INST|mem~77                                               ; 0                 ; 0       ;
;      - TOP:DUT|dmem:DMEM_INST|mem~109                                              ; 0                 ; 0       ;
;      - TOP:DUT|dmem:DMEM_INST|mem~45                                               ; 1                 ; 0       ;
;      - TOP:DUT|dmem:DMEM_INST|mem~141                                              ; 1                 ; 0       ;
;      - TOP:DUT|dmem:DMEM_INST|mem~493                                              ; 1                 ; 0       ;
;      - TOP:DUT|dmem:DMEM_INST|mem~461                                              ; 0                 ; 0       ;
;      - TOP:DUT|dmem:DMEM_INST|mem~429                                              ; 1                 ; 0       ;
;      - TOP:DUT|dmem:DMEM_INST|mem~525                                              ; 1                 ; 0       ;
;      - TOP:DUT|dmem:DMEM_INST|mem~1773                                             ; 1                 ; 0       ;
;      - TOP:DUT|dmem:DMEM_INST|mem~1901                                             ; 1                 ; 0       ;
;      - TOP:DUT|dmem:DMEM_INST|mem~1645                                             ; 0                 ; 0       ;
;      - TOP:DUT|dmem:DMEM_INST|mem~2029                                             ; 1                 ; 0       ;
;      - TOP:DUT|dmem:DMEM_INST|mem~1869                                             ; 0                 ; 0       ;
;      - TOP:DUT|dmem:DMEM_INST|mem~1741                                             ; 1                 ; 0       ;
;      - TOP:DUT|dmem:DMEM_INST|mem~1613                                             ; 1                 ; 0       ;
;      - TOP:DUT|dmem:DMEM_INST|mem~1997                                             ; 0                 ; 0       ;
;      - TOP:DUT|dmem:DMEM_INST|mem~1709                                             ; 1                 ; 0       ;
;      - TOP:DUT|dmem:DMEM_INST|mem~1837                                             ; 0                 ; 0       ;
;      - TOP:DUT|dmem:DMEM_INST|mem~1581                                             ; 0                 ; 0       ;
;      - TOP:DUT|dmem:DMEM_INST|mem~1965                                             ; 0                 ; 0       ;
;      - TOP:DUT|dmem:DMEM_INST|mem~1933                                             ; 1                 ; 0       ;
;      - TOP:DUT|dmem:DMEM_INST|mem~1805                                             ; 0                 ; 0       ;
;      - TOP:DUT|dmem:DMEM_INST|mem~1677                                             ; 0                 ; 0       ;
;      - TOP:DUT|dmem:DMEM_INST|mem~2061                                             ; 1                 ; 0       ;
;      - TOP:DUT|dmem:DMEM_INST|mem~2765                                             ; 0                 ; 0       ;
;      - TOP:DUT|dmem:DMEM_INST|mem~2893                                             ; 0                 ; 0       ;
;      - TOP:DUT|dmem:DMEM_INST|mem~2637                                             ; 0                 ; 0       ;
;      - TOP:DUT|dmem:DMEM_INST|mem~3021                                             ; 0                 ; 0       ;
;      - TOP:DUT|dmem:DMEM_INST|mem~2925                                             ; 0                 ; 0       ;
;      - TOP:DUT|dmem:DMEM_INST|mem~2797                                             ; 1                 ; 0       ;
;      - TOP:DUT|dmem:DMEM_INST|mem~2669                                             ; 1                 ; 0       ;
;      - TOP:DUT|dmem:DMEM_INST|mem~3053                                             ; 1                 ; 0       ;
;      - TOP:DUT|dmem:DMEM_INST|mem~2861                                             ; 0                 ; 0       ;
;      - TOP:DUT|dmem:DMEM_INST|mem~2733                                             ; 0                 ; 0       ;
;      - TOP:DUT|dmem:DMEM_INST|mem~2605                                             ; 0                 ; 0       ;
;      - TOP:DUT|dmem:DMEM_INST|mem~2989                                             ; 0                 ; 0       ;
;      - TOP:DUT|dmem:DMEM_INST|mem~2829                                             ; 0                 ; 0       ;
;      - TOP:DUT|dmem:DMEM_INST|mem~2957                                             ; 0                 ; 0       ;
;      - TOP:DUT|dmem:DMEM_INST|mem~2701                                             ; 0                 ; 0       ;
;      - TOP:DUT|dmem:DMEM_INST|mem~3085                                             ; 0                 ; 0       ;
;      - TOP:DUT|dmem:DMEM_INST|mem~3437                                             ; 1                 ; 0       ;
;      - TOP:DUT|dmem:DMEM_INST|mem~3405                                             ; 1                 ; 0       ;
;      - TOP:DUT|dmem:DMEM_INST|mem~3373                                             ; 1                 ; 0       ;
;      - TOP:DUT|dmem:DMEM_INST|mem~3469                                             ; 1                 ; 0       ;
;      - TOP:DUT|dmem:DMEM_INST|mem~3277                                             ; 1                 ; 0       ;
;      - TOP:DUT|dmem:DMEM_INST|mem~3309                                             ; 0                 ; 0       ;
;      - TOP:DUT|dmem:DMEM_INST|mem~3245                                             ; 1                 ; 0       ;
;      - TOP:DUT|dmem:DMEM_INST|mem~3341                                             ; 1                 ; 0       ;
;      - TOP:DUT|dmem:DMEM_INST|mem~3213                                             ; 0                 ; 0       ;
;      - TOP:DUT|dmem:DMEM_INST|mem~3149                                             ; 0                 ; 0       ;
;      - TOP:DUT|dmem:DMEM_INST|mem~3117                                             ; 0                 ; 0       ;
;      - TOP:DUT|dmem:DMEM_INST|mem~3181                                             ; 0                 ; 0       ;
;      - TOP:DUT|dmem:DMEM_INST|mem~3533                                             ; 1                 ; 0       ;
;      - TOP:DUT|dmem:DMEM_INST|mem~3565                                             ; 0                 ; 0       ;
;      - TOP:DUT|dmem:DMEM_INST|mem~3501                                             ; 1                 ; 0       ;
;      - TOP:DUT|dmem:DMEM_INST|mem~3597                                             ; 1                 ; 0       ;
;      - TOP:DUT|dmem:DMEM_INST|mem~2285                                             ; 0                 ; 0       ;
;      - TOP:DUT|dmem:DMEM_INST|mem~2253                                             ; 0                 ; 0       ;
;      - TOP:DUT|dmem:DMEM_INST|mem~2221                                             ; 0                 ; 0       ;
;      - TOP:DUT|dmem:DMEM_INST|mem~2317                                             ; 0                 ; 0       ;
;      - TOP:DUT|dmem:DMEM_INST|mem~2381                                             ; 0                 ; 0       ;
;      - TOP:DUT|dmem:DMEM_INST|mem~2413                                             ; 0                 ; 0       ;
;      - TOP:DUT|dmem:DMEM_INST|mem~2349                                             ; 0                 ; 0       ;
;      - TOP:DUT|dmem:DMEM_INST|mem~2445                                             ; 0                 ; 0       ;
;      - TOP:DUT|dmem:DMEM_INST|mem~2125                                             ; 1                 ; 0       ;
;      - TOP:DUT|dmem:DMEM_INST|mem~2157                                             ; 0                 ; 0       ;
;      - TOP:DUT|dmem:DMEM_INST|mem~2093                                             ; 0                 ; 0       ;
;      - TOP:DUT|dmem:DMEM_INST|mem~2189                                             ; 0                 ; 0       ;
;      - TOP:DUT|dmem:DMEM_INST|mem~2541                                             ; 0                 ; 0       ;
;      - TOP:DUT|dmem:DMEM_INST|mem~2509                                             ; 1                 ; 0       ;
;      - TOP:DUT|dmem:DMEM_INST|mem~2477                                             ; 0                 ; 0       ;
;      - TOP:DUT|dmem:DMEM_INST|mem~2573                                             ; 1                 ; 0       ;
;      - TOP:DUT|dmem:DMEM_INST|mem~3821                                             ; 1                 ; 0       ;
;      - TOP:DUT|dmem:DMEM_INST|mem~3949                                             ; 0                 ; 0       ;
;      - TOP:DUT|dmem:DMEM_INST|mem~3693                                             ; 0                 ; 0       ;
;      - TOP:DUT|dmem:DMEM_INST|mem~4077                                             ; 1                 ; 0       ;
;      - TOP:DUT|dmem:DMEM_INST|mem~3917                                             ; 1                 ; 0       ;
;      - TOP:DUT|dmem:DMEM_INST|mem~3789                                             ; 1                 ; 0       ;
;      - TOP:DUT|dmem:DMEM_INST|mem~3661                                             ; 1                 ; 0       ;
;      - TOP:DUT|dmem:DMEM_INST|mem~4045                                             ; 1                 ; 0       ;
;      - TOP:DUT|dmem:DMEM_INST|mem~3757                                             ; 0                 ; 0       ;
;      - TOP:DUT|dmem:DMEM_INST|mem~3885                                             ; 0                 ; 0       ;
;      - TOP:DUT|dmem:DMEM_INST|mem~3629                                             ; 0                 ; 0       ;
;      - TOP:DUT|dmem:DMEM_INST|mem~4013                                             ; 0                 ; 0       ;
;      - TOP:DUT|dmem:DMEM_INST|mem~3981                                             ; 1                 ; 0       ;
;      - TOP:DUT|dmem:DMEM_INST|mem~3853                                             ; 1                 ; 0       ;
;      - TOP:DUT|dmem:DMEM_INST|mem~3725                                             ; 1                 ; 0       ;
;      - TOP:DUT|dmem:DMEM_INST|mem~4109                                             ; 1                 ; 0       ;
;      - TOP:DUT|dmem:DMEM_INST|mem~1388                                             ; 1                 ; 0       ;
;      - TOP:DUT|dmem:DMEM_INST|mem~1356                                             ; 0                 ; 0       ;
;      - TOP:DUT|dmem:DMEM_INST|mem~1324                                             ; 0                 ; 0       ;
;      - TOP:DUT|dmem:DMEM_INST|mem~1420                                             ; 0                 ; 0       ;
;      - TOP:DUT|dmem:DMEM_INST|mem~1228                                             ; 0                 ; 0       ;
;      - TOP:DUT|dmem:DMEM_INST|mem~1260                                             ; 0                 ; 0       ;
;      - TOP:DUT|dmem:DMEM_INST|mem~1196                                             ; 1                 ; 0       ;
;      - TOP:DUT|dmem:DMEM_INST|mem~1292                                             ; 1                 ; 0       ;
;      - TOP:DUT|dmem:DMEM_INST|mem~1132                                             ; 0                 ; 0       ;
;      - TOP:DUT|dmem:DMEM_INST|mem~1100                                             ; 0                 ; 0       ;
;      - TOP:DUT|dmem:DMEM_INST|mem~1068                                             ; 0                 ; 0       ;
;      - TOP:DUT|dmem:DMEM_INST|mem~1164                                             ; 1                 ; 0       ;
;      - TOP:DUT|dmem:DMEM_INST|mem~1484                                             ; 0                 ; 0       ;
;      - TOP:DUT|dmem:DMEM_INST|mem~1516                                             ; 1                 ; 0       ;
;      - TOP:DUT|dmem:DMEM_INST|mem~1452                                             ; 0                 ; 0       ;
;      - TOP:DUT|dmem:DMEM_INST|mem~1548                                             ; 0                 ; 0       ;
;      - TOP:DUT|dmem:DMEM_INST|mem~716                                              ; 1                 ; 0       ;
;      - TOP:DUT|dmem:DMEM_INST|mem~844                                              ; 0                 ; 0       ;
;      - TOP:DUT|dmem:DMEM_INST|mem~588                                              ; 0                 ; 0       ;
;      - TOP:DUT|dmem:DMEM_INST|mem~972                                              ; 0                 ; 0       ;
;      - TOP:DUT|dmem:DMEM_INST|mem~876                                              ; 0                 ; 0       ;
;      - TOP:DUT|dmem:DMEM_INST|mem~748                                              ; 1                 ; 0       ;
;      - TOP:DUT|dmem:DMEM_INST|mem~620                                              ; 1                 ; 0       ;
;      - TOP:DUT|dmem:DMEM_INST|mem~1004                                             ; 0                 ; 0       ;
;      - TOP:DUT|dmem:DMEM_INST|mem~812                                              ; 1                 ; 0       ;
;      - TOP:DUT|dmem:DMEM_INST|mem~684                                              ; 0                 ; 0       ;
;      - TOP:DUT|dmem:DMEM_INST|mem~556                                              ; 0                 ; 0       ;
;      - TOP:DUT|dmem:DMEM_INST|mem~940                                              ; 1                 ; 0       ;
;      - TOP:DUT|dmem:DMEM_INST|mem~780                                              ; 0                 ; 0       ;
;      - TOP:DUT|dmem:DMEM_INST|mem~908                                              ; 1                 ; 0       ;
;      - TOP:DUT|dmem:DMEM_INST|mem~652                                              ; 1                 ; 0       ;
;      - TOP:DUT|dmem:DMEM_INST|mem~1036                                             ; 1                 ; 0       ;
;      - TOP:DUT|dmem:DMEM_INST|mem~236                                              ; 0                 ; 0       ;
;      - TOP:DUT|dmem:DMEM_INST|mem~204                                              ; 0                 ; 0       ;
;      - TOP:DUT|dmem:DMEM_INST|mem~172                                              ; 0                 ; 0       ;
;      - TOP:DUT|dmem:DMEM_INST|mem~268                                              ; 0                 ; 0       ;
;      - TOP:DUT|dmem:DMEM_INST|mem~332                                              ; 0                 ; 0       ;
;      - TOP:DUT|dmem:DMEM_INST|mem~364                                              ; 0                 ; 0       ;
;      - TOP:DUT|dmem:DMEM_INST|mem~300                                              ; 1                 ; 0       ;
;      - TOP:DUT|dmem:DMEM_INST|mem~396                                              ; 1                 ; 0       ;
;      - TOP:DUT|dmem:DMEM_INST|mem~76                                               ; 1                 ; 0       ;
;      - TOP:DUT|dmem:DMEM_INST|mem~108                                              ; 0                 ; 0       ;
;      - TOP:DUT|dmem:DMEM_INST|mem~44                                               ; 0                 ; 0       ;
;      - TOP:DUT|dmem:DMEM_INST|mem~140                                              ; 0                 ; 0       ;
;      - TOP:DUT|dmem:DMEM_INST|mem~492                                              ; 1                 ; 0       ;
;      - TOP:DUT|dmem:DMEM_INST|mem~460                                              ; 0                 ; 0       ;
;      - TOP:DUT|dmem:DMEM_INST|mem~428                                              ; 1                 ; 0       ;
;      - TOP:DUT|dmem:DMEM_INST|mem~524                                              ; 1                 ; 0       ;
;      - TOP:DUT|dmem:DMEM_INST|mem~1772                                             ; 1                 ; 0       ;
;      - TOP:DUT|dmem:DMEM_INST|mem~1900                                             ; 0                 ; 0       ;
;      - TOP:DUT|dmem:DMEM_INST|mem~1644                                             ; 0                 ; 0       ;
;      - TOP:DUT|dmem:DMEM_INST|mem~2028                                             ; 1                 ; 0       ;
;      - TOP:DUT|dmem:DMEM_INST|mem~1868                                             ; 0                 ; 0       ;
;      - TOP:DUT|dmem:DMEM_INST|mem~1740                                             ; 1                 ; 0       ;
;      - TOP:DUT|dmem:DMEM_INST|mem~1612                                             ; 1                 ; 0       ;
;      - TOP:DUT|dmem:DMEM_INST|mem~1996                                             ; 0                 ; 0       ;
;      - TOP:DUT|dmem:DMEM_INST|mem~1708                                             ; 0                 ; 0       ;
;      - TOP:DUT|dmem:DMEM_INST|mem~1836                                             ; 0                 ; 0       ;
;      - TOP:DUT|dmem:DMEM_INST|mem~1580                                             ; 0                 ; 0       ;
;      - TOP:DUT|dmem:DMEM_INST|mem~1964                                             ; 0                 ; 0       ;
;      - TOP:DUT|dmem:DMEM_INST|mem~1932                                             ; 1                 ; 0       ;
;      - TOP:DUT|dmem:DMEM_INST|mem~1804                                             ; 0                 ; 0       ;
;      - TOP:DUT|dmem:DMEM_INST|mem~1676                                             ; 0                 ; 0       ;
;      - TOP:DUT|dmem:DMEM_INST|mem~2060                                             ; 1                 ; 0       ;
;      - TOP:DUT|dmem:DMEM_INST|mem~2764                                             ; 0                 ; 0       ;
;      - TOP:DUT|dmem:DMEM_INST|mem~2892                                             ; 0                 ; 0       ;
;      - TOP:DUT|dmem:DMEM_INST|mem~2636                                             ; 0                 ; 0       ;
;      - TOP:DUT|dmem:DMEM_INST|mem~3020                                             ; 0                 ; 0       ;
;      - TOP:DUT|dmem:DMEM_INST|mem~2924                                             ; 0                 ; 0       ;
;      - TOP:DUT|dmem:DMEM_INST|mem~2796                                             ; 0                 ; 0       ;
;      - TOP:DUT|dmem:DMEM_INST|mem~2668                                             ; 1                 ; 0       ;
;      - TOP:DUT|dmem:DMEM_INST|mem~3052                                             ; 1                 ; 0       ;
;      - TOP:DUT|dmem:DMEM_INST|mem~2860                                             ; 0                 ; 0       ;
;      - TOP:DUT|dmem:DMEM_INST|mem~2732                                             ; 0                 ; 0       ;
;      - TOP:DUT|dmem:DMEM_INST|mem~2604                                             ; 0                 ; 0       ;
;      - TOP:DUT|dmem:DMEM_INST|mem~2988                                             ; 0                 ; 0       ;
;      - TOP:DUT|dmem:DMEM_INST|mem~2828                                             ; 1                 ; 0       ;
;      - TOP:DUT|dmem:DMEM_INST|mem~2956                                             ; 0                 ; 0       ;
;      - TOP:DUT|dmem:DMEM_INST|mem~2700                                             ; 0                 ; 0       ;
;      - TOP:DUT|dmem:DMEM_INST|mem~3084                                             ; 1                 ; 0       ;
;      - TOP:DUT|dmem:DMEM_INST|mem~3436                                             ; 1                 ; 0       ;
;      - TOP:DUT|dmem:DMEM_INST|mem~3404                                             ; 0                 ; 0       ;
;      - TOP:DUT|dmem:DMEM_INST|mem~3372                                             ; 1                 ; 0       ;
;      - TOP:DUT|dmem:DMEM_INST|mem~3468                                             ; 1                 ; 0       ;
;      - TOP:DUT|dmem:DMEM_INST|mem~3276                                             ; 1                 ; 0       ;
;      - TOP:DUT|dmem:DMEM_INST|mem~3308                                             ; 0                 ; 0       ;
;      - TOP:DUT|dmem:DMEM_INST|mem~3244                                             ; 1                 ; 0       ;
;      - TOP:DUT|dmem:DMEM_INST|mem~3340                                             ; 1                 ; 0       ;
;      - TOP:DUT|dmem:DMEM_INST|mem~3212                                             ; 0                 ; 0       ;
;      - TOP:DUT|dmem:DMEM_INST|mem~3148                                             ; 0                 ; 0       ;
;      - TOP:DUT|dmem:DMEM_INST|mem~3116                                             ; 0                 ; 0       ;
;      - TOP:DUT|dmem:DMEM_INST|mem~3180                                             ; 0                 ; 0       ;
;      - TOP:DUT|dmem:DMEM_INST|mem~3532                                             ; 1                 ; 0       ;
;      - TOP:DUT|dmem:DMEM_INST|mem~3564                                             ; 0                 ; 0       ;
;      - TOP:DUT|dmem:DMEM_INST|mem~3500                                             ; 1                 ; 0       ;
;      - TOP:DUT|dmem:DMEM_INST|mem~3596                                             ; 1                 ; 0       ;
;      - TOP:DUT|dmem:DMEM_INST|mem~2284                                             ; 0                 ; 0       ;
;      - TOP:DUT|dmem:DMEM_INST|mem~2252                                             ; 0                 ; 0       ;
;      - TOP:DUT|dmem:DMEM_INST|mem~2220                                             ; 0                 ; 0       ;
;      - TOP:DUT|dmem:DMEM_INST|mem~2316                                             ; 0                 ; 0       ;
;      - TOP:DUT|dmem:DMEM_INST|mem~2380                                             ; 0                 ; 0       ;
;      - TOP:DUT|dmem:DMEM_INST|mem~2412                                             ; 0                 ; 0       ;
;      - TOP:DUT|dmem:DMEM_INST|mem~2348                                             ; 0                 ; 0       ;
;      - TOP:DUT|dmem:DMEM_INST|mem~2444                                             ; 0                 ; 0       ;
;      - TOP:DUT|dmem:DMEM_INST|mem~2124                                             ; 1                 ; 0       ;
;      - TOP:DUT|dmem:DMEM_INST|mem~2156                                             ; 0                 ; 0       ;
;      - TOP:DUT|dmem:DMEM_INST|mem~2092                                             ; 0                 ; 0       ;
;      - TOP:DUT|dmem:DMEM_INST|mem~2188                                             ; 0                 ; 0       ;
;      - TOP:DUT|dmem:DMEM_INST|mem~2540                                             ; 0                 ; 0       ;
;      - TOP:DUT|dmem:DMEM_INST|mem~2508                                             ; 0                 ; 0       ;
;      - TOP:DUT|dmem:DMEM_INST|mem~2476                                             ; 0                 ; 0       ;
;      - TOP:DUT|dmem:DMEM_INST|mem~2572                                             ; 1                 ; 0       ;
;      - TOP:DUT|dmem:DMEM_INST|mem~3820                                             ; 1                 ; 0       ;
;      - TOP:DUT|dmem:DMEM_INST|mem~3948                                             ; 0                 ; 0       ;
;      - TOP:DUT|dmem:DMEM_INST|mem~3692                                             ; 0                 ; 0       ;
;      - TOP:DUT|dmem:DMEM_INST|mem~4076                                             ; 1                 ; 0       ;
;      - TOP:DUT|dmem:DMEM_INST|mem~3916                                             ; 0                 ; 0       ;
;      - TOP:DUT|dmem:DMEM_INST|mem~3788                                             ; 1                 ; 0       ;
;      - TOP:DUT|dmem:DMEM_INST|mem~3660                                             ; 1                 ; 0       ;
;      - TOP:DUT|dmem:DMEM_INST|mem~4044                                             ; 1                 ; 0       ;
;      - TOP:DUT|dmem:DMEM_INST|mem~3756                                             ; 0                 ; 0       ;
;      - TOP:DUT|dmem:DMEM_INST|mem~3884                                             ; 0                 ; 0       ;
;      - TOP:DUT|dmem:DMEM_INST|mem~3628                                             ; 0                 ; 0       ;
;      - TOP:DUT|dmem:DMEM_INST|mem~4012                                             ; 0                 ; 0       ;
;      - TOP:DUT|dmem:DMEM_INST|mem~3980                                             ; 1                 ; 0       ;
;      - TOP:DUT|dmem:DMEM_INST|mem~3852                                             ; 0                 ; 0       ;
;      - TOP:DUT|dmem:DMEM_INST|mem~3724                                             ; 0                 ; 0       ;
;      - TOP:DUT|dmem:DMEM_INST|mem~4108                                             ; 0                 ; 0       ;
;      - TOP:DUT|dmem:DMEM_INST|mem~1387                                             ; 0                 ; 0       ;
;      - TOP:DUT|dmem:DMEM_INST|mem~1355                                             ; 0                 ; 0       ;
;      - TOP:DUT|dmem:DMEM_INST|mem~1323                                             ; 0                 ; 0       ;
;      - TOP:DUT|dmem:DMEM_INST|mem~1419                                             ; 0                 ; 0       ;
;      - TOP:DUT|dmem:DMEM_INST|mem~1227                                             ; 0                 ; 0       ;
;      - TOP:DUT|dmem:DMEM_INST|mem~1259                                             ; 1                 ; 0       ;
;      - TOP:DUT|dmem:DMEM_INST|mem~1195                                             ; 1                 ; 0       ;
;      - TOP:DUT|dmem:DMEM_INST|mem~1291                                             ; 1                 ; 0       ;
;      - TOP:DUT|dmem:DMEM_INST|mem~1131                                             ; 0                 ; 0       ;
;      - TOP:DUT|dmem:DMEM_INST|mem~1099                                             ; 1                 ; 0       ;
;      - TOP:DUT|dmem:DMEM_INST|mem~1067                                             ; 0                 ; 0       ;
;      - TOP:DUT|dmem:DMEM_INST|mem~1163                                             ; 0                 ; 0       ;
;      - TOP:DUT|dmem:DMEM_INST|mem~1483                                             ; 0                 ; 0       ;
;      - TOP:DUT|dmem:DMEM_INST|mem~1515                                             ; 1                 ; 0       ;
;      - TOP:DUT|dmem:DMEM_INST|mem~1451                                             ; 0                 ; 0       ;
;      - TOP:DUT|dmem:DMEM_INST|mem~1547                                             ; 0                 ; 0       ;
;      - TOP:DUT|dmem:DMEM_INST|mem~715                                              ; 1                 ; 0       ;
;      - TOP:DUT|dmem:DMEM_INST|mem~843                                              ; 0                 ; 0       ;
;      - TOP:DUT|dmem:DMEM_INST|mem~587                                              ; 0                 ; 0       ;
;      - TOP:DUT|dmem:DMEM_INST|mem~971                                              ; 0                 ; 0       ;
;      - TOP:DUT|dmem:DMEM_INST|mem~875                                              ; 1                 ; 0       ;
;      - TOP:DUT|dmem:DMEM_INST|mem~747                                              ; 1                 ; 0       ;
;      - TOP:DUT|dmem:DMEM_INST|mem~619                                              ; 0                 ; 0       ;
;      - TOP:DUT|dmem:DMEM_INST|mem~1003                                             ; 0                 ; 0       ;
;      - TOP:DUT|dmem:DMEM_INST|mem~811                                              ; 0                 ; 0       ;
;      - TOP:DUT|dmem:DMEM_INST|mem~683                                              ; 0                 ; 0       ;
;      - TOP:DUT|dmem:DMEM_INST|mem~555                                              ; 0                 ; 0       ;
;      - TOP:DUT|dmem:DMEM_INST|mem~939                                              ; 1                 ; 0       ;
;      - TOP:DUT|dmem:DMEM_INST|mem~779                                              ; 0                 ; 0       ;
;      - TOP:DUT|dmem:DMEM_INST|mem~907                                              ; 1                 ; 0       ;
;      - TOP:DUT|dmem:DMEM_INST|mem~651                                              ; 1                 ; 0       ;
;      - TOP:DUT|dmem:DMEM_INST|mem~1035                                             ; 1                 ; 0       ;
;      - TOP:DUT|dmem:DMEM_INST|mem~235                                              ; 0                 ; 0       ;
;      - TOP:DUT|dmem:DMEM_INST|mem~203                                              ; 0                 ; 0       ;
;      - TOP:DUT|dmem:DMEM_INST|mem~171                                              ; 0                 ; 0       ;
;      - TOP:DUT|dmem:DMEM_INST|mem~267                                              ; 0                 ; 0       ;
;      - TOP:DUT|dmem:DMEM_INST|mem~331                                              ; 0                 ; 0       ;
;      - TOP:DUT|dmem:DMEM_INST|mem~363                                              ; 0                 ; 0       ;
;      - TOP:DUT|dmem:DMEM_INST|mem~299                                              ; 1                 ; 0       ;
;      - TOP:DUT|dmem:DMEM_INST|mem~395                                              ; 1                 ; 0       ;
;      - TOP:DUT|dmem:DMEM_INST|mem~75                                               ; 0                 ; 0       ;
;      - TOP:DUT|dmem:DMEM_INST|mem~107                                              ; 1                 ; 0       ;
;      - TOP:DUT|dmem:DMEM_INST|mem~43                                               ; 0                 ; 0       ;
;      - TOP:DUT|dmem:DMEM_INST|mem~139                                              ; 0                 ; 0       ;
;      - TOP:DUT|dmem:DMEM_INST|mem~491                                              ; 1                 ; 0       ;
;      - TOP:DUT|dmem:DMEM_INST|mem~459                                              ; 0                 ; 0       ;
;      - TOP:DUT|dmem:DMEM_INST|mem~427                                              ; 1                 ; 0       ;
;      - TOP:DUT|dmem:DMEM_INST|mem~523                                              ; 1                 ; 0       ;
;      - TOP:DUT|dmem:DMEM_INST|mem~1771                                             ; 1                 ; 0       ;
;      - TOP:DUT|dmem:DMEM_INST|mem~1899                                             ; 0                 ; 0       ;
;      - TOP:DUT|dmem:DMEM_INST|mem~1643                                             ; 0                 ; 0       ;
;      - TOP:DUT|dmem:DMEM_INST|mem~2027                                             ; 1                 ; 0       ;
;      - TOP:DUT|dmem:DMEM_INST|mem~1867                                             ; 0                 ; 0       ;
;      - TOP:DUT|dmem:DMEM_INST|mem~1739                                             ; 1                 ; 0       ;
;      - TOP:DUT|dmem:DMEM_INST|mem~1611                                             ; 1                 ; 0       ;
;      - TOP:DUT|dmem:DMEM_INST|mem~1995                                             ; 0                 ; 0       ;
;      - TOP:DUT|dmem:DMEM_INST|mem~1707                                             ; 1                 ; 0       ;
;      - TOP:DUT|dmem:DMEM_INST|mem~1835                                             ; 0                 ; 0       ;
;      - TOP:DUT|dmem:DMEM_INST|mem~1579                                             ; 1                 ; 0       ;
;      - TOP:DUT|dmem:DMEM_INST|mem~1963                                             ; 0                 ; 0       ;
;      - TOP:DUT|dmem:DMEM_INST|mem~1931                                             ; 1                 ; 0       ;
;      - TOP:DUT|dmem:DMEM_INST|mem~1803                                             ; 0                 ; 0       ;
;      - TOP:DUT|dmem:DMEM_INST|mem~1675                                             ; 0                 ; 0       ;
;      - TOP:DUT|dmem:DMEM_INST|mem~2059                                             ; 1                 ; 0       ;
;      - TOP:DUT|dmem:DMEM_INST|mem~2763                                             ; 0                 ; 0       ;
;      - TOP:DUT|dmem:DMEM_INST|mem~2891                                             ; 0                 ; 0       ;
;      - TOP:DUT|dmem:DMEM_INST|mem~2635                                             ; 0                 ; 0       ;
;      - TOP:DUT|dmem:DMEM_INST|mem~3019                                             ; 0                 ; 0       ;
;      - TOP:DUT|dmem:DMEM_INST|mem~2923                                             ; 0                 ; 0       ;
;      - TOP:DUT|dmem:DMEM_INST|mem~2795                                             ; 1                 ; 0       ;
;      - TOP:DUT|dmem:DMEM_INST|mem~2667                                             ; 1                 ; 0       ;
;      - TOP:DUT|dmem:DMEM_INST|mem~3051                                             ; 1                 ; 0       ;
;      - TOP:DUT|dmem:DMEM_INST|mem~2859                                             ; 0                 ; 0       ;
;      - TOP:DUT|dmem:DMEM_INST|mem~2731                                             ; 0                 ; 0       ;
;      - TOP:DUT|dmem:DMEM_INST|mem~2603                                             ; 0                 ; 0       ;
;      - TOP:DUT|dmem:DMEM_INST|mem~2987                                             ; 0                 ; 0       ;
;      - TOP:DUT|dmem:DMEM_INST|mem~2827                                             ; 1                 ; 0       ;
;      - TOP:DUT|dmem:DMEM_INST|mem~2955                                             ; 0                 ; 0       ;
;      - TOP:DUT|dmem:DMEM_INST|mem~2699                                             ; 0                 ; 0       ;
;      - TOP:DUT|dmem:DMEM_INST|mem~3083                                             ; 1                 ; 0       ;
;      - TOP:DUT|dmem:DMEM_INST|mem~3435                                             ; 1                 ; 0       ;
;      - TOP:DUT|dmem:DMEM_INST|mem~3403                                             ; 1                 ; 0       ;
;      - TOP:DUT|dmem:DMEM_INST|mem~3371                                             ; 1                 ; 0       ;
;      - TOP:DUT|dmem:DMEM_INST|mem~3467                                             ; 1                 ; 0       ;
;      - TOP:DUT|dmem:DMEM_INST|mem~3275                                             ; 1                 ; 0       ;
;      - TOP:DUT|dmem:DMEM_INST|mem~3307                                             ; 0                 ; 0       ;
;      - TOP:DUT|dmem:DMEM_INST|mem~3243                                             ; 1                 ; 0       ;
;      - TOP:DUT|dmem:DMEM_INST|mem~3339                                             ; 1                 ; 0       ;
;      - TOP:DUT|dmem:DMEM_INST|mem~3179                                             ; 1                 ; 0       ;
;      - TOP:DUT|dmem:DMEM_INST|mem~3147                                             ; 1                 ; 0       ;
;      - TOP:DUT|dmem:DMEM_INST|mem~3115                                             ; 0                 ; 0       ;
;      - TOP:DUT|dmem:DMEM_INST|mem~3211                                             ; 0                 ; 0       ;
;      - TOP:DUT|dmem:DMEM_INST|mem~3531                                             ; 1                 ; 0       ;
;      - TOP:DUT|dmem:DMEM_INST|mem~3563                                             ; 0                 ; 0       ;
;      - TOP:DUT|dmem:DMEM_INST|mem~3499                                             ; 1                 ; 0       ;
;      - TOP:DUT|dmem:DMEM_INST|mem~3595                                             ; 1                 ; 0       ;
;      - TOP:DUT|dmem:DMEM_INST|mem~2283                                             ; 0                 ; 0       ;
;      - TOP:DUT|dmem:DMEM_INST|mem~2251                                             ; 0                 ; 0       ;
;      - TOP:DUT|dmem:DMEM_INST|mem~2219                                             ; 0                 ; 0       ;
;      - TOP:DUT|dmem:DMEM_INST|mem~2315                                             ; 0                 ; 0       ;
;      - TOP:DUT|dmem:DMEM_INST|mem~2379                                             ; 0                 ; 0       ;
;      - TOP:DUT|dmem:DMEM_INST|mem~2411                                             ; 0                 ; 0       ;
;      - TOP:DUT|dmem:DMEM_INST|mem~2347                                             ; 0                 ; 0       ;
;      - TOP:DUT|dmem:DMEM_INST|mem~2443                                             ; 0                 ; 0       ;
;      - TOP:DUT|dmem:DMEM_INST|mem~2123                                             ; 1                 ; 0       ;
;      - TOP:DUT|dmem:DMEM_INST|mem~2155                                             ; 0                 ; 0       ;
;      - TOP:DUT|dmem:DMEM_INST|mem~2091                                             ; 0                 ; 0       ;
;      - TOP:DUT|dmem:DMEM_INST|mem~2187                                             ; 0                 ; 0       ;
;      - TOP:DUT|dmem:DMEM_INST|mem~2539                                             ; 0                 ; 0       ;
;      - TOP:DUT|dmem:DMEM_INST|mem~2507                                             ; 1                 ; 0       ;
;      - TOP:DUT|dmem:DMEM_INST|mem~2475                                             ; 0                 ; 0       ;
;      - TOP:DUT|dmem:DMEM_INST|mem~2571                                             ; 1                 ; 0       ;
;      - TOP:DUT|dmem:DMEM_INST|mem~3819                                             ; 0                 ; 0       ;
;      - TOP:DUT|dmem:DMEM_INST|mem~3947                                             ; 0                 ; 0       ;
;      - TOP:DUT|dmem:DMEM_INST|mem~3691                                             ; 0                 ; 0       ;
;      - TOP:DUT|dmem:DMEM_INST|mem~4075                                             ; 0                 ; 0       ;
;      - TOP:DUT|dmem:DMEM_INST|mem~3915                                             ; 0                 ; 0       ;
;      - TOP:DUT|dmem:DMEM_INST|mem~3787                                             ; 1                 ; 0       ;
;      - TOP:DUT|dmem:DMEM_INST|mem~3659                                             ; 0                 ; 0       ;
;      - TOP:DUT|dmem:DMEM_INST|mem~4043                                             ; 0                 ; 0       ;
;      - TOP:DUT|dmem:DMEM_INST|mem~3755                                             ; 0                 ; 0       ;
;      - TOP:DUT|dmem:DMEM_INST|mem~3883                                             ; 0                 ; 0       ;
;      - TOP:DUT|dmem:DMEM_INST|mem~3627                                             ; 0                 ; 0       ;
;      - TOP:DUT|dmem:DMEM_INST|mem~4011                                             ; 0                 ; 0       ;
;      - TOP:DUT|dmem:DMEM_INST|mem~3979                                             ; 1                 ; 0       ;
;      - TOP:DUT|dmem:DMEM_INST|mem~3851                                             ; 1                 ; 0       ;
;      - TOP:DUT|dmem:DMEM_INST|mem~3723                                             ; 1                 ; 0       ;
;      - TOP:DUT|dmem:DMEM_INST|mem~4107                                             ; 0                 ; 0       ;
;      - TOP:DUT|dmem:DMEM_INST|mem~1386                                             ; 0                 ; 0       ;
;      - TOP:DUT|dmem:DMEM_INST|mem~1354                                             ; 0                 ; 0       ;
;      - TOP:DUT|dmem:DMEM_INST|mem~1322                                             ; 0                 ; 0       ;
;      - TOP:DUT|dmem:DMEM_INST|mem~1418                                             ; 0                 ; 0       ;
;      - TOP:DUT|dmem:DMEM_INST|mem~1226                                             ; 0                 ; 0       ;
;      - TOP:DUT|dmem:DMEM_INST|mem~1258                                             ; 0                 ; 0       ;
;      - TOP:DUT|dmem:DMEM_INST|mem~1194                                             ; 1                 ; 0       ;
;      - TOP:DUT|dmem:DMEM_INST|mem~1290                                             ; 1                 ; 0       ;
;      - TOP:DUT|dmem:DMEM_INST|mem~1130                                             ; 0                 ; 0       ;
;      - TOP:DUT|dmem:DMEM_INST|mem~1098                                             ; 0                 ; 0       ;
;      - TOP:DUT|dmem:DMEM_INST|mem~1066                                             ; 0                 ; 0       ;
;      - TOP:DUT|dmem:DMEM_INST|mem~1162                                             ; 0                 ; 0       ;
;      - TOP:DUT|dmem:DMEM_INST|mem~1482                                             ; 0                 ; 0       ;
;      - TOP:DUT|dmem:DMEM_INST|mem~1514                                             ; 0                 ; 0       ;
;      - TOP:DUT|dmem:DMEM_INST|mem~1450                                             ; 0                 ; 0       ;
;      - TOP:DUT|dmem:DMEM_INST|mem~1546                                             ; 0                 ; 0       ;
;      - TOP:DUT|dmem:DMEM_INST|mem~714                                              ; 1                 ; 0       ;
;      - TOP:DUT|dmem:DMEM_INST|mem~842                                              ; 0                 ; 0       ;
;      - TOP:DUT|dmem:DMEM_INST|mem~586                                              ; 0                 ; 0       ;
;      - TOP:DUT|dmem:DMEM_INST|mem~970                                              ; 1                 ; 0       ;
;      - TOP:DUT|dmem:DMEM_INST|mem~874                                              ; 1                 ; 0       ;
;      - TOP:DUT|dmem:DMEM_INST|mem~746                                              ; 0                 ; 0       ;
;      - TOP:DUT|dmem:DMEM_INST|mem~618                                              ; 0                 ; 0       ;
;      - TOP:DUT|dmem:DMEM_INST|mem~1002                                             ; 1                 ; 0       ;
;      - TOP:DUT|dmem:DMEM_INST|mem~810                                              ; 1                 ; 0       ;
;      - TOP:DUT|dmem:DMEM_INST|mem~682                                              ; 1                 ; 0       ;
;      - TOP:DUT|dmem:DMEM_INST|mem~554                                              ; 0                 ; 0       ;
;      - TOP:DUT|dmem:DMEM_INST|mem~938                                              ; 1                 ; 0       ;
;      - TOP:DUT|dmem:DMEM_INST|mem~778                                              ; 0                 ; 0       ;
;      - TOP:DUT|dmem:DMEM_INST|mem~906                                              ; 0                 ; 0       ;
;      - TOP:DUT|dmem:DMEM_INST|mem~650                                              ; 0                 ; 0       ;
;      - TOP:DUT|dmem:DMEM_INST|mem~1034                                             ; 1                 ; 0       ;
;      - TOP:DUT|dmem:DMEM_INST|mem~234                                              ; 0                 ; 0       ;
;      - TOP:DUT|dmem:DMEM_INST|mem~202                                              ; 0                 ; 0       ;
;      - TOP:DUT|dmem:DMEM_INST|mem~170                                              ; 0                 ; 0       ;
;      - TOP:DUT|dmem:DMEM_INST|mem~266                                              ; 0                 ; 0       ;
;      - TOP:DUT|dmem:DMEM_INST|mem~330                                              ; 0                 ; 0       ;
;      - TOP:DUT|dmem:DMEM_INST|mem~362                                              ; 0                 ; 0       ;
;      - TOP:DUT|dmem:DMEM_INST|mem~298                                              ; 1                 ; 0       ;
;      - TOP:DUT|dmem:DMEM_INST|mem~394                                              ; 1                 ; 0       ;
;      - TOP:DUT|dmem:DMEM_INST|mem~74                                               ; 1                 ; 0       ;
;      - TOP:DUT|dmem:DMEM_INST|mem~106                                              ; 0                 ; 0       ;
;      - TOP:DUT|dmem:DMEM_INST|mem~42                                               ; 0                 ; 0       ;
;      - TOP:DUT|dmem:DMEM_INST|mem~138                                              ; 0                 ; 0       ;
;      - TOP:DUT|dmem:DMEM_INST|mem~490                                              ; 1                 ; 0       ;
;      - TOP:DUT|dmem:DMEM_INST|mem~458                                              ; 0                 ; 0       ;
;      - TOP:DUT|dmem:DMEM_INST|mem~426                                              ; 1                 ; 0       ;
;      - TOP:DUT|dmem:DMEM_INST|mem~522                                              ; 1                 ; 0       ;
;      - TOP:DUT|dmem:DMEM_INST|mem~1770                                             ; 1                 ; 0       ;
;      - TOP:DUT|dmem:DMEM_INST|mem~1898                                             ; 0                 ; 0       ;
;      - TOP:DUT|dmem:DMEM_INST|mem~1642                                             ; 0                 ; 0       ;
;      - TOP:DUT|dmem:DMEM_INST|mem~2026                                             ; 1                 ; 0       ;
;      - TOP:DUT|dmem:DMEM_INST|mem~1866                                             ; 0                 ; 0       ;
;      - TOP:DUT|dmem:DMEM_INST|mem~1738                                             ; 1                 ; 0       ;
;      - TOP:DUT|dmem:DMEM_INST|mem~1610                                             ; 1                 ; 0       ;
;      - TOP:DUT|dmem:DMEM_INST|mem~1994                                             ; 0                 ; 0       ;
;      - TOP:DUT|dmem:DMEM_INST|mem~1706                                             ; 1                 ; 0       ;
;      - TOP:DUT|dmem:DMEM_INST|mem~1834                                             ; 0                 ; 0       ;
;      - TOP:DUT|dmem:DMEM_INST|mem~1578                                             ; 0                 ; 0       ;
;      - TOP:DUT|dmem:DMEM_INST|mem~1962                                             ; 0                 ; 0       ;
;      - TOP:DUT|dmem:DMEM_INST|mem~1930                                             ; 0                 ; 0       ;
;      - TOP:DUT|dmem:DMEM_INST|mem~1802                                             ; 0                 ; 0       ;
;      - TOP:DUT|dmem:DMEM_INST|mem~1674                                             ; 0                 ; 0       ;
;      - TOP:DUT|dmem:DMEM_INST|mem~2058                                             ; 0                 ; 0       ;
;      - TOP:DUT|dmem:DMEM_INST|mem~2762                                             ; 0                 ; 0       ;
;      - TOP:DUT|dmem:DMEM_INST|mem~2890                                             ; 0                 ; 0       ;
;      - TOP:DUT|dmem:DMEM_INST|mem~2634                                             ; 0                 ; 0       ;
;      - TOP:DUT|dmem:DMEM_INST|mem~3018                                             ; 0                 ; 0       ;
;      - TOP:DUT|dmem:DMEM_INST|mem~2922                                             ; 1                 ; 0       ;
;      - TOP:DUT|dmem:DMEM_INST|mem~2794                                             ; 1                 ; 0       ;
;      - TOP:DUT|dmem:DMEM_INST|mem~2666                                             ; 1                 ; 0       ;
;      - TOP:DUT|dmem:DMEM_INST|mem~3050                                             ; 1                 ; 0       ;
;      - TOP:DUT|dmem:DMEM_INST|mem~2858                                             ; 1                 ; 0       ;
;      - TOP:DUT|dmem:DMEM_INST|mem~2730                                             ; 0                 ; 0       ;
;      - TOP:DUT|dmem:DMEM_INST|mem~2602                                             ; 0                 ; 0       ;
;      - TOP:DUT|dmem:DMEM_INST|mem~2986                                             ; 1                 ; 0       ;
;      - TOP:DUT|dmem:DMEM_INST|mem~2826                                             ; 1                 ; 0       ;
;      - TOP:DUT|dmem:DMEM_INST|mem~2954                                             ; 0                 ; 0       ;
;      - TOP:DUT|dmem:DMEM_INST|mem~2698                                             ; 0                 ; 0       ;
;      - TOP:DUT|dmem:DMEM_INST|mem~3082                                             ; 1                 ; 0       ;
;      - TOP:DUT|dmem:DMEM_INST|mem~3434                                             ; 0                 ; 0       ;
;      - TOP:DUT|dmem:DMEM_INST|mem~3402                                             ; 1                 ; 0       ;
;      - TOP:DUT|dmem:DMEM_INST|mem~3370                                             ; 1                 ; 0       ;
;      - TOP:DUT|dmem:DMEM_INST|mem~3466                                             ; 1                 ; 0       ;
;      - TOP:DUT|dmem:DMEM_INST|mem~3274                                             ; 1                 ; 0       ;
;      - TOP:DUT|dmem:DMEM_INST|mem~3306                                             ; 0                 ; 0       ;
;      - TOP:DUT|dmem:DMEM_INST|mem~3242                                             ; 0                 ; 0       ;
;      - TOP:DUT|dmem:DMEM_INST|mem~3338                                             ; 0                 ; 0       ;
;      - TOP:DUT|dmem:DMEM_INST|mem~3178                                             ; 1                 ; 0       ;
;      - TOP:DUT|dmem:DMEM_INST|mem~3146                                             ; 0                 ; 0       ;
;      - TOP:DUT|dmem:DMEM_INST|mem~3114                                             ; 0                 ; 0       ;
;      - TOP:DUT|dmem:DMEM_INST|mem~3210                                             ; 0                 ; 0       ;
;      - TOP:DUT|dmem:DMEM_INST|mem~3530                                             ; 1                 ; 0       ;
;      - TOP:DUT|dmem:DMEM_INST|mem~3562                                             ; 1                 ; 0       ;
;      - TOP:DUT|dmem:DMEM_INST|mem~3498                                             ; 1                 ; 0       ;
;      - TOP:DUT|dmem:DMEM_INST|mem~3594                                             ; 1                 ; 0       ;
;      - TOP:DUT|dmem:DMEM_INST|mem~2282                                             ; 0                 ; 0       ;
;      - TOP:DUT|dmem:DMEM_INST|mem~2250                                             ; 0                 ; 0       ;
;      - TOP:DUT|dmem:DMEM_INST|mem~2218                                             ; 0                 ; 0       ;
;      - TOP:DUT|dmem:DMEM_INST|mem~2314                                             ; 0                 ; 0       ;
;      - TOP:DUT|dmem:DMEM_INST|mem~2378                                             ; 0                 ; 0       ;
;      - TOP:DUT|dmem:DMEM_INST|mem~2410                                             ; 0                 ; 0       ;
;      - TOP:DUT|dmem:DMEM_INST|mem~2346                                             ; 0                 ; 0       ;
;      - TOP:DUT|dmem:DMEM_INST|mem~2442                                             ; 0                 ; 0       ;
;      - TOP:DUT|dmem:DMEM_INST|mem~2122                                             ; 1                 ; 0       ;
;      - TOP:DUT|dmem:DMEM_INST|mem~2154                                             ; 0                 ; 0       ;
;      - TOP:DUT|dmem:DMEM_INST|mem~2090                                             ; 0                 ; 0       ;
;      - TOP:DUT|dmem:DMEM_INST|mem~2186                                             ; 0                 ; 0       ;
;      - TOP:DUT|dmem:DMEM_INST|mem~2538                                             ; 0                 ; 0       ;
;      - TOP:DUT|dmem:DMEM_INST|mem~2506                                             ; 1                 ; 0       ;
;      - TOP:DUT|dmem:DMEM_INST|mem~2474                                             ; 0                 ; 0       ;
;      - TOP:DUT|dmem:DMEM_INST|mem~2570                                             ; 1                 ; 0       ;
;      - TOP:DUT|dmem:DMEM_INST|mem~3818                                             ; 1                 ; 0       ;
;      - TOP:DUT|dmem:DMEM_INST|mem~3946                                             ; 0                 ; 0       ;
;      - TOP:DUT|dmem:DMEM_INST|mem~3690                                             ; 0                 ; 0       ;
;      - TOP:DUT|dmem:DMEM_INST|mem~4074                                             ; 1                 ; 0       ;
;      - TOP:DUT|dmem:DMEM_INST|mem~3914                                             ; 0                 ; 0       ;
;      - TOP:DUT|dmem:DMEM_INST|mem~3786                                             ; 1                 ; 0       ;
;      - TOP:DUT|dmem:DMEM_INST|mem~3658                                             ; 1                 ; 0       ;
;      - TOP:DUT|dmem:DMEM_INST|mem~4042                                             ; 0                 ; 0       ;
;      - TOP:DUT|dmem:DMEM_INST|mem~3754                                             ; 1                 ; 0       ;
;      - TOP:DUT|dmem:DMEM_INST|mem~3882                                             ; 0                 ; 0       ;
;      - TOP:DUT|dmem:DMEM_INST|mem~3626                                             ; 0                 ; 0       ;
;      - TOP:DUT|dmem:DMEM_INST|mem~4010                                             ; 1                 ; 0       ;
;      - TOP:DUT|dmem:DMEM_INST|mem~3978                                             ; 1                 ; 0       ;
;      - TOP:DUT|dmem:DMEM_INST|mem~3850                                             ; 1                 ; 0       ;
;      - TOP:DUT|dmem:DMEM_INST|mem~3722                                             ; 1                 ; 0       ;
;      - TOP:DUT|dmem:DMEM_INST|mem~4106                                             ; 0                 ; 0       ;
;      - TOP:DUT|dmem:DMEM_INST|mem~1385                                             ; 0                 ; 0       ;
;      - TOP:DUT|dmem:DMEM_INST|mem~1353                                             ; 0                 ; 0       ;
;      - TOP:DUT|dmem:DMEM_INST|mem~1321                                             ; 0                 ; 0       ;
;      - TOP:DUT|dmem:DMEM_INST|mem~1417                                             ; 0                 ; 0       ;
;      - TOP:DUT|dmem:DMEM_INST|mem~1225                                             ; 0                 ; 0       ;
;      - TOP:DUT|dmem:DMEM_INST|mem~1257                                             ; 1                 ; 0       ;
;      - TOP:DUT|dmem:DMEM_INST|mem~1193                                             ; 1                 ; 0       ;
;      - TOP:DUT|dmem:DMEM_INST|mem~1289                                             ; 1                 ; 0       ;
;      - TOP:DUT|dmem:DMEM_INST|mem~1129                                             ; 0                 ; 0       ;
;      - TOP:DUT|dmem:DMEM_INST|mem~1097                                             ; 0                 ; 0       ;
;      - TOP:DUT|dmem:DMEM_INST|mem~1065                                             ; 0                 ; 0       ;
;      - TOP:DUT|dmem:DMEM_INST|mem~1161                                             ; 0                 ; 0       ;
;      - TOP:DUT|dmem:DMEM_INST|mem~1481                                             ; 0                 ; 0       ;
;      - TOP:DUT|dmem:DMEM_INST|mem~1513                                             ; 0                 ; 0       ;
;      - TOP:DUT|dmem:DMEM_INST|mem~1449                                             ; 0                 ; 0       ;
;      - TOP:DUT|dmem:DMEM_INST|mem~1545                                             ; 0                 ; 0       ;
;      - TOP:DUT|dmem:DMEM_INST|mem~713                                              ; 1                 ; 0       ;
;      - TOP:DUT|dmem:DMEM_INST|mem~841                                              ; 0                 ; 0       ;
;      - TOP:DUT|dmem:DMEM_INST|mem~585                                              ; 0                 ; 0       ;
;      - TOP:DUT|dmem:DMEM_INST|mem~969                                              ; 1                 ; 0       ;
;      - TOP:DUT|dmem:DMEM_INST|mem~873                                              ; 1                 ; 0       ;
;      - TOP:DUT|dmem:DMEM_INST|mem~745                                              ; 0                 ; 0       ;
;      - TOP:DUT|dmem:DMEM_INST|mem~617                                              ; 0                 ; 0       ;
;      - TOP:DUT|dmem:DMEM_INST|mem~1001                                             ; 1                 ; 0       ;
;      - TOP:DUT|dmem:DMEM_INST|mem~809                                              ; 0                 ; 0       ;
;      - TOP:DUT|dmem:DMEM_INST|mem~681                                              ; 1                 ; 0       ;
;      - TOP:DUT|dmem:DMEM_INST|mem~553                                              ; 0                 ; 0       ;
;      - TOP:DUT|dmem:DMEM_INST|mem~937                                              ; 1                 ; 0       ;
;      - TOP:DUT|dmem:DMEM_INST|mem~777                                              ; 1                 ; 0       ;
;      - TOP:DUT|dmem:DMEM_INST|mem~905                                              ; 1                 ; 0       ;
;      - TOP:DUT|dmem:DMEM_INST|mem~649                                              ; 1                 ; 0       ;
;      - TOP:DUT|dmem:DMEM_INST|mem~1033                                             ; 1                 ; 0       ;
;      - TOP:DUT|dmem:DMEM_INST|mem~233                                              ; 0                 ; 0       ;
;      - TOP:DUT|dmem:DMEM_INST|mem~201                                              ; 0                 ; 0       ;
;      - TOP:DUT|dmem:DMEM_INST|mem~169                                              ; 0                 ; 0       ;
;      - TOP:DUT|dmem:DMEM_INST|mem~265                                              ; 0                 ; 0       ;
;      - TOP:DUT|dmem:DMEM_INST|mem~329                                              ; 0                 ; 0       ;
;      - TOP:DUT|dmem:DMEM_INST|mem~361                                              ; 0                 ; 0       ;
;      - TOP:DUT|dmem:DMEM_INST|mem~297                                              ; 1                 ; 0       ;
;      - TOP:DUT|dmem:DMEM_INST|mem~393                                              ; 1                 ; 0       ;
;      - TOP:DUT|dmem:DMEM_INST|mem~73                                               ; 1                 ; 0       ;
;      - TOP:DUT|dmem:DMEM_INST|mem~105                                              ; 0                 ; 0       ;
;      - TOP:DUT|dmem:DMEM_INST|mem~41                                               ; 1                 ; 0       ;
;      - TOP:DUT|dmem:DMEM_INST|mem~137                                              ; 1                 ; 0       ;
;      - TOP:DUT|dmem:DMEM_INST|mem~489                                              ; 1                 ; 0       ;
;      - TOP:DUT|dmem:DMEM_INST|mem~457                                              ; 0                 ; 0       ;
;      - TOP:DUT|dmem:DMEM_INST|mem~425                                              ; 1                 ; 0       ;
;      - TOP:DUT|dmem:DMEM_INST|mem~521                                              ; 1                 ; 0       ;
;      - TOP:DUT|dmem:DMEM_INST|mem~1769                                             ; 1                 ; 0       ;
;      - TOP:DUT|dmem:DMEM_INST|mem~1897                                             ; 0                 ; 0       ;
;      - TOP:DUT|dmem:DMEM_INST|mem~1641                                             ; 0                 ; 0       ;
;      - TOP:DUT|dmem:DMEM_INST|mem~2025                                             ; 1                 ; 0       ;
;      - TOP:DUT|dmem:DMEM_INST|mem~1865                                             ; 0                 ; 0       ;
;      - TOP:DUT|dmem:DMEM_INST|mem~1737                                             ; 0                 ; 0       ;
;      - TOP:DUT|dmem:DMEM_INST|mem~1609                                             ; 1                 ; 0       ;
;      - TOP:DUT|dmem:DMEM_INST|mem~1993                                             ; 1                 ; 0       ;
;      - TOP:DUT|dmem:DMEM_INST|mem~1705                                             ; 0                 ; 0       ;
;      - TOP:DUT|dmem:DMEM_INST|mem~1833                                             ; 0                 ; 0       ;
;      - TOP:DUT|dmem:DMEM_INST|mem~1577                                             ; 0                 ; 0       ;
;      - TOP:DUT|dmem:DMEM_INST|mem~1961                                             ; 0                 ; 0       ;
;      - TOP:DUT|dmem:DMEM_INST|mem~1929                                             ; 1                 ; 0       ;
;      - TOP:DUT|dmem:DMEM_INST|mem~1801                                             ; 0                 ; 0       ;
;      - TOP:DUT|dmem:DMEM_INST|mem~1673                                             ; 0                 ; 0       ;
;      - TOP:DUT|dmem:DMEM_INST|mem~2057                                             ; 1                 ; 0       ;
;      - TOP:DUT|dmem:DMEM_INST|mem~2761                                             ; 0                 ; 0       ;
;      - TOP:DUT|dmem:DMEM_INST|mem~2889                                             ; 0                 ; 0       ;
;      - TOP:DUT|dmem:DMEM_INST|mem~2633                                             ; 0                 ; 0       ;
;      - TOP:DUT|dmem:DMEM_INST|mem~3017                                             ; 0                 ; 0       ;
;      - TOP:DUT|dmem:DMEM_INST|mem~2921                                             ; 0                 ; 0       ;
;      - TOP:DUT|dmem:DMEM_INST|mem~2793                                             ; 1                 ; 0       ;
;      - TOP:DUT|dmem:DMEM_INST|mem~2665                                             ; 1                 ; 0       ;
;      - TOP:DUT|dmem:DMEM_INST|mem~3049                                             ; 1                 ; 0       ;
;      - TOP:DUT|dmem:DMEM_INST|mem~2857                                             ; 1                 ; 0       ;
;      - TOP:DUT|dmem:DMEM_INST|mem~2729                                             ; 0                 ; 0       ;
;      - TOP:DUT|dmem:DMEM_INST|mem~2601                                             ; 0                 ; 0       ;
;      - TOP:DUT|dmem:DMEM_INST|mem~2985                                             ; 1                 ; 0       ;
;      - TOP:DUT|dmem:DMEM_INST|mem~2825                                             ; 1                 ; 0       ;
;      - TOP:DUT|dmem:DMEM_INST|mem~2953                                             ; 0                 ; 0       ;
;      - TOP:DUT|dmem:DMEM_INST|mem~2697                                             ; 0                 ; 0       ;
;      - TOP:DUT|dmem:DMEM_INST|mem~3081                                             ; 1                 ; 0       ;
;      - TOP:DUT|dmem:DMEM_INST|mem~3433                                             ; 1                 ; 0       ;
;      - TOP:DUT|dmem:DMEM_INST|mem~3401                                             ; 1                 ; 0       ;
;      - TOP:DUT|dmem:DMEM_INST|mem~3369                                             ; 1                 ; 0       ;
;      - TOP:DUT|dmem:DMEM_INST|mem~3465                                             ; 1                 ; 0       ;
;      - TOP:DUT|dmem:DMEM_INST|mem~3273                                             ; 1                 ; 0       ;
;      - TOP:DUT|dmem:DMEM_INST|mem~3305                                             ; 0                 ; 0       ;
;      - TOP:DUT|dmem:DMEM_INST|mem~3241                                             ; 0                 ; 0       ;
;      - TOP:DUT|dmem:DMEM_INST|mem~3337                                             ; 0                 ; 0       ;
;      - TOP:DUT|dmem:DMEM_INST|mem~3177                                             ; 1                 ; 0       ;
;      - TOP:DUT|dmem:DMEM_INST|mem~3145                                             ; 0                 ; 0       ;
;      - TOP:DUT|dmem:DMEM_INST|mem~3113                                             ; 1                 ; 0       ;
;      - TOP:DUT|dmem:DMEM_INST|mem~3209                                             ; 1                 ; 0       ;
;      - TOP:DUT|dmem:DMEM_INST|mem~3529                                             ; 0                 ; 0       ;
;      - TOP:DUT|dmem:DMEM_INST|mem~3561                                             ; 1                 ; 0       ;
;      - TOP:DUT|dmem:DMEM_INST|mem~3497                                             ; 1                 ; 0       ;
;      - TOP:DUT|dmem:DMEM_INST|mem~3593                                             ; 1                 ; 0       ;
;      - TOP:DUT|dmem:DMEM_INST|mem~2281                                             ; 0                 ; 0       ;
;      - TOP:DUT|dmem:DMEM_INST|mem~2249                                             ; 0                 ; 0       ;
;      - TOP:DUT|dmem:DMEM_INST|mem~2217                                             ; 0                 ; 0       ;
;      - TOP:DUT|dmem:DMEM_INST|mem~2313                                             ; 0                 ; 0       ;
;      - TOP:DUT|dmem:DMEM_INST|mem~2377                                             ; 0                 ; 0       ;
;      - TOP:DUT|dmem:DMEM_INST|mem~2409                                             ; 0                 ; 0       ;
;      - TOP:DUT|dmem:DMEM_INST|mem~2345                                             ; 0                 ; 0       ;
;      - TOP:DUT|dmem:DMEM_INST|mem~2441                                             ; 0                 ; 0       ;
;      - TOP:DUT|dmem:DMEM_INST|mem~2121                                             ; 1                 ; 0       ;
;      - TOP:DUT|dmem:DMEM_INST|mem~2153                                             ; 0                 ; 0       ;
;      - TOP:DUT|dmem:DMEM_INST|mem~2089                                             ; 0                 ; 0       ;
;      - TOP:DUT|dmem:DMEM_INST|mem~2185                                             ; 0                 ; 0       ;
;      - TOP:DUT|dmem:DMEM_INST|mem~2537                                             ; 1                 ; 0       ;
;      - TOP:DUT|dmem:DMEM_INST|mem~2505                                             ; 0                 ; 0       ;
;      - TOP:DUT|dmem:DMEM_INST|mem~2473                                             ; 0                 ; 0       ;
;      - TOP:DUT|dmem:DMEM_INST|mem~2569                                             ; 1                 ; 0       ;
;      - TOP:DUT|dmem:DMEM_INST|mem~3817                                             ; 1                 ; 0       ;
;      - TOP:DUT|dmem:DMEM_INST|mem~3945                                             ; 0                 ; 0       ;
;      - TOP:DUT|dmem:DMEM_INST|mem~3689                                             ; 0                 ; 0       ;
;      - TOP:DUT|dmem:DMEM_INST|mem~4073                                             ; 1                 ; 0       ;
;      - TOP:DUT|dmem:DMEM_INST|mem~3913                                             ; 0                 ; 0       ;
;      - TOP:DUT|dmem:DMEM_INST|mem~3785                                             ; 1                 ; 0       ;
;      - TOP:DUT|dmem:DMEM_INST|mem~3657                                             ; 0                 ; 0       ;
;      - TOP:DUT|dmem:DMEM_INST|mem~4041                                             ; 0                 ; 0       ;
;      - TOP:DUT|dmem:DMEM_INST|mem~3753                                             ; 0                 ; 0       ;
;      - TOP:DUT|dmem:DMEM_INST|mem~3881                                             ; 0                 ; 0       ;
;      - TOP:DUT|dmem:DMEM_INST|mem~3625                                             ; 0                 ; 0       ;
;      - TOP:DUT|dmem:DMEM_INST|mem~4009                                             ; 0                 ; 0       ;
;      - TOP:DUT|dmem:DMEM_INST|mem~3977                                             ; 1                 ; 0       ;
;      - TOP:DUT|dmem:DMEM_INST|mem~3849                                             ; 1                 ; 0       ;
;      - TOP:DUT|dmem:DMEM_INST|mem~3721                                             ; 1                 ; 0       ;
;      - TOP:DUT|dmem:DMEM_INST|mem~4105                                             ; 1                 ; 0       ;
; KEY[0]                                                                             ;                   ;         ;
;      - TOP:DUT|MIPS:MIPS_INST|DATAPATH:DATAPATH_INST|PCIntern[3]                   ; 0                 ; 6       ;
;      - TOP:DUT|MIPS:MIPS_INST|DATAPATH:DATAPATH_INST|PCIntern[2]                   ; 0                 ; 6       ;
;      - TOP:DUT|MIPS:MIPS_INST|DATAPATH:DATAPATH_INST|PCIntern[4]                   ; 0                 ; 6       ;
;      - TOP:DUT|MIPS:MIPS_INST|DATAPATH:DATAPATH_INST|PCIntern[5]                   ; 0                 ; 6       ;
;      - TOP:DUT|MIPS:MIPS_INST|DATAPATH:DATAPATH_INST|PCIntern[6]                   ; 0                 ; 6       ;
;      - TOP:DUT|MIPS:MIPS_INST|DATAPATH:DATAPATH_INST|PCIntern[7]                   ; 0                 ; 6       ;
+------------------------------------------------------------------------------------+-------------------+---------+


+-----------------------------------------------------------------------------------------------------------------------------------------------------------------------------------------------------------+
; Control Signals                                                                                                                                                                                           ;
+------------------------------------------------------------------------------+--------------------+---------+--------------+--------+----------------------+------------------+---------------------------+
; Name                                                                         ; Location           ; Fan-Out ; Usage        ; Global ; Global Resource Used ; Global Line Name ; Enable Signal Source Name ;
+------------------------------------------------------------------------------+--------------------+---------+--------------+--------+----------------------+------------------+---------------------------+
; KEY[0]                                                                       ; PIN_B8             ; 6       ; Async. clear ; no     ; --                   ; --               ; --                        ;
; KEY[1]                                                                       ; PIN_A7             ; 4262    ; Clock        ; no     ; --                   ; --               ; --                        ;
; TOP:DUT|MIPS:MIPS_INST|CONTROLLER:CONTROLLER_INST|Mux6~9                     ; LCCOMB_X64_Y37_N30 ; 6       ; Sync. load   ; no     ; --                   ; --               ; --                        ;
; TOP:DUT|MIPS:MIPS_INST|DATAPATH:DATAPATH_INST|RegFile:REGISTER_FILE|mem~1297 ; LCCOMB_X65_Y42_N22 ; 32      ; Clock enable ; no     ; --                   ; --               ; --                        ;
; TOP:DUT|MIPS:MIPS_INST|DATAPATH:DATAPATH_INST|RegFile:REGISTER_FILE|mem~1298 ; LCCOMB_X64_Y44_N2  ; 32      ; Clock enable ; no     ; --                   ; --               ; --                        ;
; TOP:DUT|MIPS:MIPS_INST|DATAPATH:DATAPATH_INST|RegFile:REGISTER_FILE|mem~1299 ; LCCOMB_X66_Y43_N4  ; 32      ; Clock enable ; no     ; --                   ; --               ; --                        ;
; TOP:DUT|MIPS:MIPS_INST|DATAPATH:DATAPATH_INST|RegFile:REGISTER_FILE|mem~1300 ; LCCOMB_X64_Y44_N6  ; 32      ; Clock enable ; no     ; --                   ; --               ; --                        ;
; TOP:DUT|MIPS:MIPS_INST|DATAPATH:DATAPATH_INST|RegFile:REGISTER_FILE|mem~1302 ; LCCOMB_X65_Y42_N26 ; 32      ; Clock enable ; no     ; --                   ; --               ; --                        ;
; TOP:DUT|dmem:DMEM_INST|mem~7035                                              ; LCCOMB_X66_Y46_N18 ; 32      ; Clock enable ; no     ; --                   ; --               ; --                        ;
; TOP:DUT|dmem:DMEM_INST|mem~7036                                              ; LCCOMB_X56_Y47_N0  ; 32      ; Clock enable ; no     ; --                   ; --               ; --                        ;
; TOP:DUT|dmem:DMEM_INST|mem~7037                                              ; LCCOMB_X62_Y46_N26 ; 32      ; Clock enable ; no     ; --                   ; --               ; --                        ;
; TOP:DUT|dmem:DMEM_INST|mem~7038                                              ; LCCOMB_X69_Y43_N18 ; 32      ; Clock enable ; no     ; --                   ; --               ; --                        ;
; TOP:DUT|dmem:DMEM_INST|mem~7039                                              ; LCCOMB_X65_Y47_N18 ; 32      ; Clock enable ; no     ; --                   ; --               ; --                        ;
; TOP:DUT|dmem:DMEM_INST|mem~7040                                              ; LCCOMB_X65_Y44_N22 ; 32      ; Clock enable ; no     ; --                   ; --               ; --                        ;
; TOP:DUT|dmem:DMEM_INST|mem~7041                                              ; LCCOMB_X56_Y49_N2  ; 32      ; Clock enable ; no     ; --                   ; --               ; --                        ;
; TOP:DUT|dmem:DMEM_INST|mem~7042                                              ; LCCOMB_X67_Y41_N8  ; 32      ; Clock enable ; no     ; --                   ; --               ; --                        ;
; TOP:DUT|dmem:DMEM_INST|mem~7043                                              ; LCCOMB_X62_Y46_N4  ; 32      ; Clock enable ; no     ; --                   ; --               ; --                        ;
; TOP:DUT|dmem:DMEM_INST|mem~7044                                              ; LCCOMB_X54_Y39_N0  ; 32      ; Clock enable ; no     ; --                   ; --               ; --                        ;
; TOP:DUT|dmem:DMEM_INST|mem~7045                                              ; LCCOMB_X63_Y37_N8  ; 32      ; Clock enable ; no     ; --                   ; --               ; --                        ;
; TOP:DUT|dmem:DMEM_INST|mem~7046                                              ; LCCOMB_X56_Y36_N8  ; 32      ; Clock enable ; no     ; --                   ; --               ; --                        ;
; TOP:DUT|dmem:DMEM_INST|mem~7047                                              ; LCCOMB_X55_Y43_N6  ; 32      ; Clock enable ; no     ; --                   ; --               ; --                        ;
; TOP:DUT|dmem:DMEM_INST|mem~7048                                              ; LCCOMB_X57_Y43_N20 ; 32      ; Clock enable ; no     ; --                   ; --               ; --                        ;
; TOP:DUT|dmem:DMEM_INST|mem~7049                                              ; LCCOMB_X49_Y39_N14 ; 32      ; Clock enable ; no     ; --                   ; --               ; --                        ;
; TOP:DUT|dmem:DMEM_INST|mem~7050                                              ; LCCOMB_X66_Y39_N16 ; 32      ; Clock enable ; no     ; --                   ; --               ; --                        ;
; TOP:DUT|dmem:DMEM_INST|mem~7052                                              ; LCCOMB_X65_Y44_N8  ; 32      ; Clock enable ; no     ; --                   ; --               ; --                        ;
; TOP:DUT|dmem:DMEM_INST|mem~7053                                              ; LCCOMB_X66_Y46_N20 ; 32      ; Clock enable ; no     ; --                   ; --               ; --                        ;
; TOP:DUT|dmem:DMEM_INST|mem~7054                                              ; LCCOMB_X62_Y46_N14 ; 32      ; Clock enable ; no     ; --                   ; --               ; --                        ;
; TOP:DUT|dmem:DMEM_INST|mem~7055                                              ; LCCOMB_X57_Y43_N14 ; 32      ; Clock enable ; no     ; --                   ; --               ; --                        ;
; TOP:DUT|dmem:DMEM_INST|mem~7056                                              ; LCCOMB_X57_Y43_N0  ; 32      ; Clock enable ; no     ; --                   ; --               ; --                        ;
; TOP:DUT|dmem:DMEM_INST|mem~7057                                              ; LCCOMB_X65_Y47_N28 ; 32      ; Clock enable ; no     ; --                   ; --               ; --                        ;
; TOP:DUT|dmem:DMEM_INST|mem~7058                                              ; LCCOMB_X50_Y48_N20 ; 32      ; Clock enable ; no     ; --                   ; --               ; --                        ;
; TOP:DUT|dmem:DMEM_INST|mem~7059                                              ; LCCOMB_X50_Y48_N6  ; 32      ; Clock enable ; no     ; --                   ; --               ; --                        ;
; TOP:DUT|dmem:DMEM_INST|mem~7060                                              ; LCCOMB_X56_Y49_N28 ; 32      ; Clock enable ; no     ; --                   ; --               ; --                        ;
; TOP:DUT|dmem:DMEM_INST|mem~7061                                              ; LCCOMB_X54_Y44_N10 ; 32      ; Clock enable ; no     ; --                   ; --               ; --                        ;
; TOP:DUT|dmem:DMEM_INST|mem~7062                                              ; LCCOMB_X58_Y40_N2  ; 32      ; Clock enable ; no     ; --                   ; --               ; --                        ;
; TOP:DUT|dmem:DMEM_INST|mem~7063                                              ; LCCOMB_X56_Y47_N10 ; 32      ; Clock enable ; no     ; --                   ; --               ; --                        ;
; TOP:DUT|dmem:DMEM_INST|mem~7064                                              ; LCCOMB_X69_Y43_N4  ; 32      ; Clock enable ; no     ; --                   ; --               ; --                        ;
; TOP:DUT|dmem:DMEM_INST|mem~7065                                              ; LCCOMB_X67_Y41_N10 ; 32      ; Clock enable ; no     ; --                   ; --               ; --                        ;
; TOP:DUT|dmem:DMEM_INST|mem~7066                                              ; LCCOMB_X57_Y37_N22 ; 32      ; Clock enable ; no     ; --                   ; --               ; --                        ;
; TOP:DUT|dmem:DMEM_INST|mem~7067                                              ; LCCOMB_X58_Y40_N20 ; 32      ; Clock enable ; no     ; --                   ; --               ; --                        ;
; TOP:DUT|dmem:DMEM_INST|mem~7068                                              ; LCCOMB_X65_Y47_N22 ; 32      ; Clock enable ; no     ; --                   ; --               ; --                        ;
; TOP:DUT|dmem:DMEM_INST|mem~7069                                              ; LCCOMB_X57_Y53_N22 ; 32      ; Clock enable ; no     ; --                   ; --               ; --                        ;
; TOP:DUT|dmem:DMEM_INST|mem~7070                                              ; LCCOMB_X56_Y47_N4  ; 32      ; Clock enable ; no     ; --                   ; --               ; --                        ;
; TOP:DUT|dmem:DMEM_INST|mem~7071                                              ; LCCOMB_X56_Y47_N22 ; 32      ; Clock enable ; no     ; --                   ; --               ; --                        ;
; TOP:DUT|dmem:DMEM_INST|mem~7072                                              ; LCCOMB_X66_Y46_N6  ; 32      ; Clock enable ; no     ; --                   ; --               ; --                        ;
; TOP:DUT|dmem:DMEM_INST|mem~7073                                              ; LCCOMB_X65_Y44_N2  ; 32      ; Clock enable ; no     ; --                   ; --               ; --                        ;
; TOP:DUT|dmem:DMEM_INST|mem~7074                                              ; LCCOMB_X62_Y46_N0  ; 32      ; Clock enable ; no     ; --                   ; --               ; --                        ;
; TOP:DUT|dmem:DMEM_INST|mem~7075                                              ; LCCOMB_X57_Y43_N18 ; 32      ; Clock enable ; no     ; --                   ; --               ; --                        ;
; TOP:DUT|dmem:DMEM_INST|mem~7076                                              ; LCCOMB_X62_Y46_N18 ; 32      ; Clock enable ; no     ; --                   ; --               ; --                        ;
; TOP:DUT|dmem:DMEM_INST|mem~7077                                              ; LCCOMB_X62_Y49_N14 ; 32      ; Clock enable ; no     ; --                   ; --               ; --                        ;
; TOP:DUT|dmem:DMEM_INST|mem~7078                                              ; LCCOMB_X63_Y37_N2  ; 32      ; Clock enable ; no     ; --                   ; --               ; --                        ;
; TOP:DUT|dmem:DMEM_INST|mem~7079                                              ; LCCOMB_X62_Y43_N4  ; 32      ; Clock enable ; no     ; --                   ; --               ; --                        ;
; TOP:DUT|dmem:DMEM_INST|mem~7080                                              ; LCCOMB_X67_Y41_N28 ; 32      ; Clock enable ; no     ; --                   ; --               ; --                        ;
; TOP:DUT|dmem:DMEM_INST|mem~7081                                              ; LCCOMB_X69_Y43_N22 ; 32      ; Clock enable ; no     ; --                   ; --               ; --                        ;
; TOP:DUT|dmem:DMEM_INST|mem~7082                                              ; LCCOMB_X63_Y37_N28 ; 32      ; Clock enable ; no     ; --                   ; --               ; --                        ;
; TOP:DUT|dmem:DMEM_INST|mem~7083                                              ; LCCOMB_X66_Y39_N26 ; 32      ; Clock enable ; no     ; --                   ; --               ; --                        ;
; TOP:DUT|dmem:DMEM_INST|mem~7084                                              ; LCCOMB_X66_Y46_N24 ; 32      ; Clock enable ; no     ; --                   ; --               ; --                        ;
; TOP:DUT|dmem:DMEM_INST|mem~7085                                              ; LCCOMB_X57_Y43_N4  ; 32      ; Clock enable ; no     ; --                   ; --               ; --                        ;
; TOP:DUT|dmem:DMEM_INST|mem~7086                                              ; LCCOMB_X62_Y46_N20 ; 32      ; Clock enable ; no     ; --                   ; --               ; --                        ;
; TOP:DUT|dmem:DMEM_INST|mem~7087                                              ; LCCOMB_X69_Y43_N0  ; 32      ; Clock enable ; no     ; --                   ; --               ; --                        ;
; TOP:DUT|dmem:DMEM_INST|mem~7088                                              ; LCCOMB_X65_Y47_N0  ; 32      ; Clock enable ; no     ; --                   ; --               ; --                        ;
; TOP:DUT|dmem:DMEM_INST|mem~7089                                              ; LCCOMB_X65_Y44_N20 ; 32      ; Clock enable ; no     ; --                   ; --               ; --                        ;
; TOP:DUT|dmem:DMEM_INST|mem~7090                                              ; LCCOMB_X56_Y49_N14 ; 32      ; Clock enable ; no     ; --                   ; --               ; --                        ;
; TOP:DUT|dmem:DMEM_INST|mem~7091                                              ; LCCOMB_X67_Y41_N22 ; 32      ; Clock enable ; no     ; --                   ; --               ; --                        ;
; TOP:DUT|dmem:DMEM_INST|mem~7092                                              ; LCCOMB_X60_Y48_N18 ; 32      ; Clock enable ; no     ; --                   ; --               ; --                        ;
; TOP:DUT|dmem:DMEM_INST|mem~7093                                              ; LCCOMB_X54_Y48_N4  ; 32      ; Clock enable ; no     ; --                   ; --               ; --                        ;
; TOP:DUT|dmem:DMEM_INST|mem~7094                                              ; LCCOMB_X63_Y37_N22 ; 32      ; Clock enable ; no     ; --                   ; --               ; --                        ;
; TOP:DUT|dmem:DMEM_INST|mem~7095                                              ; LCCOMB_X63_Y37_N16 ; 32      ; Clock enable ; no     ; --                   ; --               ; --                        ;
; TOP:DUT|dmem:DMEM_INST|mem~7096                                              ; LCCOMB_X55_Y43_N8  ; 32      ; Clock enable ; no     ; --                   ; --               ; --                        ;
; TOP:DUT|dmem:DMEM_INST|mem~7097                                              ; LCCOMB_X66_Y45_N30 ; 32      ; Clock enable ; no     ; --                   ; --               ; --                        ;
; TOP:DUT|dmem:DMEM_INST|mem~7098                                              ; LCCOMB_X63_Y46_N26 ; 32      ; Clock enable ; no     ; --                   ; --               ; --                        ;
; TOP:DUT|dmem:DMEM_INST|mem~7099                                              ; LCCOMB_X66_Y39_N20 ; 32      ; Clock enable ; no     ; --                   ; --               ; --                        ;
; TOP:DUT|dmem:DMEM_INST|mem~7100                                              ; LCCOMB_X65_Y44_N30 ; 32      ; Clock enable ; no     ; --                   ; --               ; --                        ;
; TOP:DUT|dmem:DMEM_INST|mem~7101                                              ; LCCOMB_X70_Y47_N30 ; 32      ; Clock enable ; no     ; --                   ; --               ; --                        ;
; TOP:DUT|dmem:DMEM_INST|mem~7102                                              ; LCCOMB_X56_Y49_N0  ; 32      ; Clock enable ; no     ; --                   ; --               ; --                        ;
; TOP:DUT|dmem:DMEM_INST|mem~7103                                              ; LCCOMB_X67_Y41_N16 ; 32      ; Clock enable ; no     ; --                   ; --               ; --                        ;
; TOP:DUT|dmem:DMEM_INST|mem~7104                                              ; LCCOMB_X57_Y43_N6  ; 32      ; Clock enable ; no     ; --                   ; --               ; --                        ;
; TOP:DUT|dmem:DMEM_INST|mem~7105                                              ; LCCOMB_X66_Y46_N26 ; 32      ; Clock enable ; no     ; --                   ; --               ; --                        ;
; TOP:DUT|dmem:DMEM_INST|mem~7106                                              ; LCCOMB_X62_Y46_N6  ; 32      ; Clock enable ; no     ; --                   ; --               ; --                        ;
; TOP:DUT|dmem:DMEM_INST|mem~7107                                              ; LCCOMB_X71_Y41_N14 ; 32      ; Clock enable ; no     ; --                   ; --               ; --                        ;
; TOP:DUT|dmem:DMEM_INST|mem~7108                                              ; LCCOMB_X58_Y44_N6  ; 32      ; Clock enable ; no     ; --                   ; --               ; --                        ;
; TOP:DUT|dmem:DMEM_INST|mem~7109                                              ; LCCOMB_X65_Y44_N16 ; 32      ; Clock enable ; no     ; --                   ; --               ; --                        ;
; TOP:DUT|dmem:DMEM_INST|mem~7110                                              ; LCCOMB_X63_Y37_N26 ; 32      ; Clock enable ; no     ; --                   ; --               ; --                        ;
; TOP:DUT|dmem:DMEM_INST|mem~7111                                              ; LCCOMB_X63_Y37_N4  ; 32      ; Clock enable ; no     ; --                   ; --               ; --                        ;
; TOP:DUT|dmem:DMEM_INST|mem~7112                                              ; LCCOMB_X57_Y43_N24 ; 32      ; Clock enable ; no     ; --                   ; --               ; --                        ;
; TOP:DUT|dmem:DMEM_INST|mem~7113                                              ; LCCOMB_X56_Y48_N30 ; 32      ; Clock enable ; no     ; --                   ; --               ; --                        ;
; TOP:DUT|dmem:DMEM_INST|mem~7114                                              ; LCCOMB_X63_Y46_N4  ; 32      ; Clock enable ; no     ; --                   ; --               ; --                        ;
; TOP:DUT|dmem:DMEM_INST|mem~7115                                              ; LCCOMB_X66_Y39_N30 ; 32      ; Clock enable ; no     ; --                   ; --               ; --                        ;
; TOP:DUT|dmem:DMEM_INST|mem~7116                                              ; LCCOMB_X65_Y44_N10 ; 32      ; Clock enable ; no     ; --                   ; --               ; --                        ;
; TOP:DUT|dmem:DMEM_INST|mem~7117                                              ; LCCOMB_X66_Y46_N4  ; 32      ; Clock enable ; no     ; --                   ; --               ; --                        ;
; TOP:DUT|dmem:DMEM_INST|mem~7118                                              ; LCCOMB_X64_Y50_N4  ; 32      ; Clock enable ; no     ; --                   ; --               ; --                        ;
; TOP:DUT|dmem:DMEM_INST|mem~7119                                              ; LCCOMB_X57_Y43_N26 ; 32      ; Clock enable ; no     ; --                   ; --               ; --                        ;
; TOP:DUT|dmem:DMEM_INST|mem~7120                                              ; LCCOMB_X56_Y47_N16 ; 32      ; Clock enable ; no     ; --                   ; --               ; --                        ;
; TOP:DUT|dmem:DMEM_INST|mem~7121                                              ; LCCOMB_X50_Y51_N6  ; 32      ; Clock enable ; no     ; --                   ; --               ; --                        ;
; TOP:DUT|dmem:DMEM_INST|mem~7122                                              ; LCCOMB_X54_Y48_N30 ; 32      ; Clock enable ; no     ; --                   ; --               ; --                        ;
; TOP:DUT|dmem:DMEM_INST|mem~7123                                              ; LCCOMB_X57_Y43_N12 ; 32      ; Clock enable ; no     ; --                   ; --               ; --                        ;
; TOP:DUT|dmem:DMEM_INST|mem~7124                                              ; LCCOMB_X56_Y49_N18 ; 32      ; Clock enable ; no     ; --                   ; --               ; --                        ;
; TOP:DUT|dmem:DMEM_INST|mem~7125                                              ; LCCOMB_X62_Y46_N16 ; 32      ; Clock enable ; no     ; --                   ; --               ; --                        ;
; TOP:DUT|dmem:DMEM_INST|mem~7126                                              ; LCCOMB_X63_Y37_N6  ; 32      ; Clock enable ; no     ; --                   ; --               ; --                        ;
; TOP:DUT|dmem:DMEM_INST|mem~7127                                              ; LCCOMB_X55_Y46_N14 ; 32      ; Clock enable ; no     ; --                   ; --               ; --                        ;
; TOP:DUT|dmem:DMEM_INST|mem~7128                                              ; LCCOMB_X72_Y44_N20 ; 32      ; Clock enable ; no     ; --                   ; --               ; --                        ;
; TOP:DUT|dmem:DMEM_INST|mem~7129                                              ; LCCOMB_X67_Y41_N18 ; 32      ; Clock enable ; no     ; --                   ; --               ; --                        ;
; TOP:DUT|dmem:DMEM_INST|mem~7130                                              ; LCCOMB_X63_Y37_N0  ; 32      ; Clock enable ; no     ; --                   ; --               ; --                        ;
; TOP:DUT|dmem:DMEM_INST|mem~7131                                              ; LCCOMB_X66_Y39_N0  ; 32      ; Clock enable ; no     ; --                   ; --               ; --                        ;
; TOP:DUT|dmem:DMEM_INST|mem~7132                                              ; LCCOMB_X47_Y46_N30 ; 32      ; Clock enable ; no     ; --                   ; --               ; --                        ;
; TOP:DUT|dmem:DMEM_INST|mem~7133                                              ; LCCOMB_X56_Y47_N2  ; 32      ; Clock enable ; no     ; --                   ; --               ; --                        ;
; TOP:DUT|dmem:DMEM_INST|mem~7134                                              ; LCCOMB_X56_Y47_N20 ; 32      ; Clock enable ; no     ; --                   ; --               ; --                        ;
; TOP:DUT|dmem:DMEM_INST|mem~7135                                              ; LCCOMB_X55_Y43_N26 ; 32      ; Clock enable ; no     ; --                   ; --               ; --                        ;
; TOP:DUT|dmem:DMEM_INST|mem~7136                                              ; LCCOMB_X66_Y46_N22 ; 32      ; Clock enable ; no     ; --                   ; --               ; --                        ;
; TOP:DUT|dmem:DMEM_INST|mem~7137                                              ; LCCOMB_X65_Y44_N4  ; 32      ; Clock enable ; no     ; --                   ; --               ; --                        ;
; TOP:DUT|dmem:DMEM_INST|mem~7138                                              ; LCCOMB_X69_Y43_N2  ; 32      ; Clock enable ; no     ; --                   ; --               ; --                        ;
; TOP:DUT|dmem:DMEM_INST|mem~7139                                              ; LCCOMB_X57_Y43_N30 ; 32      ; Clock enable ; no     ; --                   ; --               ; --                        ;
; TOP:DUT|dmem:DMEM_INST|mem~7140                                              ; LCCOMB_X62_Y46_N2  ; 32      ; Clock enable ; no     ; --                   ; --               ; --                        ;
; TOP:DUT|dmem:DMEM_INST|mem~7141                                              ; LCCOMB_X56_Y49_N12 ; 32      ; Clock enable ; no     ; --                   ; --               ; --                        ;
; TOP:DUT|dmem:DMEM_INST|mem~7142                                              ; LCCOMB_X63_Y37_N10 ; 32      ; Clock enable ; no     ; --                   ; --               ; --                        ;
; TOP:DUT|dmem:DMEM_INST|mem~7143                                              ; LCCOMB_X47_Y41_N22 ; 32      ; Clock enable ; no     ; --                   ; --               ; --                        ;
; TOP:DUT|dmem:DMEM_INST|mem~7144                                              ; LCCOMB_X67_Y41_N20 ; 32      ; Clock enable ; no     ; --                   ; --               ; --                        ;
; TOP:DUT|dmem:DMEM_INST|mem~7145                                              ; LCCOMB_X69_Y43_N28 ; 32      ; Clock enable ; no     ; --                   ; --               ; --                        ;
; TOP:DUT|dmem:DMEM_INST|mem~7146                                              ; LCCOMB_X63_Y37_N12 ; 32      ; Clock enable ; no     ; --                   ; --               ; --                        ;
; TOP:DUT|dmem:DMEM_INST|mem~7147                                              ; LCCOMB_X66_Y39_N10 ; 32      ; Clock enable ; no     ; --                   ; --               ; --                        ;
; TOP:DUT|dmem:DMEM_INST|mem~7148                                              ; LCCOMB_X65_Y44_N14 ; 32      ; Clock enable ; no     ; --                   ; --               ; --                        ;
; TOP:DUT|dmem:DMEM_INST|mem~7149                                              ; LCCOMB_X70_Y42_N6  ; 32      ; Clock enable ; no     ; --                   ; --               ; --                        ;
; TOP:DUT|dmem:DMEM_INST|mem~7150                                              ; LCCOMB_X56_Y42_N30 ; 32      ; Clock enable ; no     ; --                   ; --               ; --                        ;
; TOP:DUT|dmem:DMEM_INST|mem~7151                                              ; LCCOMB_X67_Y41_N14 ; 32      ; Clock enable ; no     ; --                   ; --               ; --                        ;
; TOP:DUT|dmem:DMEM_INST|mem~7152                                              ; LCCOMB_X52_Y38_N30 ; 32      ; Clock enable ; no     ; --                   ; --               ; --                        ;
; TOP:DUT|dmem:DMEM_INST|mem~7153                                              ; LCCOMB_X56_Y43_N30 ; 32      ; Clock enable ; no     ; --                   ; --               ; --                        ;
; TOP:DUT|dmem:DMEM_INST|mem~7154                                              ; LCCOMB_X62_Y46_N12 ; 32      ; Clock enable ; no     ; --                   ; --               ; --                        ;
; TOP:DUT|dmem:DMEM_INST|mem~7155                                              ; LCCOMB_X69_Y43_N6  ; 32      ; Clock enable ; no     ; --                   ; --               ; --                        ;
; TOP:DUT|dmem:DMEM_INST|mem~7156                                              ; LCCOMB_X55_Y38_N22 ; 32      ; Clock enable ; no     ; --                   ; --               ; --                        ;
; TOP:DUT|dmem:DMEM_INST|mem~7157                                              ; LCCOMB_X62_Y46_N22 ; 32      ; Clock enable ; no     ; --                   ; --               ; --                        ;
; TOP:DUT|dmem:DMEM_INST|mem~7158                                              ; LCCOMB_X55_Y43_N28 ; 32      ; Clock enable ; no     ; --                   ; --               ; --                        ;
; TOP:DUT|dmem:DMEM_INST|mem~7159                                              ; LCCOMB_X63_Y37_N14 ; 32      ; Clock enable ; no     ; --                   ; --               ; --                        ;
; TOP:DUT|dmem:DMEM_INST|mem~7160                                              ; LCCOMB_X65_Y47_N26 ; 32      ; Clock enable ; no     ; --                   ; --               ; --                        ;
; TOP:DUT|dmem:DMEM_INST|mem~7161                                              ; LCCOMB_X55_Y43_N14 ; 32      ; Clock enable ; no     ; --                   ; --               ; --                        ;
; TOP:DUT|dmem:DMEM_INST|mem~7162                                              ; LCCOMB_X63_Y46_N30 ; 32      ; Clock enable ; no     ; --                   ; --               ; --                        ;
; TOP:DUT|dmem:DMEM_INST|mem~7163                                              ; LCCOMB_X66_Y39_N28 ; 32      ; Clock enable ; no     ; --                   ; --               ; --                        ;
+------------------------------------------------------------------------------+--------------------+---------+--------------+--------+----------------------+------------------+---------------------------+


+-------------------------------------------------------------------------+
; Non-Global High Fan-Out Signals                                         ;
+---------------------------------------------------------------+---------+
; Name                                                          ; Fan-Out ;
+---------------------------------------------------------------+---------+
; KEY[1]~input                                                  ; 4262    ;
; TOP:DUT|MIPS:MIPS_INST|DATAPATH:DATAPATH_INST|UAL:UAL|Mux31~1 ; 786     ;
; TOP:DUT|MIPS:MIPS_INST|DATAPATH:DATAPATH_INST|UAL:UAL|Mux28~1 ; 783     ;
; TOP:DUT|MIPS:MIPS_INST|DATAPATH:DATAPATH_INST|UAL:UAL|Mux29~1 ; 782     ;
; TOP:DUT|MIPS:MIPS_INST|DATAPATH:DATAPATH_INST|UAL:UAL|Mux30~1 ; 779     ;
; TOP:DUT|MIPS:MIPS_INST|DATAPATH:DATAPATH_INST|UAL:UAL|Mux26~1 ; 638     ;
; TOP:DUT|MIPS:MIPS_INST|DATAPATH:DATAPATH_INST|UAL:UAL|Mux27~1 ; 514     ;
+---------------------------------------------------------------+---------+


+-------------------------------------------------+
; Routing Usage Summary                           ;
+-----------------------+-------------------------+
; Routing Resource Type ; Usage                   ;
+-----------------------+-------------------------+
; Block interconnects   ; 9,312 / 148,641 ( 6 % ) ;
; C16 interconnects     ; 192 / 5,382 ( 4 % )     ;
; C4 interconnects      ; 6,912 / 106,704 ( 6 % ) ;
; Direct links          ; 434 / 148,641 ( < 1 % ) ;
; Global clocks         ; 0 / 20 ( 0 % )          ;
; Local interconnects   ; 1,911 / 49,760 ( 4 % )  ;
; NSLEEPs               ; 0 / 500 ( 0 % )         ;
; R24 interconnects     ; 244 / 5,406 ( 5 % )     ;
; R4 interconnects      ; 8,102 / 147,764 ( 5 % ) ;
+-----------------------+-------------------------+


+-----------------------------------------------------------------------------+
; LAB Logic Elements                                                          ;
+---------------------------------------------+-------------------------------+
; Number of Logic Elements  (Average = 14.06) ; Number of LABs  (Total = 390) ;
+---------------------------------------------+-------------------------------+
; 1                                           ; 15                            ;
; 2                                           ; 6                             ;
; 3                                           ; 6                             ;
; 4                                           ; 7                             ;
; 5                                           ; 1                             ;
; 6                                           ; 2                             ;
; 7                                           ; 4                             ;
; 8                                           ; 1                             ;
; 9                                           ; 1                             ;
; 10                                          ; 1                             ;
; 11                                          ; 5                             ;
; 12                                          ; 7                             ;
; 13                                          ; 14                            ;
; 14                                          ; 21                            ;
; 15                                          ; 60                            ;
; 16                                          ; 239                           ;
+---------------------------------------------+-------------------------------+


+--------------------------------------------------------------------+
; LAB-wide Signals                                                   ;
+------------------------------------+-------------------------------+
; LAB-wide Signals  (Average = 1.91) ; Number of LABs  (Total = 390) ;
+------------------------------------+-------------------------------+
; 1 Async. clear                     ; 2                             ;
; 1 Clock                            ; 376                           ;
; 1 Clock enable                     ; 59                            ;
; 1 Sync. load                       ; 1                             ;
; 2 Clock enables                    ; 307                           ;
+------------------------------------+-------------------------------+


+------------------------------------------------------------------------------+
; LAB Signals Sourced                                                          ;
+----------------------------------------------+-------------------------------+
; Number of Signals Sourced  (Average = 24.99) ; Number of LABs  (Total = 390) ;
+----------------------------------------------+-------------------------------+
; 0                                            ; 0                             ;
; 1                                            ; 3                             ;
; 2                                            ; 12                            ;
; 3                                            ; 1                             ;
; 4                                            ; 6                             ;
; 5                                            ; 0                             ;
; 6                                            ; 6                             ;
; 7                                            ; 1                             ;
; 8                                            ; 7                             ;
; 9                                            ; 0                             ;
; 10                                           ; 1                             ;
; 11                                           ; 1                             ;
; 12                                           ; 1                             ;
; 13                                           ; 0                             ;
; 14                                           ; 3                             ;
; 15                                           ; 3                             ;
; 16                                           ; 14                            ;
; 17                                           ; 9                             ;
; 18                                           ; 22                            ;
; 19                                           ; 11                            ;
; 20                                           ; 11                            ;
; 21                                           ; 4                             ;
; 22                                           ; 9                             ;
; 23                                           ; 2                             ;
; 24                                           ; 16                            ;
; 25                                           ; 3                             ;
; 26                                           ; 15                            ;
; 27                                           ; 8                             ;
; 28                                           ; 20                            ;
; 29                                           ; 3                             ;
; 30                                           ; 43                            ;
; 31                                           ; 20                            ;
; 32                                           ; 135                           ;
+----------------------------------------------+-------------------------------+


+---------------------------------------------------------------------------------+
; LAB Signals Sourced Out                                                         ;
+-------------------------------------------------+-------------------------------+
; Number of Signals Sourced Out  (Average = 9.71) ; Number of LABs  (Total = 390) ;
+-------------------------------------------------+-------------------------------+
; 0                                               ; 0                             ;
; 1                                               ; 26                            ;
; 2                                               ; 10                            ;
; 3                                               ; 10                            ;
; 4                                               ; 15                            ;
; 5                                               ; 3                             ;
; 6                                               ; 13                            ;
; 7                                               ; 21                            ;
; 8                                               ; 71                            ;
; 9                                               ; 38                            ;
; 10                                              ; 27                            ;
; 11                                              ; 21                            ;
; 12                                              ; 19                            ;
; 13                                              ; 17                            ;
; 14                                              ; 20                            ;
; 15                                              ; 28                            ;
; 16                                              ; 42                            ;
; 17                                              ; 3                             ;
; 18                                              ; 1                             ;
; 19                                              ; 1                             ;
; 20                                              ; 0                             ;
; 21                                              ; 2                             ;
; 22                                              ; 0                             ;
; 23                                              ; 0                             ;
; 24                                              ; 1                             ;
; 25                                              ; 1                             ;
+-------------------------------------------------+-------------------------------+


+------------------------------------------------------------------------------+
; LAB Distinct Inputs                                                          ;
+----------------------------------------------+-------------------------------+
; Number of Distinct Inputs  (Average = 22.26) ; Number of LABs  (Total = 390) ;
+----------------------------------------------+-------------------------------+
; 0                                            ; 0                             ;
; 1                                            ; 0                             ;
; 2                                            ; 0                             ;
; 3                                            ; 9                             ;
; 4                                            ; 5                             ;
; 5                                            ; 2                             ;
; 6                                            ; 9                             ;
; 7                                            ; 1                             ;
; 8                                            ; 7                             ;
; 9                                            ; 4                             ;
; 10                                           ; 1                             ;
; 11                                           ; 9                             ;
; 12                                           ; 7                             ;
; 13                                           ; 19                            ;
; 14                                           ; 9                             ;
; 15                                           ; 10                            ;
; 16                                           ; 5                             ;
; 17                                           ; 14                            ;
; 18                                           ; 20                            ;
; 19                                           ; 13                            ;
; 20                                           ; 30                            ;
; 21                                           ; 7                             ;
; 22                                           ; 9                             ;
; 23                                           ; 7                             ;
; 24                                           ; 12                            ;
; 25                                           ; 10                            ;
; 26                                           ; 8                             ;
; 27                                           ; 17                            ;
; 28                                           ; 10                            ;
; 29                                           ; 42                            ;
; 30                                           ; 14                            ;
; 31                                           ; 16                            ;
; 32                                           ; 18                            ;
; 33                                           ; 19                            ;
; 34                                           ; 14                            ;
; 35                                           ; 7                             ;
; 36                                           ; 5                             ;
+----------------------------------------------+-------------------------------+


+------------------------------------------+
; I/O Rules Summary                        ;
+----------------------------------+-------+
; I/O Rules Statistic              ; Total ;
+----------------------------------+-------+
; Total I/O Rules                  ; 30    ;
; Number of I/O Rules Passed       ; 12    ;
; Number of I/O Rules Failed       ; 0     ;
; Number of I/O Rules Unchecked    ; 0     ;
; Number of I/O Rules Inapplicable ; 18    ;
+----------------------------------+-------+


+-----------------------------------------------------------------------------------------------------------------------------------------------------------------------------------------------------------------------------------------------------------------------------------------------------+
; I/O Rules Details                                                                                                                                                                                                                                                                                   ;
+--------------+-----------+-----------------------------------+------------------------------------------------------------------------------------------------------+----------+--------------------------------------------------------------------------+---------------------+-------------------+
; Status       ; ID        ; Category                          ; Rule Description                                                                                     ; Severity ; Information                                                              ; Area                ; Extra Information ;
+--------------+-----------+-----------------------------------+------------------------------------------------------------------------------------------------------+----------+--------------------------------------------------------------------------+---------------------+-------------------+
; Pass         ; IO_000001 ; Capacity Checks                   ; Number of pins in an I/O bank should not exceed the number of locations available.                   ; Critical ; 0 such failures found.                                                   ; I/O                 ;                   ;
; Inapplicable ; IO_000002 ; Capacity Checks                   ; Number of clocks in an I/O bank should not exceed the number of clocks available.                    ; Critical ; No Global Signal assignments found.                                      ; I/O                 ;                   ;
; Pass         ; IO_000003 ; Capacity Checks                   ; Number of pins in a Vrefgroup should not exceed the number of locations available.                   ; Critical ; 0 such failures found.                                                   ; I/O                 ;                   ;
; Inapplicable ; IO_000004 ; Voltage Compatibility Checks      ; The I/O bank should support the requested VCCIO.                                                     ; Critical ; No IOBANK_VCCIO assignments found.                                       ; I/O                 ;                   ;
; Inapplicable ; IO_000005 ; Voltage Compatibility Checks      ; The I/O bank should not have competing VREF values.                                                  ; Critical ; No VREF I/O Standard assignments found.                                  ; I/O                 ;                   ;
; Pass         ; IO_000006 ; Voltage Compatibility Checks      ; The I/O bank should not have competing VCCIO values.                                                 ; Critical ; 0 such failures found.                                                   ; I/O                 ;                   ;
; Pass         ; IO_000007 ; Valid Location Checks             ; Checks for unavailable locations.                                                                    ; Critical ; 0 such failures found.                                                   ; I/O                 ;                   ;
; Inapplicable ; IO_000008 ; Valid Location Checks             ; Checks for reserved locations.                                                                       ; Critical ; No reserved LogicLock region found.                                      ; I/O                 ;                   ;
; Pass         ; IO_000009 ; I/O Properties Checks for One I/O ; The location should support the requested I/O standard.                                              ; Critical ; 0 such failures found.                                                   ; I/O                 ;                   ;
; Pass         ; IO_000010 ; I/O Properties Checks for One I/O ; The location should support the requested I/O direction.                                             ; Critical ; 0 such failures found.                                                   ; I/O                 ;                   ;
; Inapplicable ; IO_000011 ; I/O Properties Checks for One I/O ; The location should support the requested Current Strength.                                          ; Critical ; No Current Strength assignments found.                                   ; I/O                 ;                   ;
; Pass         ; IO_000012 ; I/O Properties Checks for One I/O ; The location should support the requested On Chip Termination value.                                 ; Critical ; 0 such failures found.                                                   ; I/O                 ;                   ;
; Inapplicable ; IO_000013 ; I/O Properties Checks for One I/O ; The location should support the requested Bus Hold value.                                            ; Critical ; No Enable Bus-Hold Circuitry assignments found.                          ; I/O                 ;                   ;
; Inapplicable ; IO_000014 ; I/O Properties Checks for One I/O ; The location should support the requested Weak Pull Up value.                                        ; Critical ; No Weak Pull-Up Resistor assignments found.                              ; I/O                 ;                   ;
; Pass         ; IO_000015 ; I/O Properties Checks for One I/O ; The location should support the requested PCI Clamp Diode.                                           ; Critical ; 0 such failures found.                                                   ; I/O                 ;                   ;
; Inapplicable ; IO_000018 ; I/O Properties Checks for One I/O ; The I/O standard should support the requested Current Strength.                                      ; Critical ; No Current Strength assignments found.                                   ; I/O                 ;                   ;
; Pass         ; IO_000019 ; I/O Properties Checks for One I/O ; The I/O standard should support the requested On Chip Termination value.                             ; Critical ; 0 such failures found.                                                   ; I/O                 ;                   ;
; Pass         ; IO_000020 ; I/O Properties Checks for One I/O ; The I/O standard should support the requested PCI Clamp Diode.                                       ; Critical ; 0 such failures found.                                                   ; I/O                 ;                   ;
; Inapplicable ; IO_000021 ; I/O Properties Checks for One I/O ; The I/O standard should support the requested Weak Pull Up value.                                    ; Critical ; No Weak Pull-Up Resistor assignments found.                              ; I/O                 ;                   ;
; Inapplicable ; IO_000022 ; I/O Properties Checks for One I/O ; The I/O standard should support the requested Bus Hold value.                                        ; Critical ; No Enable Bus-Hold Circuitry assignments found.                          ; I/O                 ;                   ;
; Inapplicable ; IO_000023 ; I/O Properties Checks for One I/O ; The I/O standard should support the Open Drain value.                                                ; Critical ; No open drain assignments found.                                         ; I/O                 ;                   ;
; Pass         ; IO_000024 ; I/O Properties Checks for One I/O ; The I/O direction should support the On Chip Termination value.                                      ; Critical ; 0 such failures found.                                                   ; I/O                 ;                   ;
; Inapplicable ; IO_000026 ; I/O Properties Checks for One I/O ; On Chip Termination and Current Strength should not be used at the same time.                        ; Critical ; No Current Strength assignments found.                                   ; I/O                 ;                   ;
; Inapplicable ; IO_000027 ; I/O Properties Checks for One I/O ; Weak Pull Up and Bus Hold should not be used at the same time.                                       ; Critical ; No Enable Bus-Hold Circuitry or Weak Pull-Up Resistor assignments found. ; I/O                 ;                   ;
; Inapplicable ; IO_000045 ; I/O Properties Checks for One I/O ; The I/O standard should support the requested Slew Rate value.                                       ; Critical ; No Slew Rate assignments found.                                          ; I/O                 ;                   ;
; Inapplicable ; IO_000046 ; I/O Properties Checks for One I/O ; The location should support the requested Slew Rate value.                                           ; Critical ; No Slew Rate assignments found.                                          ; I/O                 ;                   ;
; Inapplicable ; IO_000047 ; I/O Properties Checks for One I/O ; On Chip Termination and Slew Rate should not be used at the same time.                               ; Critical ; No Slew Rate assignments found.                                          ; I/O                 ;                   ;
; Pass         ; IO_000033 ; Electromigration Checks           ; Current density for consecutive I/Os should not exceed 160mA for row I/Os and 160mA for column I/Os. ; Critical ; 0 such failures found.                                                   ; I/O                 ;                   ;
; Inapplicable ; IO_000034 ; SI Related Distance Checks        ; Single-ended outputs should be 5 LAB row(s) away from a differential I/O.                            ; High     ; No Differential I/O Standard assignments found.                          ; I/O                 ;                   ;
; Inapplicable ; IO_000042 ; SI Related SSO Limit Checks       ; No more than 20 outputs are allowed in a VREF group when VREF is being read from.                    ; High     ; No VREF I/O Standard assignments found.                                  ; I/O                 ;                   ;
; ----         ; ----      ; Disclaimer                        ; OCT rules are checked but not reported.                                                              ; None     ; ----                                                                     ; On Chip Termination ;                   ;
+--------------+-----------+-----------------------------------+------------------------------------------------------------------------------------------------------+----------+--------------------------------------------------------------------------+---------------------+-------------------+


+-----------------------------------------------------------------------------------------------------------------------------------------------------------------------------------------------------------------------------------------------------------------------------------------------------------------------------------------------------------------------------------------------------------------------------------------------------------------+
; I/O Rules Matrix                                                                                                                                                                                                                                                                                                                                                                                                                                                ;
+--------------------+-----------+--------------+-----------+--------------+--------------+-----------+-----------+--------------+-----------+-----------+--------------+--------------+--------------+--------------+--------------+--------------+--------------+--------------+--------------+--------------+--------------+--------------+--------------+--------------+--------------+--------------+--------------+-----------+--------------+--------------+
; Pin/Rules          ; IO_000001 ; IO_000002    ; IO_000003 ; IO_000004    ; IO_000005    ; IO_000006 ; IO_000007 ; IO_000008    ; IO_000009 ; IO_000010 ; IO_000011    ; IO_000012    ; IO_000013    ; IO_000014    ; IO_000015    ; IO_000018    ; IO_000019    ; IO_000020    ; IO_000021    ; IO_000022    ; IO_000023    ; IO_000024    ; IO_000026    ; IO_000027    ; IO_000045    ; IO_000046    ; IO_000047    ; IO_000033 ; IO_000034    ; IO_000042    ;
+--------------------+-----------+--------------+-----------+--------------+--------------+-----------+-----------+--------------+-----------+-----------+--------------+--------------+--------------+--------------+--------------+--------------+--------------+--------------+--------------+--------------+--------------+--------------+--------------+--------------+--------------+--------------+--------------+-----------+--------------+--------------+
; Total Pass         ; 44        ; 0            ; 44        ; 0            ; 0            ; 44        ; 44        ; 0            ; 44        ; 44        ; 0            ; 42           ; 0            ; 0            ; 2            ; 0            ; 42           ; 2            ; 0            ; 0            ; 0            ; 42           ; 0            ; 0            ; 0            ; 0            ; 0            ; 44        ; 0            ; 0            ;
; Total Unchecked    ; 0         ; 0            ; 0         ; 0            ; 0            ; 0         ; 0         ; 0            ; 0         ; 0         ; 0            ; 0            ; 0            ; 0            ; 0            ; 0            ; 0            ; 0            ; 0            ; 0            ; 0            ; 0            ; 0            ; 0            ; 0            ; 0            ; 0            ; 0         ; 0            ; 0            ;
; Total Inapplicable ; 0         ; 44           ; 0         ; 44           ; 44           ; 0         ; 0         ; 44           ; 0         ; 0         ; 44           ; 2            ; 44           ; 44           ; 42           ; 44           ; 2            ; 42           ; 44           ; 44           ; 44           ; 2            ; 44           ; 44           ; 44           ; 44           ; 44           ; 0         ; 44           ; 44           ;
; Total Fail         ; 0         ; 0            ; 0         ; 0            ; 0            ; 0         ; 0         ; 0            ; 0         ; 0         ; 0            ; 0            ; 0            ; 0            ; 0            ; 0            ; 0            ; 0            ; 0            ; 0            ; 0            ; 0            ; 0            ; 0            ; 0            ; 0            ; 0            ; 0         ; 0            ; 0            ;
; HEX0[6]            ; Pass      ; Inapplicable ; Pass      ; Inapplicable ; Inapplicable ; Pass      ; Pass      ; Inapplicable ; Pass      ; Pass      ; Inapplicable ; Pass         ; Inapplicable ; Inapplicable ; Inapplicable ; Inapplicable ; Pass         ; Inapplicable ; Inapplicable ; Inapplicable ; Inapplicable ; Pass         ; Inapplicable ; Inapplicable ; Inapplicable ; Inapplicable ; Inapplicable ; Pass      ; Inapplicable ; Inapplicable ;
; HEX0[5]            ; Pass      ; Inapplicable ; Pass      ; Inapplicable ; Inapplicable ; Pass      ; Pass      ; Inapplicable ; Pass      ; Pass      ; Inapplicable ; Pass         ; Inapplicable ; Inapplicable ; Inapplicable ; Inapplicable ; Pass         ; Inapplicable ; Inapplicable ; Inapplicable ; Inapplicable ; Pass         ; Inapplicable ; Inapplicable ; Inapplicable ; Inapplicable ; Inapplicable ; Pass      ; Inapplicable ; Inapplicable ;
; HEX0[4]            ; Pass      ; Inapplicable ; Pass      ; Inapplicable ; Inapplicable ; Pass      ; Pass      ; Inapplicable ; Pass      ; Pass      ; Inapplicable ; Pass         ; Inapplicable ; Inapplicable ; Inapplicable ; Inapplicable ; Pass         ; Inapplicable ; Inapplicable ; Inapplicable ; Inapplicable ; Pass         ; Inapplicable ; Inapplicable ; Inapplicable ; Inapplicable ; Inapplicable ; Pass      ; Inapplicable ; Inapplicable ;
; HEX0[3]            ; Pass      ; Inapplicable ; Pass      ; Inapplicable ; Inapplicable ; Pass      ; Pass      ; Inapplicable ; Pass      ; Pass      ; Inapplicable ; Pass         ; Inapplicable ; Inapplicable ; Inapplicable ; Inapplicable ; Pass         ; Inapplicable ; Inapplicable ; Inapplicable ; Inapplicable ; Pass         ; Inapplicable ; Inapplicable ; Inapplicable ; Inapplicable ; Inapplicable ; Pass      ; Inapplicable ; Inapplicable ;
; HEX0[2]            ; Pass      ; Inapplicable ; Pass      ; Inapplicable ; Inapplicable ; Pass      ; Pass      ; Inapplicable ; Pass      ; Pass      ; Inapplicable ; Pass         ; Inapplicable ; Inapplicable ; Inapplicable ; Inapplicable ; Pass         ; Inapplicable ; Inapplicable ; Inapplicable ; Inapplicable ; Pass         ; Inapplicable ; Inapplicable ; Inapplicable ; Inapplicable ; Inapplicable ; Pass      ; Inapplicable ; Inapplicable ;
; HEX0[1]            ; Pass      ; Inapplicable ; Pass      ; Inapplicable ; Inapplicable ; Pass      ; Pass      ; Inapplicable ; Pass      ; Pass      ; Inapplicable ; Pass         ; Inapplicable ; Inapplicable ; Inapplicable ; Inapplicable ; Pass         ; Inapplicable ; Inapplicable ; Inapplicable ; Inapplicable ; Pass         ; Inapplicable ; Inapplicable ; Inapplicable ; Inapplicable ; Inapplicable ; Pass      ; Inapplicable ; Inapplicable ;
; HEX0[0]            ; Pass      ; Inapplicable ; Pass      ; Inapplicable ; Inapplicable ; Pass      ; Pass      ; Inapplicable ; Pass      ; Pass      ; Inapplicable ; Pass         ; Inapplicable ; Inapplicable ; Inapplicable ; Inapplicable ; Pass         ; Inapplicable ; Inapplicable ; Inapplicable ; Inapplicable ; Pass         ; Inapplicable ; Inapplicable ; Inapplicable ; Inapplicable ; Inapplicable ; Pass      ; Inapplicable ; Inapplicable ;
; HEX1[6]            ; Pass      ; Inapplicable ; Pass      ; Inapplicable ; Inapplicable ; Pass      ; Pass      ; Inapplicable ; Pass      ; Pass      ; Inapplicable ; Pass         ; Inapplicable ; Inapplicable ; Inapplicable ; Inapplicable ; Pass         ; Inapplicable ; Inapplicable ; Inapplicable ; Inapplicable ; Pass         ; Inapplicable ; Inapplicable ; Inapplicable ; Inapplicable ; Inapplicable ; Pass      ; Inapplicable ; Inapplicable ;
; HEX1[5]            ; Pass      ; Inapplicable ; Pass      ; Inapplicable ; Inapplicable ; Pass      ; Pass      ; Inapplicable ; Pass      ; Pass      ; Inapplicable ; Pass         ; Inapplicable ; Inapplicable ; Inapplicable ; Inapplicable ; Pass         ; Inapplicable ; Inapplicable ; Inapplicable ; Inapplicable ; Pass         ; Inapplicable ; Inapplicable ; Inapplicable ; Inapplicable ; Inapplicable ; Pass      ; Inapplicable ; Inapplicable ;
; HEX1[4]            ; Pass      ; Inapplicable ; Pass      ; Inapplicable ; Inapplicable ; Pass      ; Pass      ; Inapplicable ; Pass      ; Pass      ; Inapplicable ; Pass         ; Inapplicable ; Inapplicable ; Inapplicable ; Inapplicable ; Pass         ; Inapplicable ; Inapplicable ; Inapplicable ; Inapplicable ; Pass         ; Inapplicable ; Inapplicable ; Inapplicable ; Inapplicable ; Inapplicable ; Pass      ; Inapplicable ; Inapplicable ;
; HEX1[3]            ; Pass      ; Inapplicable ; Pass      ; Inapplicable ; Inapplicable ; Pass      ; Pass      ; Inapplicable ; Pass      ; Pass      ; Inapplicable ; Pass         ; Inapplicable ; Inapplicable ; Inapplicable ; Inapplicable ; Pass         ; Inapplicable ; Inapplicable ; Inapplicable ; Inapplicable ; Pass         ; Inapplicable ; Inapplicable ; Inapplicable ; Inapplicable ; Inapplicable ; Pass      ; Inapplicable ; Inapplicable ;
; HEX1[2]            ; Pass      ; Inapplicable ; Pass      ; Inapplicable ; Inapplicable ; Pass      ; Pass      ; Inapplicable ; Pass      ; Pass      ; Inapplicable ; Pass         ; Inapplicable ; Inapplicable ; Inapplicable ; Inapplicable ; Pass         ; Inapplicable ; Inapplicable ; Inapplicable ; Inapplicable ; Pass         ; Inapplicable ; Inapplicable ; Inapplicable ; Inapplicable ; Inapplicable ; Pass      ; Inapplicable ; Inapplicable ;
; HEX1[1]            ; Pass      ; Inapplicable ; Pass      ; Inapplicable ; Inapplicable ; Pass      ; Pass      ; Inapplicable ; Pass      ; Pass      ; Inapplicable ; Pass         ; Inapplicable ; Inapplicable ; Inapplicable ; Inapplicable ; Pass         ; Inapplicable ; Inapplicable ; Inapplicable ; Inapplicable ; Pass         ; Inapplicable ; Inapplicable ; Inapplicable ; Inapplicable ; Inapplicable ; Pass      ; Inapplicable ; Inapplicable ;
; HEX1[0]            ; Pass      ; Inapplicable ; Pass      ; Inapplicable ; Inapplicable ; Pass      ; Pass      ; Inapplicable ; Pass      ; Pass      ; Inapplicable ; Pass         ; Inapplicable ; Inapplicable ; Inapplicable ; Inapplicable ; Pass         ; Inapplicable ; Inapplicable ; Inapplicable ; Inapplicable ; Pass         ; Inapplicable ; Inapplicable ; Inapplicable ; Inapplicable ; Inapplicable ; Pass      ; Inapplicable ; Inapplicable ;
; HEX2[6]            ; Pass      ; Inapplicable ; Pass      ; Inapplicable ; Inapplicable ; Pass      ; Pass      ; Inapplicable ; Pass      ; Pass      ; Inapplicable ; Pass         ; Inapplicable ; Inapplicable ; Inapplicable ; Inapplicable ; Pass         ; Inapplicable ; Inapplicable ; Inapplicable ; Inapplicable ; Pass         ; Inapplicable ; Inapplicable ; Inapplicable ; Inapplicable ; Inapplicable ; Pass      ; Inapplicable ; Inapplicable ;
; HEX2[5]            ; Pass      ; Inapplicable ; Pass      ; Inapplicable ; Inapplicable ; Pass      ; Pass      ; Inapplicable ; Pass      ; Pass      ; Inapplicable ; Pass         ; Inapplicable ; Inapplicable ; Inapplicable ; Inapplicable ; Pass         ; Inapplicable ; Inapplicable ; Inapplicable ; Inapplicable ; Pass         ; Inapplicable ; Inapplicable ; Inapplicable ; Inapplicable ; Inapplicable ; Pass      ; Inapplicable ; Inapplicable ;
; HEX2[4]            ; Pass      ; Inapplicable ; Pass      ; Inapplicable ; Inapplicable ; Pass      ; Pass      ; Inapplicable ; Pass      ; Pass      ; Inapplicable ; Pass         ; Inapplicable ; Inapplicable ; Inapplicable ; Inapplicable ; Pass         ; Inapplicable ; Inapplicable ; Inapplicable ; Inapplicable ; Pass         ; Inapplicable ; Inapplicable ; Inapplicable ; Inapplicable ; Inapplicable ; Pass      ; Inapplicable ; Inapplicable ;
; HEX2[3]            ; Pass      ; Inapplicable ; Pass      ; Inapplicable ; Inapplicable ; Pass      ; Pass      ; Inapplicable ; Pass      ; Pass      ; Inapplicable ; Pass         ; Inapplicable ; Inapplicable ; Inapplicable ; Inapplicable ; Pass         ; Inapplicable ; Inapplicable ; Inapplicable ; Inapplicable ; Pass         ; Inapplicable ; Inapplicable ; Inapplicable ; Inapplicable ; Inapplicable ; Pass      ; Inapplicable ; Inapplicable ;
; HEX2[2]            ; Pass      ; Inapplicable ; Pass      ; Inapplicable ; Inapplicable ; Pass      ; Pass      ; Inapplicable ; Pass      ; Pass      ; Inapplicable ; Pass         ; Inapplicable ; Inapplicable ; Inapplicable ; Inapplicable ; Pass         ; Inapplicable ; Inapplicable ; Inapplicable ; Inapplicable ; Pass         ; Inapplicable ; Inapplicable ; Inapplicable ; Inapplicable ; Inapplicable ; Pass      ; Inapplicable ; Inapplicable ;
; HEX2[1]            ; Pass      ; Inapplicable ; Pass      ; Inapplicable ; Inapplicable ; Pass      ; Pass      ; Inapplicable ; Pass      ; Pass      ; Inapplicable ; Pass         ; Inapplicable ; Inapplicable ; Inapplicable ; Inapplicable ; Pass         ; Inapplicable ; Inapplicable ; Inapplicable ; Inapplicable ; Pass         ; Inapplicable ; Inapplicable ; Inapplicable ; Inapplicable ; Inapplicable ; Pass      ; Inapplicable ; Inapplicable ;
; HEX2[0]            ; Pass      ; Inapplicable ; Pass      ; Inapplicable ; Inapplicable ; Pass      ; Pass      ; Inapplicable ; Pass      ; Pass      ; Inapplicable ; Pass         ; Inapplicable ; Inapplicable ; Inapplicable ; Inapplicable ; Pass         ; Inapplicable ; Inapplicable ; Inapplicable ; Inapplicable ; Pass         ; Inapplicable ; Inapplicable ; Inapplicable ; Inapplicable ; Inapplicable ; Pass      ; Inapplicable ; Inapplicable ;
; HEX3[6]            ; Pass      ; Inapplicable ; Pass      ; Inapplicable ; Inapplicable ; Pass      ; Pass      ; Inapplicable ; Pass      ; Pass      ; Inapplicable ; Pass         ; Inapplicable ; Inapplicable ; Inapplicable ; Inapplicable ; Pass         ; Inapplicable ; Inapplicable ; Inapplicable ; Inapplicable ; Pass         ; Inapplicable ; Inapplicable ; Inapplicable ; Inapplicable ; Inapplicable ; Pass      ; Inapplicable ; Inapplicable ;
; HEX3[5]            ; Pass      ; Inapplicable ; Pass      ; Inapplicable ; Inapplicable ; Pass      ; Pass      ; Inapplicable ; Pass      ; Pass      ; Inapplicable ; Pass         ; Inapplicable ; Inapplicable ; Inapplicable ; Inapplicable ; Pass         ; Inapplicable ; Inapplicable ; Inapplicable ; Inapplicable ; Pass         ; Inapplicable ; Inapplicable ; Inapplicable ; Inapplicable ; Inapplicable ; Pass      ; Inapplicable ; Inapplicable ;
; HEX3[4]            ; Pass      ; Inapplicable ; Pass      ; Inapplicable ; Inapplicable ; Pass      ; Pass      ; Inapplicable ; Pass      ; Pass      ; Inapplicable ; Pass         ; Inapplicable ; Inapplicable ; Inapplicable ; Inapplicable ; Pass         ; Inapplicable ; Inapplicable ; Inapplicable ; Inapplicable ; Pass         ; Inapplicable ; Inapplicable ; Inapplicable ; Inapplicable ; Inapplicable ; Pass      ; Inapplicable ; Inapplicable ;
; HEX3[3]            ; Pass      ; Inapplicable ; Pass      ; Inapplicable ; Inapplicable ; Pass      ; Pass      ; Inapplicable ; Pass      ; Pass      ; Inapplicable ; Pass         ; Inapplicable ; Inapplicable ; Inapplicable ; Inapplicable ; Pass         ; Inapplicable ; Inapplicable ; Inapplicable ; Inapplicable ; Pass         ; Inapplicable ; Inapplicable ; Inapplicable ; Inapplicable ; Inapplicable ; Pass      ; Inapplicable ; Inapplicable ;
; HEX3[2]            ; Pass      ; Inapplicable ; Pass      ; Inapplicable ; Inapplicable ; Pass      ; Pass      ; Inapplicable ; Pass      ; Pass      ; Inapplicable ; Pass         ; Inapplicable ; Inapplicable ; Inapplicable ; Inapplicable ; Pass         ; Inapplicable ; Inapplicable ; Inapplicable ; Inapplicable ; Pass         ; Inapplicable ; Inapplicable ; Inapplicable ; Inapplicable ; Inapplicable ; Pass      ; Inapplicable ; Inapplicable ;
; HEX3[1]            ; Pass      ; Inapplicable ; Pass      ; Inapplicable ; Inapplicable ; Pass      ; Pass      ; Inapplicable ; Pass      ; Pass      ; Inapplicable ; Pass         ; Inapplicable ; Inapplicable ; Inapplicable ; Inapplicable ; Pass         ; Inapplicable ; Inapplicable ; Inapplicable ; Inapplicable ; Pass         ; Inapplicable ; Inapplicable ; Inapplicable ; Inapplicable ; Inapplicable ; Pass      ; Inapplicable ; Inapplicable ;
; HEX3[0]            ; Pass      ; Inapplicable ; Pass      ; Inapplicable ; Inapplicable ; Pass      ; Pass      ; Inapplicable ; Pass      ; Pass      ; Inapplicable ; Pass         ; Inapplicable ; Inapplicable ; Inapplicable ; Inapplicable ; Pass         ; Inapplicable ; Inapplicable ; Inapplicable ; Inapplicable ; Pass         ; Inapplicable ; Inapplicable ; Inapplicable ; Inapplicable ; Inapplicable ; Pass      ; Inapplicable ; Inapplicable ;
; HEX4[6]            ; Pass      ; Inapplicable ; Pass      ; Inapplicable ; Inapplicable ; Pass      ; Pass      ; Inapplicable ; Pass      ; Pass      ; Inapplicable ; Pass         ; Inapplicable ; Inapplicable ; Inapplicable ; Inapplicable ; Pass         ; Inapplicable ; Inapplicable ; Inapplicable ; Inapplicable ; Pass         ; Inapplicable ; Inapplicable ; Inapplicable ; Inapplicable ; Inapplicable ; Pass      ; Inapplicable ; Inapplicable ;
; HEX4[5]            ; Pass      ; Inapplicable ; Pass      ; Inapplicable ; Inapplicable ; Pass      ; Pass      ; Inapplicable ; Pass      ; Pass      ; Inapplicable ; Pass         ; Inapplicable ; Inapplicable ; Inapplicable ; Inapplicable ; Pass         ; Inapplicable ; Inapplicable ; Inapplicable ; Inapplicable ; Pass         ; Inapplicable ; Inapplicable ; Inapplicable ; Inapplicable ; Inapplicable ; Pass      ; Inapplicable ; Inapplicable ;
; HEX4[4]            ; Pass      ; Inapplicable ; Pass      ; Inapplicable ; Inapplicable ; Pass      ; Pass      ; Inapplicable ; Pass      ; Pass      ; Inapplicable ; Pass         ; Inapplicable ; Inapplicable ; Inapplicable ; Inapplicable ; Pass         ; Inapplicable ; Inapplicable ; Inapplicable ; Inapplicable ; Pass         ; Inapplicable ; Inapplicable ; Inapplicable ; Inapplicable ; Inapplicable ; Pass      ; Inapplicable ; Inapplicable ;
; HEX4[3]            ; Pass      ; Inapplicable ; Pass      ; Inapplicable ; Inapplicable ; Pass      ; Pass      ; Inapplicable ; Pass      ; Pass      ; Inapplicable ; Pass         ; Inapplicable ; Inapplicable ; Inapplicable ; Inapplicable ; Pass         ; Inapplicable ; Inapplicable ; Inapplicable ; Inapplicable ; Pass         ; Inapplicable ; Inapplicable ; Inapplicable ; Inapplicable ; Inapplicable ; Pass      ; Inapplicable ; Inapplicable ;
; HEX4[2]            ; Pass      ; Inapplicable ; Pass      ; Inapplicable ; Inapplicable ; Pass      ; Pass      ; Inapplicable ; Pass      ; Pass      ; Inapplicable ; Pass         ; Inapplicable ; Inapplicable ; Inapplicable ; Inapplicable ; Pass         ; Inapplicable ; Inapplicable ; Inapplicable ; Inapplicable ; Pass         ; Inapplicable ; Inapplicable ; Inapplicable ; Inapplicable ; Inapplicable ; Pass      ; Inapplicable ; Inapplicable ;
; HEX4[1]            ; Pass      ; Inapplicable ; Pass      ; Inapplicable ; Inapplicable ; Pass      ; Pass      ; Inapplicable ; Pass      ; Pass      ; Inapplicable ; Pass         ; Inapplicable ; Inapplicable ; Inapplicable ; Inapplicable ; Pass         ; Inapplicable ; Inapplicable ; Inapplicable ; Inapplicable ; Pass         ; Inapplicable ; Inapplicable ; Inapplicable ; Inapplicable ; Inapplicable ; Pass      ; Inapplicable ; Inapplicable ;
; HEX4[0]            ; Pass      ; Inapplicable ; Pass      ; Inapplicable ; Inapplicable ; Pass      ; Pass      ; Inapplicable ; Pass      ; Pass      ; Inapplicable ; Pass         ; Inapplicable ; Inapplicable ; Inapplicable ; Inapplicable ; Pass         ; Inapplicable ; Inapplicable ; Inapplicable ; Inapplicable ; Pass         ; Inapplicable ; Inapplicable ; Inapplicable ; Inapplicable ; Inapplicable ; Pass      ; Inapplicable ; Inapplicable ;
; HEX5[6]            ; Pass      ; Inapplicable ; Pass      ; Inapplicable ; Inapplicable ; Pass      ; Pass      ; Inapplicable ; Pass      ; Pass      ; Inapplicable ; Pass         ; Inapplicable ; Inapplicable ; Inapplicable ; Inapplicable ; Pass         ; Inapplicable ; Inapplicable ; Inapplicable ; Inapplicable ; Pass         ; Inapplicable ; Inapplicable ; Inapplicable ; Inapplicable ; Inapplicable ; Pass      ; Inapplicable ; Inapplicable ;
; HEX5[5]            ; Pass      ; Inapplicable ; Pass      ; Inapplicable ; Inapplicable ; Pass      ; Pass      ; Inapplicable ; Pass      ; Pass      ; Inapplicable ; Pass         ; Inapplicable ; Inapplicable ; Inapplicable ; Inapplicable ; Pass         ; Inapplicable ; Inapplicable ; Inapplicable ; Inapplicable ; Pass         ; Inapplicable ; Inapplicable ; Inapplicable ; Inapplicable ; Inapplicable ; Pass      ; Inapplicable ; Inapplicable ;
; HEX5[4]            ; Pass      ; Inapplicable ; Pass      ; Inapplicable ; Inapplicable ; Pass      ; Pass      ; Inapplicable ; Pass      ; Pass      ; Inapplicable ; Pass         ; Inapplicable ; Inapplicable ; Inapplicable ; Inapplicable ; Pass         ; Inapplicable ; Inapplicable ; Inapplicable ; Inapplicable ; Pass         ; Inapplicable ; Inapplicable ; Inapplicable ; Inapplicable ; Inapplicable ; Pass      ; Inapplicable ; Inapplicable ;
; HEX5[3]            ; Pass      ; Inapplicable ; Pass      ; Inapplicable ; Inapplicable ; Pass      ; Pass      ; Inapplicable ; Pass      ; Pass      ; Inapplicable ; Pass         ; Inapplicable ; Inapplicable ; Inapplicable ; Inapplicable ; Pass         ; Inapplicable ; Inapplicable ; Inapplicable ; Inapplicable ; Pass         ; Inapplicable ; Inapplicable ; Inapplicable ; Inapplicable ; Inapplicable ; Pass      ; Inapplicable ; Inapplicable ;
; HEX5[2]            ; Pass      ; Inapplicable ; Pass      ; Inapplicable ; Inapplicable ; Pass      ; Pass      ; Inapplicable ; Pass      ; Pass      ; Inapplicable ; Pass         ; Inapplicable ; Inapplicable ; Inapplicable ; Inapplicable ; Pass         ; Inapplicable ; Inapplicable ; Inapplicable ; Inapplicable ; Pass         ; Inapplicable ; Inapplicable ; Inapplicable ; Inapplicable ; Inapplicable ; Pass      ; Inapplicable ; Inapplicable ;
; HEX5[1]            ; Pass      ; Inapplicable ; Pass      ; Inapplicable ; Inapplicable ; Pass      ; Pass      ; Inapplicable ; Pass      ; Pass      ; Inapplicable ; Pass         ; Inapplicable ; Inapplicable ; Inapplicable ; Inapplicable ; Pass         ; Inapplicable ; Inapplicable ; Inapplicable ; Inapplicable ; Pass         ; Inapplicable ; Inapplicable ; Inapplicable ; Inapplicable ; Inapplicable ; Pass      ; Inapplicable ; Inapplicable ;
; HEX5[0]            ; Pass      ; Inapplicable ; Pass      ; Inapplicable ; Inapplicable ; Pass      ; Pass      ; Inapplicable ; Pass      ; Pass      ; Inapplicable ; Pass         ; Inapplicable ; Inapplicable ; Inapplicable ; Inapplicable ; Pass         ; Inapplicable ; Inapplicable ; Inapplicable ; Inapplicable ; Pass         ; Inapplicable ; Inapplicable ; Inapplicable ; Inapplicable ; Inapplicable ; Pass      ; Inapplicable ; Inapplicable ;
; KEY[1]             ; Pass      ; Inapplicable ; Pass      ; Inapplicable ; Inapplicable ; Pass      ; Pass      ; Inapplicable ; Pass      ; Pass      ; Inapplicable ; Inapplicable ; Inapplicable ; Inapplicable ; Pass         ; Inapplicable ; Inapplicable ; Pass         ; Inapplicable ; Inapplicable ; Inapplicable ; Inapplicable ; Inapplicable ; Inapplicable ; Inapplicable ; Inapplicable ; Inapplicable ; Pass      ; Inapplicable ; Inapplicable ;
; KEY[0]             ; Pass      ; Inapplicable ; Pass      ; Inapplicable ; Inapplicable ; Pass      ; Pass      ; Inapplicable ; Pass      ; Pass      ; Inapplicable ; Inapplicable ; Inapplicable ; Inapplicable ; Pass         ; Inapplicable ; Inapplicable ; Pass         ; Inapplicable ; Inapplicable ; Inapplicable ; Inapplicable ; Inapplicable ; Inapplicable ; Inapplicable ; Inapplicable ; Inapplicable ; Pass      ; Inapplicable ; Inapplicable ;
+--------------------+-----------+--------------+-----------+--------------+--------------+-----------+-----------+--------------+-----------+-----------+--------------+--------------+--------------+--------------+--------------+--------------+--------------+--------------+--------------+--------------+--------------+--------------+--------------+--------------+--------------+--------------+--------------+-----------+--------------+--------------+


+-------------------------------------------------------------------------------------------+
; Fitter Device Options                                                                     ;
+------------------------------------------------------------------+------------------------+
; Option                                                           ; Setting                ;
+------------------------------------------------------------------+------------------------+
; Enable user-supplied start-up clock (CLKUSR)                     ; Off                    ;
; Enable device-wide reset (DEV_CLRn)                              ; Off                    ;
; Enable device-wide output enable (DEV_OE)                        ; Off                    ;
; Enable INIT_DONE output                                          ; Off                    ;
; Configuration scheme                                             ; Internal Configuration ;
; Enable Error Detection CRC_ERROR pin                             ; Off                    ;
; Enable open drain on CRC_ERROR pin                               ; Off                    ;
; Enable nCONFIG, nSTATUS, and CONF_DONE pins                      ; On                     ;
; Enable JTAG pin sharing                                          ; Off                    ;
; Enable nCE pin                                                   ; Off                    ;
; Enable CONFIG_SEL pin                                            ; On                     ;
; Enable input tri-state on active configuration pins in user mode ; Off                    ;
; Configuration Voltage Level                                      ; Auto                   ;
; Force Configuration Voltage Level                                ; Off                    ;
; Data[0]                                                          ; Unreserved             ;
; Data[1]/ASDO                                                     ; Unreserved             ;
; FLASH_nCE/nCSO                                                   ; Unreserved             ;
; DCLK                                                             ; Unreserved             ;
+------------------------------------------------------------------+------------------------+


+------------------------------------+
; Operating Settings and Conditions  ;
+---------------------------+--------+
; Setting                   ; Value  ;
+---------------------------+--------+
; Nominal Core Voltage      ; 1.20 V ;
; Low Junction Temperature  ; 0 °C   ;
; High Junction Temperature ; 85 °C  ;
+---------------------------+--------+


+------------------------------------------------------------+
; Estimated Delay Added for Hold Timing Summary              ;
+-----------------+----------------------+-------------------+
; Source Clock(s) ; Destination Clock(s) ; Delay Added in ns ;
+-----------------+----------------------+-------------------+
; I/O             ; CLK                  ; 103.4             ;
+-----------------+----------------------+-------------------+
Note: For more information on problematic transfers, consider running the Fitter again with the Optimize hold timing option (Settings Menu) turned off.
This will disable optimization of problematic paths and expose them for further analysis using the Timing Analyzer.


+-----------------------------------------------------------------------+
; Estimated Delay Added for Hold Timing Details                         ;
+-----------------+---------------------------------+-------------------+
; Source Register ; Destination Register            ; Delay Added in ns ;
+-----------------+---------------------------------+-------------------+
; KEY[1]          ; TOP:DUT|dmem:DMEM_INST|mem~2029 ; 0.982             ;
+-----------------+---------------------------------+-------------------+
Note: This table only shows the top 1 path(s) that have the largest delay added for hold.


+-----------------+
; Fitter Messages ;
+-----------------+
Info (20032): Parallel compilation is enabled and will use up to 8 processors
Info (119006): Selected device 10M50DAF484C7G for design "top_fpga"
Info (21077): Low junction temperature is 0 degrees C
Info (21077): High junction temperature is 85 degrees C
Info (171003): Fitter is performing an Auto Fit compilation, which may decrease Fitter effort to reduce compilation time
Warning (292013): Feature LogicLock is only available with a valid subscription license. You can purchase a software subscription to gain full access to this feature.
Info (176444): Device migration not selected. If you intend to use device migration later, you may need to change the pin assignments as they may be incompatible with other devices
    Info (176445): Device 10M08DAF484I7G is compatible
    Info (176445): Device 10M08DAF484I7P is compatible
    Info (176445): Device 10M16DAF484A7G is compatible
    Info (176445): Device 10M16DAF484C7G is compatible
    Info (176445): Device 10M16DAF484I7G is compatible
    Info (176445): Device 10M16DAF484I7P is compatible
    Info (176445): Device 10M25DAF484A7G is compatible
    Info (176445): Device 10M25DAF484C7G is compatible
    Info (176445): Device 10M25DAF484I7G is compatible
    Info (176445): Device 10M50DAF484I7G is compatible
    Info (176445): Device 10M50DAF484I7P is compatible
    Info (176445): Device 10M40DAF484C7G is compatible
    Info (176445): Device 10M40DAF484I7G is compatible
Info (169124): Fitter converted 8 user pins into dedicated programming pins
    Info (169125): Pin ~ALTERA_TMS~ is reserved at location H2
    Info (169125): Pin ~ALTERA_TCK~ is reserved at location G2
    Info (169125): Pin ~ALTERA_TDI~ is reserved at location L4
    Info (169125): Pin ~ALTERA_TDO~ is reserved at location M5
    Info (169125): Pin ~ALTERA_CONFIG_SEL~ is reserved at location H10
    Info (169125): Pin ~ALTERA_nCONFIG~ is reserved at location H9
    Info (169125): Pin ~ALTERA_nSTATUS~ is reserved at location G9
    Info (169125): Pin ~ALTERA_CONF_DONE~ is reserved at location F8
Info (169141): DATA[0] dual-purpose pin not reserved
Info (12825): Data[1]/ASDO dual-purpose pin not reserved
Info (12825): nCSO dual-purpose pin not reserved
Info (12825): DCLK dual-purpose pin not reserved
Warning (15714): Some pins have incomplete I/O assignments. Refer to the I/O Assignment Warnings report for details
Info (332104): Reading SDC File: '../../src/top_fpga.sdc'
Info (332151): Clock uncertainty is not calculated until you update the timing netlist.
Info (332154): The derive_clock_uncertainty command did not apply clock uncertainty to any clock-to-clock transfers.
Info (332129): Detected timing requirements -- optimizing circuit to achieve only the specified requirements
Info (332111): Found 1 clocks
    Info (332111):   Period   Clock Name
    Info (332111): ======== ============
    Info (332111):   20.000          CLK
Info (176233): Starting register packing
Info (176235): Finished register packing
    Extra Info (176219): No registers were packed into other blocks
Info (171121): Fitter preparation operations ending: elapsed time is 00:00:02
Info (14896): Fitter has disabled Advanced Physical Optimization because it is not supported for the current family.
Info (170189): Fitter placement preparation operations beginning
Info (170190): Fitter placement preparation operations ending: elapsed time is 00:00:00
Info (170191): Fitter placement operations beginning
Info (170137): Fitter placement was successful
Info (170192): Fitter placement operations ending: elapsed time is 00:00:03
Info (170193): Fitter routing operations beginning
Info (170195): Router estimated average interconnect usage is 4% of the available device resources
    Info (170196): Router estimated peak interconnect usage is 48% of the available device resources in the region that extends from location X56_Y44 to location X66_Y54
Info (170199): The Fitter performed an Auto Fit compilation.  Optimizations were skipped to reduce compilation time.
    Info (170201): Optimizations that may affect the design's routability were skipped
    Info (170200): Optimizations that may affect the design's timing were skipped
Info (170194): Fitter routing operations ending: elapsed time is 00:00:05
Info (11888): Total time spent on timing analysis during the Fitter is 1.79 seconds.
Info (334003): Started post-fitting delay annotation
Info (334004): Delay annotation completed successfully
Info (334003): Started post-fitting delay annotation
Info (334004): Delay annotation completed successfully
Info (11218): Fitter post-fit operations ending: elapsed time is 00:00:03
Info (144001): Generated suppressed messages file C:/Users/yraies/Documents/ELE344_Projet2_TESV_RAIY/syn/top_fpga/output_files/top_fpga.fit.smsg
Info: Quartus Prime Fitter was successful. 0 errors, 2 warnings
    Info: Peak virtual memory: 5996 megabytes
    Info: Processing ended: Sun Mar 16 14:42:10 2025
    Info: Elapsed time: 00:00:17
    Info: Total CPU time (on all processors): 00:00:32


+----------------------------+
; Fitter Suppressed Messages ;
+----------------------------+
The suppressed messages can be found in C:/Users/yraies/Documents/ELE344_Projet2_TESV_RAIY/syn/top_fpga/output_files/top_fpga.fit.smsg.


